ISO-10303-21;
HEADER;
FILE_DESCRIPTION(('Open CASCADE Model'),'2;1');
FILE_NAME('Open CASCADE Shape Model','2026-09-24T22:16:46',('Author'),(
    'Open CASCADE'),'Open CASCADE STEP processor 8.0','build123d',
  'Unknown');
FILE_SCHEMA(('AUTOMOTIVE_DESIGN { 1 0 10303 214 1 1 1 1 }'));
ENDSEC;
DATA;
#1 = APPLICATION_PROTOCOL_DEFINITION('international standard',
  'automotive_design',2000,#2);
#2 = APPLICATION_CONTEXT(
  'core data for automotive mechanical design processes');
#3 = SHAPE_DEFINITION_REPRESENTATION(#4,#10);
#4 = PRODUCT_DEFINITION_SHAPE('','',#5);
#5 = PRODUCT_DEFINITION('design','',#6,#9);
#6 = PRODUCT_DEFINITION_FORMATION('','',#7);
#7 = PRODUCT('COMPOUND','COMPOUND','',(#8));
#8 = PRODUCT_CONTEXT('',#2,'mechanical');
#9 = PRODUCT_DEFINITION_CONTEXT('part definition',#2,'design');
#10 = ADVANCED_BREP_SHAPE_REPRESENTATION('',(#11,#15),#11064);
#11 = AXIS2_PLACEMENT_3D('',#12,#13,#14);
#12 = CARTESIAN_POINT('',(0.,0.,0.));
#13 = DIRECTION('',(0.,0.,1.));
#14 = DIRECTION('',(1.,0.,-0.));
#15 = MANIFOLD_SOLID_BREP('',#16);
#16 = CLOSED_SHELL('',(#17,#2425,#2508,#2591,#2763,#3309,#3364,#3530,
    #3636,#3734,#4245,#4319,#4482,#4536,#4634,#4687,#4761,#4794,#4848,
    #4901,#5205,#5259,#5314,#7659,#7687,#7741,#7794,#7982,#8015,#8309,
    #8367,#8438,#8473,#8578,#8766,#8848,#8898,#8952,#9023,#9072,#9173,
    #9201,#9227,#9773,#9850,#9857,#9864,#9890,#9916,#9922,#9949,#9984,
    #10048,#10492,#10537,#10640,#10666,#10730,#10756,#10801,#10808,
    #10890,#10897,#10951,#10958,#10984,#10991,#11024,#11031,#11057));
#17 = ADVANCED_FACE('',(#18),#32,.T.);
#18 = FACE_BOUND('',#19,.T.);
#19 = EDGE_LOOP('',(#20,#55,#83,#111,#139,#1142,#1170,#1198,#1226,#1255,
    #1283,#1312,#1340,#1368,#1396,#2399));
#20 = ORIENTED_EDGE('',*,*,#21,.F.);
#21 = EDGE_CURVE('',#22,#24,#26,.T.);
#22 = VERTEX_POINT('',#23);
#23 = CARTESIAN_POINT('',(152.5,124.,0.));
#24 = VERTEX_POINT('',#25);
#25 = CARTESIAN_POINT('',(152.5,124.,42.));
#26 = SURFACE_CURVE('',#27,(#31,#43),.PCURVE_S1.);
#27 = LINE('',#28,#29);
#28 = CARTESIAN_POINT('',(152.5,124.,0.));
#29 = VECTOR('',#30,1.);
#30 = DIRECTION('',(0.,0.,1.));
#31 = PCURVE('',#32,#37);
#32 = PLANE('',#33);
#33 = AXIS2_PLACEMENT_3D('',#34,#35,#36);
#34 = CARTESIAN_POINT('',(-207.5,124.,0.));
#35 = DIRECTION('',(-0.,1.,0.));
#36 = DIRECTION('',(0.,0.,1.));
#37 = DEFINITIONAL_REPRESENTATION('',(#38),#42);
#38 = LINE('',#39,#40);
#39 = CARTESIAN_POINT('',(0.,360.));
#40 = VECTOR('',#41,1.);
#41 = DIRECTION('',(1.,0.));
#42 = ( GEOMETRIC_REPRESENTATION_CONTEXT(2) 
PARAMETRIC_REPRESENTATION_CONTEXT() REPRESENTATION_CONTEXT('2D SPACE',''
  ) );
#43 = PCURVE('',#44,#49);
#44 = CYLINDRICAL_SURFACE('',#45,55.);
#45 = AXIS2_PLACEMENT_3D('',#46,#47,#48);
#46 = CARTESIAN_POINT('',(152.5,69.,0.));
#47 = DIRECTION('',(0.,0.,1.));
#48 = DIRECTION('',(1.,0.,-0.));
#49 = DEFINITIONAL_REPRESENTATION('',(#50),#54);
#50 = LINE('',#51,#52);
#51 = CARTESIAN_POINT('',(1.570796326795,0.));
#52 = VECTOR('',#53,1.);
#53 = DIRECTION('',(0.,1.));
#54 = ( GEOMETRIC_REPRESENTATION_CONTEXT(2) 
PARAMETRIC_REPRESENTATION_CONTEXT() REPRESENTATION_CONTEXT('2D SPACE',''
  ) );
#55 = ORIENTED_EDGE('',*,*,#56,.F.);
#56 = EDGE_CURVE('',#57,#22,#59,.T.);
#57 = VERTEX_POINT('',#58);
#58 = CARTESIAN_POINT('',(-152.5,124.,0.));
#59 = SURFACE_CURVE('',#60,(#64,#71),.PCURVE_S1.);
#60 = LINE('',#61,#62);
#61 = CARTESIAN_POINT('',(-152.5,124.,0.));
#62 = VECTOR('',#63,1.);
#63 = DIRECTION('',(1.,0.,0.));
#64 = PCURVE('',#32,#65);
#65 = DEFINITIONAL_REPRESENTATION('',(#66),#70);
#66 = LINE('',#67,#68);
#67 = CARTESIAN_POINT('',(0.,55.));
#68 = VECTOR('',#69,1.);
#69 = DIRECTION('',(0.,1.));
#70 = ( GEOMETRIC_REPRESENTATION_CONTEXT(2) 
PARAMETRIC_REPRESENTATION_CONTEXT() REPRESENTATION_CONTEXT('2D SPACE',''
  ) );
#71 = PCURVE('',#72,#77);
#72 = PLANE('',#73);
#73 = AXIS2_PLACEMENT_3D('',#74,#75,#76);
#74 = CARTESIAN_POINT('',(-207.5,-124.,0.));
#75 = DIRECTION('',(0.,0.,1.));
#76 = DIRECTION('',(1.,0.,-0.));
#77 = DEFINITIONAL_REPRESENTATION('',(#78),#82);
#78 = LINE('',#79,#80);
#79 = CARTESIAN_POINT('',(55.,248.));
#80 = VECTOR('',#81,1.);
#81 = DIRECTION('',(1.,0.));
#82 = ( GEOMETRIC_REPRESENTATION_CONTEXT(2) 
PARAMETRIC_REPRESENTATION_CONTEXT() REPRESENTATION_CONTEXT('2D SPACE',''
  ) );
#83 = ORIENTED_EDGE('',*,*,#84,.T.);
#84 = EDGE_CURVE('',#57,#85,#87,.T.);
#85 = VERTEX_POINT('',#86);
#86 = CARTESIAN_POINT('',(-152.5,124.,42.));
#87 = SURFACE_CURVE('',#88,(#92,#99),.PCURVE_S1.);
#88 = LINE('',#89,#90);
#89 = CARTESIAN_POINT('',(-152.5,124.,0.));
#90 = VECTOR('',#91,1.);
#91 = DIRECTION('',(0.,0.,1.));
#92 = PCURVE('',#32,#93);
#93 = DEFINITIONAL_REPRESENTATION('',(#94),#98);
#94 = LINE('',#95,#96);
#95 = CARTESIAN_POINT('',(0.,55.));
#96 = VECTOR('',#97,1.);
#97 = DIRECTION('',(1.,0.));
#98 = ( GEOMETRIC_REPRESENTATION_CONTEXT(2) 
PARAMETRIC_REPRESENTATION_CONTEXT() REPRESENTATION_CONTEXT('2D SPACE',''
  ) );
#99 = PCURVE('',#100,#105);
#100 = CYLINDRICAL_SURFACE('',#101,55.);
#101 = AXIS2_PLACEMENT_3D('',#102,#103,#104);
#102 = CARTESIAN_POINT('',(-152.5,69.,0.));
#103 = DIRECTION('',(0.,0.,1.));
#104 = DIRECTION('',(-1.,-0.,0.));
#105 = DEFINITIONAL_REPRESENTATION('',(#106),#110);
#106 = LINE('',#107,#108);
#107 = CARTESIAN_POINT('',(-1.570796326795,0.));
#108 = VECTOR('',#109,1.);
#109 = DIRECTION('',(-0.,1.));
#110 = ( GEOMETRIC_REPRESENTATION_CONTEXT(2) 
PARAMETRIC_REPRESENTATION_CONTEXT() REPRESENTATION_CONTEXT('2D SPACE',''
  ) );
#111 = ORIENTED_EDGE('',*,*,#112,.T.);
#112 = EDGE_CURVE('',#85,#113,#115,.T.);
#113 = VERTEX_POINT('',#114);
#114 = CARTESIAN_POINT('',(-120.8646493323,124.,42.));
#115 = SURFACE_CURVE('',#116,(#120,#127),.PCURVE_S1.);
#116 = LINE('',#117,#118);
#117 = CARTESIAN_POINT('',(-152.5,124.,42.));
#118 = VECTOR('',#119,1.);
#119 = DIRECTION('',(1.,0.,-0.));
#120 = PCURVE('',#32,#121);
#121 = DEFINITIONAL_REPRESENTATION('',(#122),#126);
#122 = LINE('',#123,#124);
#123 = CARTESIAN_POINT('',(42.,55.));
#124 = VECTOR('',#125,1.);
#125 = DIRECTION('',(0.,1.));
#126 = ( GEOMETRIC_REPRESENTATION_CONTEXT(2) 
PARAMETRIC_REPRESENTATION_CONTEXT() REPRESENTATION_CONTEXT('2D SPACE',''
  ) );
#127 = PCURVE('',#128,#133);
#128 = CYLINDRICAL_SURFACE('',#129,8.);
#129 = AXIS2_PLACEMENT_3D('',#130,#131,#132);
#130 = CARTESIAN_POINT('',(-152.5,116.,42.));
#131 = DIRECTION('',(1.,0.,-0.));
#132 = DIRECTION('',(0.,1.,0.));
#133 = DEFINITIONAL_REPRESENTATION('',(#134),#138);
#134 = LINE('',#135,#136);
#135 = CARTESIAN_POINT('',(0.,0.));
#136 = VECTOR('',#137,1.);
#137 = DIRECTION('',(0.,1.));
#138 = ( GEOMETRIC_REPRESENTATION_CONTEXT(2) 
PARAMETRIC_REPRESENTATION_CONTEXT() REPRESENTATION_CONTEXT('2D SPACE',''
  ) );
#139 = ORIENTED_EDGE('',*,*,#140,.T.);
#140 = EDGE_CURVE('',#113,#141,#143,.T.);
#141 = VERTEX_POINT('',#142);
#142 = CARTESIAN_POINT('',(-76.96827990577,124.,78.));
#143 = SURFACE_CURVE('',#144,(#342,#543),.PCURVE_S1.);
#144 = ( BOUNDED_CURVE() B_SPLINE_CURVE(14,(#145,#146,#147,#148,#149,
    #150,#151,#152,#153,#154,#155,#156,#157,#158,#159,#160,#161,#162,
    #163,#164,#165,#166,#167,#168,#169,#170,#171,#172,#173,#174,#175,
    #176,#177,#178,#179,#180,#181,#182,#183,#184,#185,#186,#187,#188,
    #189,#190,#191,#192,#193,#194,#195,#196,#197,#198,#199,#200,#201,
    #202,#203,#204,#205,#206,#207,#208,#209,#210,#211,#212,#213,#214,
    #215,#216,#217,#218,#219,#220,#221,#222,#223,#224,#225,#226,#227,
    #228,#229,#230,#231,#232,#233,#234,#235,#236,#237,#238,#239,#240,
    #241,#242,#243,#244,#245,#246,#247,#248,#249,#250,#251,#252,#253,
    #254,#255,#256,#257,#258,#259,#260,#261,#262,#263,#264,#265,#266,
    #267,#268,#269,#270,#271,#272,#273,#274,#275,#276,#277,#278,#279,
    #280,#281,#282,#283,#284,#285,#286,#287,#288,#289,#290,#291,#292,
    #293,#294,#295,#296,#297,#298,#299,#300,#301,#302,#303,#304,#305,
    #306,#307,#308,#309,#310,#311,#312,#313,#314,#315,#316,#317,#318,
    #319,#320,#321,#322,#323,#324,#325,#326,#327,#328,#329,#330,#331,
    #332,#333,#334,#335,#336,#337,#338,#339,#340,#341),.UNSPECIFIED.,.F.
,.F.) B_SPLINE_CURVE_WITH_KNOTS((15,13,13,13,13,13,13,13,13,13,13,13,13,
    13,13,15),(428.48554052993,430.77822384459,456.58948524186,
    469.75113452041,473.04154684004,476.33195915968,479.62237147931,
    481.26757763913,482.09018071904,482.50148225899,482.70713302897,
    482.80995841396,482.86137110645,482.8870774527,482.89993062582,
482.91278379895),.UNSPECIFIED.) CURVE() GEOMETRIC_REPRESENTATION_ITEM() 
RATIONAL_B_SPLINE_CURVE((1.,1.000000000001,0.999999999996,1.000000000011
    ,0.999999999978,1.000000000036,0.999999999953,1.00000000005,
    0.999999999956,1.000000000031,0.999999999982,1.000000000008,
    0.999999999998,1.,0.999999999999,1.000000000006,0.999999999985,
    1.00000000003,0.999999999952,1.000000000062,0.999999999934,
    1.000000000058,0.999999999958,1.000000000024,0.999999999989,
    1.000000000004,0.999999999999,1.,0.999999999999,1.000000000003,
    0.999999999994,1.00000000001,0.999999999987,1.000000000014,
    0.999999999988,1.000000000009,0.999999999994,1.000000000003,
    0.999999999999,1.,1.,1.000000000001,0.999999999996,1.000000000008,
    0.999999999985,1.000000000021,0.999999999976,1.000000000023,
    0.999999999983,1.00000000001,0.999999999995,1.000000000002,1.,1.,
    0.999999999999,1.000000000001,0.999999999997,1.000000000004,
    0.999999999995,1.000000000005,0.999999999996,1.000000000003,
    0.999999999998,1.000000000001,1.,1.,1.,0.999999999999,1.000000000004
    ,0.999999999991,1.000000000014,0.999999999981,1.00000000002,
    0.999999999982,1.000000000013,0.999999999992,1.000000000004,
    0.999999999999,1.,1.,1.000000000001,0.999999999999,1.000000000003,
    0.999999999995,1.000000000006,0.999999999993,1.000000000006,
    0.999999999995,1.000000000003,0.999999999998,1.000000000001,1.,1.,
    0.999999999997,1.000000000008,0.999999999985,1.000000000024,
    0.999999999971,1.000000000029,0.999999999976,1.000000000016,
    0.999999999991,1.000000000003,0.999999999999,1.,1.,0.999999999997,
    1.000000000008,0.999999999983,1.000000000029,0.999999999962,
    1.000000000041,0.999999999964,1.000000000026,0.999999999985,
    1.000000000007,0.999999999998,1.,1.,0.999999999999,1.000000000002,
    0.999999999995,1.000000000009,0.999999999987,1.000000000015,
    0.999999999986,1.000000000011,0.999999999993,1.000000000004,
    0.999999999999,1.,1.,1.000000000001,0.999999999997,1.000000000008,
    0.999999999986,1.000000000019,0.999999999978,1.000000000021,
    0.999999999984,1.00000000001,0.999999999995,1.000000000002,
    0.999999999999,1.,0.999999999997,1.000000000008,0.999999999982,
    1.000000000029,0.999999999962,1.00000000004,0.999999999966,
    1.000000000025,0.999999999986,1.000000000007,0.999999999998,
    1.000000000001,1.,1.000000000002,0.999999999994,1.000000000012,
    0.999999999982,1.000000000024,0.999999999976,1.000000000021,
    0.999999999985,1.000000000008,0.999999999996,1.000000000001,1.,1.,1.
    ,0.999999999998,1.000000000005,0.99999999999,1.000000000014,
    0.999999999984,1.000000000015,0.999999999988,1.000000000007,
    0.999999999997,1.000000000001,1.,1.,1.,1.000000000001,0.999999999998
    ,1.000000000005,0.999999999991,1.000000000011,0.999999999989,
    1.000000000009,0.999999999995,1.000000000003,0.999999999999,1.,1.)) 
REPRESENTATION_ITEM('') );
#145 = CARTESIAN_POINT('',(-120.8646493323,124.,42.));
#146 = CARTESIAN_POINT('',(-120.6998971834,124.,42.000000000003));
#147 = CARTESIAN_POINT('',(-120.5351546854,124.,42.000987512751));
#148 = CARTESIAN_POINT('',(-120.3704066309,124.,42.003001671681));
#149 = CARTESIAN_POINT('',(-120.2056569611,124.,42.0060238125));
#150 = CARTESIAN_POINT('',(-120.0409153061,124.,42.010031094234));
#151 = CARTESIAN_POINT('',(-119.876257203,124.,42.015019013581));
#152 = CARTESIAN_POINT('',(-119.7118860957,123.99999999999,
    42.021001826607));
#153 = CARTESIAN_POINT('',(-119.5481251878,124.,42.027999864016));
#154 = CARTESIAN_POINT('',(-119.3852672692,123.99999999999,
    42.036022766443));
#155 = CARTESIAN_POINT('',(-119.2232105739,124.,42.045057616112));
#156 = CARTESIAN_POINT('',(-119.0608087954,123.99999999999,
    42.055070995152));
#157 = CARTESIAN_POINT('',(-118.8948633211,124.,42.066033950654));
#158 = CARTESIAN_POINT('',(-118.7186858011,124.,42.077978886835));
#159 = CARTESIAN_POINT('',(-116.2851256859,124.,42.238786670225));
#160 = CARTESIAN_POINT('',(-114.0067610721,124.,42.529255487747));
#161 = CARTESIAN_POINT('',(-111.7781622689,123.99999999999,
    42.972892186103));
#162 = CARTESIAN_POINT('',(-109.6158757674,124.00000000001,
    43.555359570758));
#163 = CARTESIAN_POINT('',(-107.4815247103,123.99999999998,
    44.264608756655));
#164 = CARTESIAN_POINT('',(-105.4352843029,124.00000000002,
    45.101285064244));
#165 = CARTESIAN_POINT('',(-103.4638350074,123.99999999996,
    46.045173452866));
#166 = CARTESIAN_POINT('',(-101.5681905401,124.00000000003,
    47.087494749016));
#167 = CARTESIAN_POINT('',(-99.75947585718,123.99999999997,
    48.230789688372));
#168 = CARTESIAN_POINT('',(-98.01792621747,124.00000000001,
    49.45978383217));
#169 = CARTESIAN_POINT('',(-96.37300902962,123.99999999999,
    50.752730735551));
#170 = CARTESIAN_POINT('',(-94.81477450871,124.,52.101291836179));
#171 = CARTESIAN_POINT('',(-93.33458614306,124.,53.516055277435));
#172 = CARTESIAN_POINT('',(-91.19348673606,124.,55.729935747073));
#173 = CARTESIAN_POINT('',(-90.50164266074,124.,56.481547803001));
#174 = CARTESIAN_POINT('',(-89.82772023648,123.99999999999,
    57.245602660881));
#175 = CARTESIAN_POINT('',(-89.1679896828,124.00000000001,
    58.023977861553));
#176 = CARTESIAN_POINT('',(-88.52312985148,123.99999999998,
    58.81498582953));
#177 = CARTESIAN_POINT('',(-87.89504129032,124.00000000002,
    59.615607023527));
#178 = CARTESIAN_POINT('',(-87.28514318917,123.99999999997,
    60.422952904079));
#179 = CARTESIAN_POINT('',(-86.69371600016,124.00000000002,
    61.23503553631));
#180 = CARTESIAN_POINT('',(-86.11991492753,123.99999999998,
    62.05095702409));
#181 = CARTESIAN_POINT('',(-85.56214291639,124.00000000001,
    62.870668348444));
#182 = CARTESIAN_POINT('',(-85.01853516982,123.99999999999,
    63.694483560031));
#183 = CARTESIAN_POINT('',(-84.48737065658,124.,64.522571653665));
#184 = CARTESIAN_POINT('',(-83.96728947687,124.,65.354684828603));
#185 = CARTESIAN_POINT('',(-83.32975060466,124.,66.399351563966));
#186 = CARTESIAN_POINT('',(-83.20287005642,124.,66.608511415917));
#187 = CARTESIAN_POINT('',(-83.07660223607,123.99999999999,
    66.817888606569));
#188 = CARTESIAN_POINT('',(-82.95093373429,124.,67.027473108086));
#189 = CARTESIAN_POINT('',(-82.82585223125,123.99999999999,
    67.237254030628));
#190 = CARTESIAN_POINT('',(-82.70134649558,124.,67.447219623055));
#191 = CARTESIAN_POINT('',(-82.57740638616,123.99999999999,
    67.657357271768));
#192 = CARTESIAN_POINT('',(-82.45402284956,124.,67.867653502291));
#193 = CARTESIAN_POINT('',(-82.33118792308,123.99999999999,
    68.078093977453));
#194 = CARTESIAN_POINT('',(-82.20889473171,124.,68.288663499162));
#195 = CARTESIAN_POINT('',(-82.0871374907,123.99999999999,
    68.499346006933));
#196 = CARTESIAN_POINT('',(-81.96591150373,124.,68.710124578922));
#197 = CARTESIAN_POINT('',(-81.845213164,124.,68.920981431316));
#198 = CARTESIAN_POINT('',(-81.60486674338,124.,69.342814405947));
#199 = CARTESIAN_POINT('',(-81.48521706822,123.99999999999,
    69.553792919332));
#200 = CARTESIAN_POINT('',(-81.36608630813,124.,69.76481752834));
#201 = CARTESIAN_POINT('',(-81.24747690315,123.99999999999,
    69.975878086849));
#202 = CARTESIAN_POINT('',(-81.12939565448,124.00000000001,
    70.186968656858));
#203 = CARTESIAN_POINT('',(-81.01185128876,123.99999999998,
    70.398086135178));
#204 = CARTESIAN_POINT('',(-80.89485228309,124.00000000001,
    70.609229083257));
#205 = CARTESIAN_POINT('',(-80.77840495458,123.99999999999,
    70.820396759675));
#206 = CARTESIAN_POINT('',(-80.66251180953,124.,71.031588356096));
#207 = CARTESIAN_POINT('',(-80.54717015779,123.99999999999,
    71.242802435546));
#208 = CARTESIAN_POINT('',(-80.4323709868,124.,71.454036574388));
#209 = CARTESIAN_POINT('',(-80.31809810003,123.99999999999,
    71.665287206592));
#210 = CARTESIAN_POINT('',(-80.20432751633,124.,71.876549671512));
#211 = CARTESIAN_POINT('',(-79.97772674853,124.,72.299087257042));
#212 = CARTESIAN_POINT('',(-79.86489685132,124.,72.510364974559));
#213 = CARTESIAN_POINT('',(-79.75250731637,123.99999999999,
    72.721643359488));
#214 = CARTESIAN_POINT('',(-79.64052054609,124.00000000001,
    72.93291640329));
#215 = CARTESIAN_POINT('',(-79.52889278841,123.99999999998,
    73.144180223782));
#216 = CARTESIAN_POINT('',(-79.41757545443,124.00000000002,
    73.355432945027));
#217 = CARTESIAN_POINT('',(-79.30651643804,123.99999999997,
    73.566674573096));
#218 = CARTESIAN_POINT('',(-79.19566143233,124.00000000002,
    73.777906877941));
#219 = CARTESIAN_POINT('',(-79.08495525039,123.99999999998,
    73.989133267598));
#220 = CARTESIAN_POINT('',(-78.97434314096,124.00000000001,
    74.200358670607));
#221 = CARTESIAN_POINT('',(-78.86377210934,123.99999999999,
    74.411589410895));
#222 = CARTESIAN_POINT('',(-78.75319223367,124.,74.622833088578));
#223 = CARTESIAN_POINT('',(-78.64255798464,124.,74.834098456795));
#224 = CARTESIAN_POINT('',(-78.47646532232,124.,75.151043722801));
#225 = CARTESIAN_POINT('',(-78.42107824935,124.,75.256698347561));
#226 = CARTESIAN_POINT('',(-78.36566271288,124.,75.362360773407));
#227 = CARTESIAN_POINT('',(-78.31021375008,123.99999999999,
    75.468032025829));
#228 = CARTESIAN_POINT('',(-78.2547270465,124.,75.573712558217));
#229 = CARTESIAN_POINT('',(-78.19919893615,123.99999999999,
    75.679402250368));
#230 = CARTESIAN_POINT('',(-78.14362640156,124.,75.785100410964));
#231 = CARTESIAN_POINT('',(-78.08800707342,123.99999999999,
    75.890805774138));
#232 = CARTESIAN_POINT('',(-78.03233923131,124.,75.996516503491));
#233 = CARTESIAN_POINT('',(-77.97662180273,123.99999999999,
    76.102230188107));
#234 = CARTESIAN_POINT('',(-77.92085436407,124.,76.2079438459));
#235 = CARTESIAN_POINT('',(-77.86503713982,124.,76.313653921254));
#236 = CARTESIAN_POINT('',(-77.80917100311,124.,76.419356286394));
#237 = CARTESIAN_POINT('',(-77.72530071155,124.,76.577891217937));
#238 = CARTESIAN_POINT('',(-77.69733145033,124.,76.630733758723));
#239 = CARTESIAN_POINT('',(-77.6693503795,123.99999999999,
    76.683572692703));
#240 = CARTESIAN_POINT('',(-77.64135818701,124.,76.736406849015));
#241 = CARTESIAN_POINT('',(-77.61335556036,123.99999999999,
    76.789235057899));
#242 = CARTESIAN_POINT('',(-77.58534318792,124.,76.842056147486));
#243 = CARTESIAN_POINT('',(-77.55732175662,123.99999999999,
    76.894868949219));
#244 = CARTESIAN_POINT('',(-77.52929195539,124.,76.947672290179));
#245 = CARTESIAN_POINT('',(-77.50125447084,124.,77.000465002312));
#246 = CARTESIAN_POINT('',(-77.47320999185,123.99999999999,
    77.053245912959));
#247 = CARTESIAN_POINT('',(-77.44515920543,124.,77.106013853145));
#248 = CARTESIAN_POINT('',(-77.41710279986,124.,77.158767651431));
#249 = CARTESIAN_POINT('',(-77.38904146273,124.,77.211506137729));
#250 = CARTESIAN_POINT('',(-77.34694309151,124.,77.290589143184));
#251 = CARTESIAN_POINT('',(-77.33290939593,123.99999999999,
    77.316945850273));
#252 = CARTESIAN_POINT('',(-77.31887497512,124.,77.343298008397));
#253 = CARTESIAN_POINT('',(-77.304840009,123.99999999998,77.369645363237
    ));
#254 = CARTESIAN_POINT('',(-77.29080467754,124.00000000001,
    77.395987660712));
#255 = CARTESIAN_POINT('',(-77.27676916055,123.99999999997,
    77.422324646253));
#256 = CARTESIAN_POINT('',(-77.26273363822,124.00000000002,
    77.448656066087));
#257 = CARTESIAN_POINT('',(-77.24869829009,123.99999999997,
    77.474981665369));
#258 = CARTESIAN_POINT('',(-77.23466329656,124.00000000001,
    77.501301190465));
#259 = CARTESIAN_POINT('',(-77.22062883711,123.99999999999,
    77.527614386584));
#260 = CARTESIAN_POINT('',(-77.20659509202,124.,77.553920999871));
#261 = CARTESIAN_POINT('',(-77.19256224101,123.99999999999,
    77.580220775836));
#262 = CARTESIAN_POINT('',(-77.17853046412,124.,77.606513460342));
#263 = CARTESIAN_POINT('',(-77.1574846798,124.,77.645941468475));
#264 = CARTESIAN_POINT('',(-77.15046974517,124.,77.659082285877));
#265 = CARTESIAN_POINT('',(-77.14345516718,123.99999999999,
    77.672221211042));
#266 = CARTESIAN_POINT('',(-77.13644097512,124.,77.685358203671));
#267 = CARTESIAN_POINT('',(-77.12942719957,123.99999999999,
    77.698493223554));
#268 = CARTESIAN_POINT('',(-77.1224138687,124.,77.711626230341));
#269 = CARTESIAN_POINT('',(-77.11540101435,123.99999999999,
    77.724757183834));
#270 = CARTESIAN_POINT('',(-77.10838866371,124.,77.737886043741));
#271 = CARTESIAN_POINT('',(-77.10137684894,123.99999999999,
    77.751012769742));
#272 = CARTESIAN_POINT('',(-77.09436559769,124.,77.764137321679));
#273 = CARTESIAN_POINT('',(-77.08735494107,123.99999999999,
    77.777259659152));
#274 = CARTESIAN_POINT('',(-77.08034490797,124.,77.790379742));
#275 = CARTESIAN_POINT('',(-77.07333552846,124.,77.803497529885));
#276 = CARTESIAN_POINT('',(-77.06282248391,124.,77.823170708913));
#277 = CARTESIAN_POINT('',(-77.05931830749,123.99999999999,
    77.829727850311));
#278 = CARTESIAN_POINT('',(-77.05581430699,124.,77.836284401201));
#279 = CARTESIAN_POINT('',(-77.0523104867,123.99999999999,
    77.842840355787));
#280 = CARTESIAN_POINT('',(-77.04880685069,124.00000000001,
    77.84939570882));
#281 = CARTESIAN_POINT('',(-77.04530340338,123.99999999997,
    77.855950454035));
#282 = CARTESIAN_POINT('',(-77.04180014867,124.00000000002,
    77.86250458672));
#283 = CARTESIAN_POINT('',(-77.03829709111,123.99999999997,
    77.869058100171));
#284 = CARTESIAN_POINT('',(-77.0347942346,124.00000000002,
    77.875610989848));
#285 = CARTESIAN_POINT('',(-77.03129158357,123.99999999998,
    77.882163249214));
#286 = CARTESIAN_POINT('',(-77.02778914208,124.,77.888714873294));
#287 = CARTESIAN_POINT('',(-77.02428691441,123.99999999999,
    77.895265856088));
#288 = CARTESIAN_POINT('',(-77.02078490474,124.,77.901816192146));
#289 = CARTESIAN_POINT('',(-77.01553222355,124.,77.911640717612));
#290 = CARTESIAN_POINT('',(-77.01378138544,124.,77.914915396249));
#291 = CARTESIAN_POINT('',(-77.01203060348,123.99999999999,
    77.918189911007));
#292 = CARTESIAN_POINT('',(-77.01027987833,124.,77.921464260992));
#293 = CARTESIAN_POINT('',(-77.00852921029,123.99999999998,
    77.924738445808));
#294 = CARTESIAN_POINT('',(-77.00677860041,124.00000000002,
    77.928012464104));
#295 = CARTESIAN_POINT('',(-77.00502804849,123.99999999997,
    77.931286316012));
#296 = CARTESIAN_POINT('',(-77.00327755606,124.00000000002,
    77.934559999753));
#297 = CARTESIAN_POINT('',(-77.00152712263,123.99999999998,
    77.937833515612));
#298 = CARTESIAN_POINT('',(-76.99977674969,124.00000000001,
    77.941106862004));
#299 = CARTESIAN_POINT('',(-76.99802643712,123.99999999999,
    77.944380038757));
#300 = CARTESIAN_POINT('',(-76.99627618589,124.,77.94765304482));
#301 = CARTESIAN_POINT('',(-76.99452599635,124.,77.950925879581));
#302 = CARTESIAN_POINT('',(-76.99190080552,124.,77.955834873603));
#303 = CARTESIAN_POINT('',(-76.99102575749,123.99999999999,
    77.957471161905));
#304 = CARTESIAN_POINT('',(-76.99015072511,124.,77.959107407156));
#305 = CARTESIAN_POINT('',(-76.98927570848,123.99999999999,
    77.960743609002));
#306 = CARTESIAN_POINT('',(-76.98840070759,124.00000000001,
    77.962379767943));
#307 = CARTESIAN_POINT('',(-76.98752572265,123.99999999998,
    77.964015882795));
#308 = CARTESIAN_POINT('',(-76.98665075357,124.00000000001,
    77.965651955102));
#309 = CARTESIAN_POINT('',(-76.98577580056,123.99999999998,
    77.967287982706));
#310 = CARTESIAN_POINT('',(-76.98490086361,124.00000000001,
    77.968923967691));
#311 = CARTESIAN_POINT('',(-76.98402594281,123.99999999999,
    77.970559908034));
#312 = CARTESIAN_POINT('',(-76.98315103825,124.,77.972195805057));
#313 = CARTESIAN_POINT('',(-76.98227614998,123.99999999999,
    77.973831657812));
#314 = CARTESIAN_POINT('',(-76.98140127808,124.,77.975467466612));
#315 = CARTESIAN_POINT('',(-76.9800889949,124.,77.977921113518));
#316 = CARTESIAN_POINT('',(-76.97965157128,124.,77.978738984785));
#317 = CARTESIAN_POINT('',(-76.97921415181,123.99999999999,
    77.979556844983));
#318 = CARTESIAN_POINT('',(-76.9787767364,124.,77.980374694139));
#319 = CARTESIAN_POINT('',(-76.97833932525,123.99999999999,
    77.981192532192));
#320 = CARTESIAN_POINT('',(-76.97790191805,124.00000000001,
    77.982010359162));
#321 = CARTESIAN_POINT('',(-76.97746451527,123.99999999998,
    77.982828175067));
#322 = CARTESIAN_POINT('',(-76.97702711637,124.00000000001,
    77.983645979766));
#323 = CARTESIAN_POINT('',(-76.9765897219,123.99999999999,
    77.984463773467));
#324 = CARTESIAN_POINT('',(-76.97615233141,124.,77.985281555902));
#325 = CARTESIAN_POINT('',(-76.97571494526,123.99999999999,
    77.986099327284));
#326 = CARTESIAN_POINT('',(-76.97527756323,124.,77.986917087446));
#327 = CARTESIAN_POINT('',(-76.97484018544,124.,77.987734836459));
#328 = CARTESIAN_POINT('',(-76.97396543828,124.,77.989370312096));
#329 = CARTESIAN_POINT('',(-76.97348865717,123.99999999999,
    77.990156645256));
#330 = CARTESIAN_POINT('',(-76.97339417933,124.,77.991247487872));
#331 = CARTESIAN_POINT('',(-76.97145781146,123.99999999999,
    77.990871156712));
#332 = CARTESIAN_POINT('',(-76.97529028014,124.,77.995089983015));
#333 = CARTESIAN_POINT('',(-76.96614226345,123.99999999999,
    77.988969177043));
#334 = CARTESIAN_POINT('',(-76.97901330432,124.,78.000387657193));
#335 = CARTESIAN_POINT('',(-76.96301232241,123.99999999999,
    77.988808086037));
#336 = CARTESIAN_POINT('',(-76.97661635201,124.,78.000810399734));
#337 = CARTESIAN_POINT('',(-76.96644153169,123.99999999999,
    77.993871633633));
#338 = CARTESIAN_POINT('',(-76.97111009336,124.,77.99875636258));
#339 = CARTESIAN_POINT('',(-76.96872069652,124.,77.998019053345));
#340 = CARTESIAN_POINT('',(-76.96878573388,124.,77.999236811207));
#341 = CARTESIAN_POINT('',(-76.96827990577,124.,78.));
#342 = PCURVE('',#32,#343);
#343 = DEFINITIONAL_REPRESENTATION('',(#344),#542);
#344 = B_SPLINE_CURVE_WITH_KNOTS('',14,(#345,#346,#347,#348,#349,#350,
    #351,#352,#353,#354,#355,#356,#357,#358,#359,#360,#361,#362,#363,
    #364,#365,#366,#367,#368,#369,#370,#371,#372,#373,#374,#375,#376,
    #377,#378,#379,#380,#381,#382,#383,#384,#385,#386,#387,#388,#389,
    #390,#391,#392,#393,#394,#395,#396,#397,#398,#399,#400,#401,#402,
    #403,#404,#405,#406,#407,#408,#409,#410,#411,#412,#413,#414,#415,
    #416,#417,#418,#419,#420,#421,#422,#423,#424,#425,#426,#427,#428,
    #429,#430,#431,#432,#433,#434,#435,#436,#437,#438,#439,#440,#441,
    #442,#443,#444,#445,#446,#447,#448,#449,#450,#451,#452,#453,#454,
    #455,#456,#457,#458,#459,#460,#461,#462,#463,#464,#465,#466,#467,
    #468,#469,#470,#471,#472,#473,#474,#475,#476,#477,#478,#479,#480,
    #481,#482,#483,#484,#485,#486,#487,#488,#489,#490,#491,#492,#493,
    #494,#495,#496,#497,#498,#499,#500,#501,#502,#503,#504,#505,#506,
    #507,#508,#509,#510,#511,#512,#513,#514,#515,#516,#517,#518,#519,
    #520,#521,#522,#523,#524,#525,#526,#527,#528,#529,#530,#531,#532,
    #533,#534,#535,#536,#537,#538,#539,#540,#541),.UNSPECIFIED.,.F.,.F.,
  (15,13,13,13,13,13,13,13,13,13,13,13,13,13,13,15),(428.48554052993,
    430.77822384459,456.58948524186,469.75113452041,473.04154684004,
    476.33195915968,479.62237147931,481.26757763913,482.09018071904,
    482.50148225899,482.70713302897,482.80995841396,482.86137110645,
    482.8870774527,482.89993062582,482.91278379895),.UNSPECIFIED.);
#345 = CARTESIAN_POINT('',(42.,86.635350667629));
#346 = CARTESIAN_POINT('',(42.000000000027,86.80010281659));
#347 = CARTESIAN_POINT('',(42.00098751264,86.964845314145));
#348 = CARTESIAN_POINT('',(42.003001671995,87.129593370203));
#349 = CARTESIAN_POINT('',(42.006023811848,87.294343036465));
#350 = CARTESIAN_POINT('',(42.010031095296,87.459084697783));
#351 = CARTESIAN_POINT('',(42.015019012188,87.623742791672));
#352 = CARTESIAN_POINT('',(42.021001828095,87.788113909935));
#353 = CARTESIAN_POINT('',(42.027999862717,87.951874807131));
#354 = CARTESIAN_POINT('',(42.036022767368,88.114732734365));
#355 = CARTESIAN_POINT('',(42.045057615582,88.276789423896));
#356 = CARTESIAN_POINT('',(42.055070995388,88.439191205486));
#357 = CARTESIAN_POINT('',(42.066033950581,88.605136678534));
#358 = CARTESIAN_POINT('',(42.077978886845,88.781314198895));
#359 = CARTESIAN_POINT('',(42.238786670164,91.214874313887));
#360 = CARTESIAN_POINT('',(42.529255488007,93.493238928541));
#361 = CARTESIAN_POINT('',(42.972892185389,95.721837729234));
#362 = CARTESIAN_POINT('',(43.555359572228,97.884124236193));
#363 = CARTESIAN_POINT('',(44.264608754263,100.0184752836));
#364 = CARTESIAN_POINT('',(45.101285067406,102.06471570509));
#365 = CARTESIAN_POINT('',(46.045173449431,104.03616498369));
#366 = CARTESIAN_POINT('',(47.087494752097,105.93180946774));
#367 = CARTESIAN_POINT('',(48.230789686096,107.74052413696));
#368 = CARTESIAN_POINT('',(49.459783833536,109.48207378602));
#369 = CARTESIAN_POINT('',(50.752730734904,111.12699096874));
#370 = CARTESIAN_POINT('',(52.101291836404,112.68522549184));
#371 = CARTESIAN_POINT('',(53.516055277389,114.16541385682));
#372 = CARTESIAN_POINT('',(55.729935747094,116.30651326397));
#373 = CARTESIAN_POINT('',(56.481547802923,116.9983573391));
#374 = CARTESIAN_POINT('',(57.245602661083,117.67227976386));
#375 = CARTESIAN_POINT('',(58.023977861152,118.33201031652));
#376 = CARTESIAN_POINT('',(58.814985830171,118.97687014955));
#377 = CARTESIAN_POINT('',(59.615607022681,119.60495870832));
#378 = CARTESIAN_POINT('',(60.42295290501,120.21485681228));
#379 = CARTESIAN_POINT('',(61.235035535454,120.8062839985));
#380 = CARTESIAN_POINT('',(62.050957024744,121.38008507348));
#381 = CARTESIAN_POINT('',(62.870668348037,121.93785708296));
#382 = CARTESIAN_POINT('',(63.694483560232,122.48146483049));
#383 = CARTESIAN_POINT('',(64.52257165359,123.01262934328));
#384 = CARTESIAN_POINT('',(65.354684828622,123.53271052316));
#385 = CARTESIAN_POINT('',(66.399351563958,124.17024939531));
#386 = CARTESIAN_POINT('',(66.608511415971,124.29712994369));
#387 = CARTESIAN_POINT('',(66.817888606386,124.4233977635));
#388 = CARTESIAN_POINT('',(67.027473108521,124.5490662667));
#389 = CARTESIAN_POINT('',(67.237254029835,124.67414776696));
#390 = CARTESIAN_POINT('',(67.447219624208,124.79865350696));
#391 = CARTESIAN_POINT('',(67.657357270414,124.92259361089));
#392 = CARTESIAN_POINT('',(67.867653503579,125.04597715318));
#393 = CARTESIAN_POINT('',(68.078093976461,125.16881207483));
#394 = CARTESIAN_POINT('',(68.288663499774,125.29110526955));
#395 = CARTESIAN_POINT('',(68.499346006639,125.41286250869));
#396 = CARTESIAN_POINT('',(68.710124579026,125.53408849647));
#397 = CARTESIAN_POINT('',(68.920981431294,125.65478683595));
#398 = CARTESIAN_POINT('',(69.342814405969,125.89513325665));
#399 = CARTESIAN_POINT('',(69.553792919231,126.01478293161));
#400 = CARTESIAN_POINT('',(69.764817528613,126.13391369226));
#401 = CARTESIAN_POINT('',(69.97587808631,126.25252309605));
#402 = CARTESIAN_POINT('',(70.186968657694,126.37060434678));
#403 = CARTESIAN_POINT('',(70.398086134131,126.48814870959));
#404 = CARTESIAN_POINT('',(70.609229084334,126.60514771866));
#405 = CARTESIAN_POINT('',(70.820396758761,126.72159504386));
#406 = CARTESIAN_POINT('',(71.031588356734,126.83748819158));
#407 = CARTESIAN_POINT('',(71.242802435185,126.95282984156));
#408 = CARTESIAN_POINT('',(71.454036574545,127.06762901347));
#409 = CARTESIAN_POINT('',(71.665287206546,127.18190189988));
#410 = CARTESIAN_POINT('',(71.876549671516,127.29567248367));
#411 = CARTESIAN_POINT('',(72.299087257046,127.52227325147));
#412 = CARTESIAN_POINT('',(72.510364974519,127.63510314858));
#413 = CARTESIAN_POINT('',(72.721643359605,127.74749268389));
#414 = CARTESIAN_POINT('',(72.932916403065,127.85947945331));
#415 = CARTESIAN_POINT('',(73.144180224098,127.97110721257));
#416 = CARTESIAN_POINT('',(73.355432944696,128.08242454423));
#417 = CARTESIAN_POINT('',(73.566674573345,128.19348356343));
#418 = CARTESIAN_POINT('',(73.777906877825,128.30433856629));
#419 = CARTESIAN_POINT('',(73.989133267605,128.41504475066));
#420 = CARTESIAN_POINT('',(74.200358670643,128.52565685837));
#421 = CARTESIAN_POINT('',(74.411589410866,128.63622789098));
#422 = CARTESIAN_POINT('',(74.622833088585,128.7468077662));
#423 = CARTESIAN_POINT('',(74.834098456799,128.85744201539));
#424 = CARTESIAN_POINT('',(75.151043722792,129.02353467766));
#425 = CARTESIAN_POINT('',(75.256698347628,129.07892175075));
#426 = CARTESIAN_POINT('',(75.362360773199,129.1343372868));
#427 = CARTESIAN_POINT('',(75.468032026277,129.18978625057));
#428 = CARTESIAN_POINT('',(75.573712557479,129.24527295237));
#429 = CARTESIAN_POINT('',(75.679402251344,129.30080106537));
#430 = CARTESIAN_POINT('',(75.785100409898,129.35637359669));
#431 = CARTESIAN_POINT('',(75.890805775107,129.41199292824));
#432 = CARTESIAN_POINT('',(75.996516502757,129.46766076736));
#433 = CARTESIAN_POINT('',(76.102230188567,129.52337819812));
#434 = CARTESIAN_POINT('',(76.207943845666,129.57914563547));
#435 = CARTESIAN_POINT('',(76.313653921348,129.63496286036));
#436 = CARTESIAN_POINT('',(76.419356286365,129.69082899682));
#437 = CARTESIAN_POINT('',(76.577891217961,129.7746992885));
#438 = CARTESIAN_POINT('',(76.630733758579,129.80266854934));
#439 = CARTESIAN_POINT('',(76.683572693119,129.83064962143));
#440 = CARTESIAN_POINT('',(76.736406848189,129.85864181107));
#441 = CARTESIAN_POINT('',(76.789235059149,129.88664444261));
#442 = CARTESIAN_POINT('',(76.842056145987,129.91465680836));
#443 = CARTESIAN_POINT('',(76.894868950673,129.94267824714));
#444 = CARTESIAN_POINT('',(76.947672289032,129.97070804145));
#445 = CARTESIAN_POINT('',(77.000465003042,129.99874553129));
#446 = CARTESIAN_POINT('',(77.053245912596,130.02679000697));
#447 = CARTESIAN_POINT('',(77.106013853271,130.05484079505));
#448 = CARTESIAN_POINT('',(77.158767651414,130.08289720001));
#449 = CARTESIAN_POINT('',(77.211506137715,130.11095853726));
#450 = CARTESIAN_POINT('',(77.290589143209,130.15305690852));
#451 = CARTESIAN_POINT('',(77.316945850083,130.16709060377));
#452 = CARTESIAN_POINT('',(77.343298008978,130.18112502577));
#453 = CARTESIAN_POINT('',(77.369645362012,130.19515998908));
#454 = CARTESIAN_POINT('',(77.395987662687,130.20919532557));
#455 = CARTESIAN_POINT('',(77.422324643704,130.22323083537));
#456 = CARTESIAN_POINT('',(77.448656068782,130.23726636612));
#457 = CARTESIAN_POINT('',(77.474981663017,130.25130170608));
#458 = CARTESIAN_POINT('',(77.501301192156,130.2653367062));
#459 = CARTESIAN_POINT('',(77.527614385597,130.27937116127));
#460 = CARTESIAN_POINT('',(77.553921000323,130.29340490871));
#461 = CARTESIAN_POINT('',(77.580220775686,130.30743775874));
#462 = CARTESIAN_POINT('',(77.606513460368,130.32146953591));
#463 = CARTESIAN_POINT('',(77.645941468468,130.34251532019));
#464 = CARTESIAN_POINT('',(77.65908228588,130.3495302548));
#465 = CARTESIAN_POINT('',(77.672221211067,130.35654483294));
#466 = CARTESIAN_POINT('',(77.685358203566,130.36355902452));
#467 = CARTESIAN_POINT('',(77.698493223809,130.3705728011));
#468 = CARTESIAN_POINT('',(77.711626229893,130.37758613027));
#469 = CARTESIAN_POINT('',(77.724757184445,130.38459898686));
#470 = CARTESIAN_POINT('',(77.73788604308,130.39161133508));
#471 = CARTESIAN_POINT('',(77.751012770311,130.39862315201));
#472 = CARTESIAN_POINT('',(77.764137321291,130.40563440168));
#473 = CARTESIAN_POINT('',(77.777259659358,130.41264505924));
#474 = CARTESIAN_POINT('',(77.790379741917,130.4196550919));
#475 = CARTESIAN_POINT('',(77.803497529907,130.42666447157));
#476 = CARTESIAN_POINT('',(77.823170708897,130.43717751606));
#477 = CARTESIAN_POINT('',(77.829727850413,130.44068169263));
#478 = CARTESIAN_POINT('',(77.836284400882,130.44418569259));
#479 = CARTESIAN_POINT('',(77.842840356498,130.44768951424));
#480 = CARTESIAN_POINT('',(77.849395707591,130.4511931476));
#481 = CARTESIAN_POINT('',(77.855950455727,130.45469659905));
#482 = CARTESIAN_POINT('',(77.862504584833,130.45819984852));
#483 = CARTESIAN_POINT('',(77.869058101889,130.46170291151));
#484 = CARTESIAN_POINT('',(77.875610988564,130.46520576338));
#485 = CARTESIAN_POINT('',(77.882163250001,130.46870841768));
#486 = CARTESIAN_POINT('',(77.888714872902,130.47221085728));
#487 = CARTESIAN_POINT('',(77.895265856242,130.47571308582));
#488 = CARTESIAN_POINT('',(77.9018161921,130.47921509518));
#489 = CARTESIAN_POINT('',(77.911640717649,130.48446777649));
#490 = CARTESIAN_POINT('',(77.914915396014,130.48621861425));
#491 = CARTESIAN_POINT('',(77.91818991172,130.48796939739));
#492 = CARTESIAN_POINT('',(77.921464259471,130.48972011982));
#493 = CARTESIAN_POINT('',(77.924738448306,130.49147079262));
#494 = CARTESIAN_POINT('',(77.928012460828,130.49322139591));
#495 = CARTESIAN_POINT('',(77.931286319508,130.49497195521));
#496 = CARTESIAN_POINT('',(77.93455999669,130.49672244089));
#497 = CARTESIAN_POINT('',(77.937833517815,130.49847287941));
#498 = CARTESIAN_POINT('',(77.941106860714,130.50022324918));
#499 = CARTESIAN_POINT('',(77.944380039358,130.50197356336));
#500 = CARTESIAN_POINT('',(77.947653044611,130.50372381394));
#501 = CARTESIAN_POINT('',(77.950925879628,130.50547400368));
#502 = CARTESIAN_POINT('',(77.955834873577,130.50809919445));
#503 = CARTESIAN_POINT('',(77.957471162034,130.50897424262));
#504 = CARTESIAN_POINT('',(77.959107406792,130.50984927454));
#505 = CARTESIAN_POINT('',(77.960743609746,130.51072429217));
#506 = CARTESIAN_POINT('',(77.962379766767,130.51159929143));
#507 = CARTESIAN_POINT('',(77.964015884288,130.51247427844));
#508 = CARTESIAN_POINT('',(77.965651953556,130.51334924545));
#509 = CARTESIAN_POINT('',(77.967287984022,130.5142242001));
#510 = CARTESIAN_POINT('',(77.968923966768,130.51509913603));
#511 = CARTESIAN_POINT('',(77.97055990856,130.51597405732));
#512 = CARTESIAN_POINT('',(77.972195804821,130.51684896171));
#513 = CARTESIAN_POINT('',(77.973831657887,130.51772385001));
#514 = CARTESIAN_POINT('',(77.975467466601,130.51859872192));
#515 = CARTESIAN_POINT('',(77.977921113517,130.51991100507));
#516 = CARTESIAN_POINT('',(77.978738984814,130.5203484288));
#517 = CARTESIAN_POINT('',(77.979556844859,130.52078584785));
#518 = CARTESIAN_POINT('',(77.980374694458,130.52122326439));
#519 = CARTESIAN_POINT('',(77.981192531593,130.52166067331));
#520 = CARTESIAN_POINT('',(77.982010360024,130.52209808397));
#521 = CARTESIAN_POINT('',(77.982828174089,130.52253548244));
#522 = CARTESIAN_POINT('',(77.983645980653,130.52297288572));
#523 = CARTESIAN_POINT('',(77.98446377282,130.52341027654));
#524 = CARTESIAN_POINT('',(77.985281556279,130.52384766949));
#525 = CARTESIAN_POINT('',(77.986099327111,130.52428505432));
#526 = CARTESIAN_POINT('',(77.986917087504,130.5247224369));
#527 = CARTESIAN_POINT('',(77.987734836447,130.52515981453));
#528 = CARTESIAN_POINT('',(77.989370312107,130.52603456171));
#529 = CARTESIAN_POINT('',(77.990156645204,130.52651134284));
#530 = CARTESIAN_POINT('',(77.991247488033,130.52660582059));
#531 = CARTESIAN_POINT('',(77.99087115633,130.52854218864));
#532 = CARTESIAN_POINT('',(77.995089983742,130.52470971975));
#533 = CARTESIAN_POINT('',(77.988969175933,130.53385773653));
#534 = CARTESIAN_POINT('',(78.000387658547,130.5209866958));
#535 = CARTESIAN_POINT('',(77.988808084713,130.53698767743));
#536 = CARTESIAN_POINT('',(78.000810400773,130.5233836481));
#537 = CARTESIAN_POINT('',(77.993871632983,130.53355846824));
#538 = CARTESIAN_POINT('',(77.998756362899,130.52888990664));
#539 = CARTESIAN_POINT('',(77.99801905323,130.53127930347));
#540 = CARTESIAN_POINT('',(77.999236811232,130.53121426611));
#541 = CARTESIAN_POINT('',(77.999999856278,130.53172006231));
#542 = ( GEOMETRIC_REPRESENTATION_CONTEXT(2) 
PARAMETRIC_REPRESENTATION_CONTEXT() REPRESENTATION_CONTEXT('2D SPACE',''
  ) );
#543 = PCURVE('',#544,#1136);
#544 = ( BOUNDED_SURFACE() B_SPLINE_SURFACE(2,14,(
    (#545,#546,#547,#548,#549,#550,#551,#552,#553,#554,#555,#556,#557
      ,#558,#559,#560,#561,#562,#563,#564,#565,#566,#567,#568,#569,#570
      ,#571,#572,#573,#574,#575,#576,#577,#578,#579,#580,#581,#582,#583
      ,#584,#585,#586,#587,#588,#589,#590,#591,#592,#593,#594,#595,#596
      ,#597,#598,#599,#600,#601,#602,#603,#604,#605,#606,#607,#608,#609
      ,#610,#611,#612,#613,#614,#615,#616,#617,#618,#619,#620,#621,#622
      ,#623,#624,#625,#626,#627,#628,#629,#630,#631,#632,#633,#634,#635
      ,#636,#637,#638,#639,#640,#641,#642,#643,#644,#645,#646,#647,#648
      ,#649,#650,#651,#652,#653,#654,#655,#656,#657,#658,#659,#660,#661
      ,#662,#663,#664,#665,#666,#667,#668,#669,#670,#671,#672,#673,#674
      ,#675,#676,#677,#678,#679,#680,#681,#682,#683,#684,#685,#686,#687
      ,#688,#689,#690,#691,#692,#693,#694,#695,#696,#697,#698,#699,#700
      ,#701,#702,#703,#704,#705,#706,#707,#708,#709,#710,#711,#712,#713
      ,#714,#715,#716,#717,#718,#719,#720,#721,#722,#723,#724,#725,#726
      ,#727,#728,#729,#730,#731,#732,#733,#734,#735,#736,#737,#738,#739
      ,#740,#741)
    ,(#742,#743,#744,#745,#746,#747,#748,#749,#750,#751,#752,#753,#754
      ,#755,#756,#757,#758,#759,#760,#761,#762,#763,#764,#765,#766,#767
      ,#768,#769,#770,#771,#772,#773,#774,#775,#776,#777,#778,#779,#780
      ,#781,#782,#783,#784,#785,#786,#787,#788,#789,#790,#791,#792,#793
      ,#794,#795,#796,#797,#798,#799,#800,#801,#802,#803,#804,#805,#806
      ,#807,#808,#809,#810,#811,#812,#813,#814,#815,#816,#817,#818,#819
      ,#820,#821,#822,#823,#824,#825,#826,#827,#828,#829,#830,#831,#832
      ,#833,#834,#835,#836,#837,#838,#839,#840,#841,#842,#843,#844,#845
      ,#846,#847,#848,#849,#850,#851,#852,#853,#854,#855,#856,#857,#858
      ,#859,#860,#861,#862,#863,#864,#865,#866,#867,#868,#869,#870,#871
      ,#872,#873,#874,#875,#876,#877,#878,#879,#880,#881,#882,#883,#884
      ,#885,#886,#887,#888,#889,#890,#891,#892,#893,#894,#895,#896,#897
      ,#898,#899,#900,#901,#902,#903,#904,#905,#906,#907,#908,#909,#910
      ,#911,#912,#913,#914,#915,#916,#917,#918,#919,#920,#921,#922,#923
      ,#924,#925,#926,#927,#928,#929,#930,#931,#932,#933,#934,#935,#936
      ,#937,#938)
    ,(#939,#940,#941,#942,#943,#944,#945,#946,#947,#948,#949,#950,#951
      ,#952,#953,#954,#955,#956,#957,#958,#959,#960,#961,#962,#963,#964
      ,#965,#966,#967,#968,#969,#970,#971,#972,#973,#974,#975,#976,#977
      ,#978,#979,#980,#981,#982,#983,#984,#985,#986,#987,#988,#989,#990
      ,#991,#992,#993,#994,#995,#996,#997,#998,#999,#1000,#1001,#1002
      ,#1003,#1004,#1005,#1006,#1007,#1008,#1009,#1010,#1011,#1012,#1013
      ,#1014,#1015,#1016,#1017,#1018,#1019,#1020,#1021,#1022,#1023,#1024
      ,#1025,#1026,#1027,#1028,#1029,#1030,#1031,#1032,#1033,#1034,#1035
      ,#1036,#1037,#1038,#1039,#1040,#1041,#1042,#1043,#1044,#1045,#1046
      ,#1047,#1048,#1049,#1050,#1051,#1052,#1053,#1054,#1055,#1056,#1057
      ,#1058,#1059,#1060,#1061,#1062,#1063,#1064,#1065,#1066,#1067,#1068
      ,#1069,#1070,#1071,#1072,#1073,#1074,#1075,#1076,#1077,#1078,#1079
      ,#1080,#1081,#1082,#1083,#1084,#1085,#1086,#1087,#1088,#1089,#1090
      ,#1091,#1092,#1093,#1094,#1095,#1096,#1097,#1098,#1099,#1100,#1101
      ,#1102,#1103,#1104,#1105,#1106,#1107,#1108,#1109,#1110,#1111,#1112
      ,#1113,#1114,#1115,#1116,#1117,#1118,#1119,#1120,#1121,#1122,#1123
      ,#1124,#1125,#1126,#1127,#1128,#1129,#1130,#1131,#1132,#1133,#1134
,#1135
    )),.UNSPECIFIED.,.F.,.F.,.F.) B_SPLINE_SURFACE_WITH_KNOTS((3,3),(15,
    13,13,13,13,13,13,13,13,13,13,13,13,13,13,15),(0.,54.427243269012),(
    428.48554052993,430.77822384459,456.58948524186,469.75113452041,
    473.04154684004,476.33195915968,479.62237147931,481.26757763913,
    482.09018071904,482.50148225899,482.70713302897,482.80995841396,
    482.86137110645,482.8870774527,482.89993062582,482.91278379895),
.UNSPECIFIED.) GEOMETRIC_REPRESENTATION_ITEM() RATIONAL_B_SPLINE_SURFACE
((
    (1.,1.000000000001,0.999999999996,1.000000000011,0.999999999978
      ,1.000000000036,0.999999999953,1.00000000005,0.999999999956
      ,1.000000000031,0.999999999982,1.000000000008,0.999999999998,1.
      ,0.999999999999,1.000000000006,0.999999999985,1.00000000003
      ,0.999999999952,1.000000000062,0.999999999934,1.000000000058
      ,0.999999999958,1.000000000024,0.999999999989,1.000000000004
      ,0.999999999999,1.,0.999999999999,1.000000000003,0.999999999994
      ,1.00000000001,0.999999999987,1.000000000014,0.999999999988
      ,1.000000000009,0.999999999994,1.000000000003,0.999999999999,1.,1.
      ,1.000000000001,0.999999999996,1.000000000008,0.999999999985
      ,1.000000000021,0.999999999976,1.000000000023,0.999999999983
      ,1.00000000001,0.999999999995,1.000000000002,1.,1.,0.999999999999
      ,1.000000000001,0.999999999997,1.000000000004,0.999999999995
      ,1.000000000005,0.999999999996,1.000000000003,0.999999999998
      ,1.000000000001,1.,1.,1.,0.999999999999,1.000000000004
      ,0.999999999991,1.000000000014,0.999999999981,1.00000000002
      ,0.999999999982,1.000000000013,0.999999999992,1.000000000004
      ,0.999999999999,1.,1.,1.000000000001,0.999999999999,1.000000000003
      ,0.999999999995,1.000000000006,0.999999999993,1.000000000006
      ,0.999999999995,1.000000000003,0.999999999998,1.000000000001,1.,1.
      ,0.999999999997,1.000000000008,0.999999999985,1.000000000024
      ,0.999999999971,1.000000000029,0.999999999976,1.000000000016
      ,0.999999999991,1.000000000003,0.999999999999,1.,1.,0.999999999997
      ,1.000000000008,0.999999999983,1.000000000029,0.999999999962
      ,1.000000000041,0.999999999964,1.000000000026,0.999999999985
      ,1.000000000007,0.999999999998,1.,1.,0.999999999999,1.000000000002
      ,0.999999999995,1.000000000009,0.999999999987,1.000000000015
      ,0.999999999986,1.000000000011,0.999999999993,1.000000000004
      ,0.999999999999,1.,1.,1.000000000001,0.999999999997,1.000000000008
      ,0.999999999986,1.000000000019,0.999999999978,1.000000000021
      ,0.999999999984,1.00000000001,0.999999999995,1.000000000002
      ,0.999999999999,1.,0.999999999997,1.000000000008,0.999999999982
      ,1.000000000029,0.999999999962,1.00000000004,0.999999999966
      ,1.000000000025,0.999999999986,1.000000000007,0.999999999998
      ,1.000000000001,1.,1.000000000002,0.999999999994,1.000000000012
      ,0.999999999982,1.000000000024,0.999999999976,1.000000000021
      ,0.999999999985,1.000000000008,0.999999999996,1.000000000001,1.,1.
      ,1.,0.999999999998,1.000000000005,0.99999999999,1.000000000014
      ,0.999999999984,1.000000000015,0.999999999988,1.000000000007
      ,0.999999999997,1.000000000001,1.,1.,1.,1.000000000001
      ,0.999999999998,1.000000000005,0.999999999991,1.000000000011
      ,0.999999999989,1.000000000009,0.999999999995,1.000000000003
      ,0.999999999999,1.,1.)
    ,(0.707106781187,0.707463495196,0.707823860103,0.708187903753
      ,0.708555778089,0.708927621525,0.709303524214,0.709683558314
      ,0.710067831027,0.710456524351,0.710849877936,0.711248079417
      ,0.711651019299,0.712057873227,0.717066500987,0.722107229633
      ,0.727768578812,0.734146719809,0.741238792045,0.749083925173
      ,0.757772187051,0.767475136963,0.778530537303,0.790835117619
      ,0.803720697649,0.817685081132,0.833018145823,0.856207502226
      ,0.864216208681,0.872369244064,0.880587983565,0.888798409789
      ,0.896946399374,0.904993744345,0.912906960281,0.920647345372
      ,0.928167160741,0.93541321524,0.942335544196,0.948895283652
      ,0.956603990631,0.958121161782,0.959613305697,0.961079996688
      ,0.962520840276,0.963935473399,0.965323564046,0.966684811786
      ,0.968018947128,0.969325732174,0.970604960056,0.971856455346
      ,0.973080073806,0.975471331218,0.976638612359,0.977775958887
      ,0.978882283649,0.979956950746,0.98099972098,0.982010692147
      ,0.982990233059,0.98393891272,0.984857423071,0.985746496845
      ,0.986606819227,0.987438934274,0.989047356722,0.989823660541
      ,0.990572474823,0.991293996633,0.991988230091,0.992655014112
      ,0.993294050342,0.993904930828,0.994487165993,0.995040212313
      ,0.995563500242,0.996056461961,0.996518559234,0.997164687193
      ,0.99737222762,0.997571868455,0.997763549341,0.997947213553
      ,0.998122808094,0.998290283538,0.998449594237,0.99860069809
      ,0.998743556768,0.998878135521,0.999004403323,0.999122332777
      ,0.999286683864,0.999339374948,0.999389971777,0.999438472646
      ,0.999484875988,0.999529179992,0.999571383203,0.999611483732
      ,0.999649480134,0.999685370582,0.999719153525,0.999750827246
      ,0.999780390109,0.999821565618,0.999834763111,0.999847432909
      ,0.999859574937,0.999871189253,0.999882275674,0.999892834374
      ,0.999902865083,0.999912368,0.999921342903,0.999929789889
      ,0.999937708853,0.999945099795,0.999955394111,0.99995869355
      ,0.999961860994,0.999964896435,0.999967799895,0.999970571337
      ,0.999973210823,0.999975718277,0.999978093783,0.999980337268
      ,0.99998244879,0.999984428316,0.999986275863,0.99998884921
      ,0.999989673999,0.999990465787,0.999991224597,0.99999195038
      ,0.999992643223,0.999993303,0.999993929865,0.999994523661
      ,0.999995084524,0.999995612355,0.999996107216,0.999996569075
      ,0.999997212382,0.999997418566,0.999997616517,0.999997806183
      ,0.999997987672,0.999998160805,0.999998325826,0.999998482458
      ,0.999998630966,0.999998771135,0.999998903113,0.999999026815
      ,0.99999914228,0.999999303102,0.99999935465,0.999999404127
      ,0.999999451565,0.999999496898,0.999999540235,0.999999581427
      ,0.999999620644,0.999999657724,0.999999692796,0.999999725774
      ,0.999999756706,0.99999978557,0.999999825776,0.999999838663
      ,0.99999985103,0.999999862895,0.999999874216,0.999999885071
      ,0.999999895342,0.999999905174,0.99999991442,0.999999923205
      ,0.99999993144,0.999999939177,0.999999946392,0.999999959794
      ,0.999999965979,0.99999997165,0.999999976801,0.999999981451
      ,0.999999985553,0.999999989193,0.999999992249,0.99999999486
      ,0.999999996898,0.999999998458,0.999999999483,1.,1.)
    ,(1.,1.000000000001,0.999999999996,1.000000000011,0.999999999978
      ,1.000000000036,0.999999999953,1.00000000005,0.999999999956
      ,1.000000000031,0.999999999982,1.000000000008,0.999999999998,1.
      ,0.999999999999,1.000000000006,0.999999999985,1.00000000003
      ,0.999999999952,1.000000000062,0.999999999934,1.000000000058
      ,0.999999999958,1.000000000024,0.999999999989,1.000000000004
      ,0.999999999999,1.,0.999999999999,1.000000000003,0.999999999994
      ,1.00000000001,0.999999999987,1.000000000014,0.999999999988
      ,1.000000000009,0.999999999994,1.000000000003,0.999999999999,1.,1.
      ,1.000000000001,0.999999999996,1.000000000008,0.999999999985
      ,1.000000000021,0.999999999976,1.000000000023,0.999999999983
      ,1.00000000001,0.999999999995,1.000000000002,1.,1.,0.999999999999
      ,1.000000000001,0.999999999997,1.000000000004,0.999999999995
      ,1.000000000005,0.999999999996,1.000000000003,0.999999999998
      ,1.000000000001,1.,1.,1.,0.999999999999,1.000000000004
      ,0.999999999991,1.000000000014,0.999999999981,1.00000000002
      ,0.999999999982,1.000000000013,0.999999999992,1.000000000004
      ,0.999999999999,1.,1.,1.000000000001,0.999999999999,1.000000000003
      ,0.999999999995,1.000000000006,0.999999999993,1.000000000006
      ,0.999999999995,1.000000000003,0.999999999998,1.000000000001,1.,1.
      ,0.999999999997,1.000000000008,0.999999999985,1.000000000024
      ,0.999999999971,1.000000000029,0.999999999976,1.000000000016
      ,0.999999999991,1.000000000003,0.999999999999,1.,1.,0.999999999997
      ,1.000000000008,0.999999999983,1.000000000029,0.999999999962
      ,1.000000000041,0.999999999964,1.000000000026,0.999999999985
      ,1.000000000007,0.999999999998,1.,1.,0.999999999999,1.000000000002
      ,0.999999999995,1.000000000009,0.999999999987,1.000000000015
      ,0.999999999986,1.000000000011,0.999999999993,1.000000000004
      ,0.999999999999,1.,1.,1.000000000001,0.999999999997,1.000000000008
      ,0.999999999986,1.000000000019,0.999999999978,1.000000000021
      ,0.999999999984,1.00000000001,0.999999999995,1.000000000002
      ,0.999999999999,1.,0.999999999997,1.000000000008,0.999999999982
      ,1.000000000029,0.999999999962,1.00000000004,0.999999999966
      ,1.000000000025,0.999999999986,1.000000000007,0.999999999998
      ,1.000000000001,1.,1.000000000002,0.999999999994,1.000000000012
      ,0.999999999982,1.000000000024,0.999999999976,1.000000000021
      ,0.999999999985,1.000000000008,0.999999999996,1.000000000001,1.,1.
      ,1.,0.999999999998,1.000000000005,0.99999999999,1.000000000014
      ,0.999999999984,1.000000000015,0.999999999988,1.000000000007
      ,0.999999999997,1.000000000001,1.,1.,1.,1.000000000001
      ,0.999999999998,1.000000000005,0.999999999991,1.000000000011
      ,0.999999999989,1.000000000009,0.999999999995,1.000000000003
,0.999999999999,1.,1.))) REPRESENTATION_ITEM('') SURFACE() );
#545 = CARTESIAN_POINT('',(-120.8646493323,124.,42.));
#546 = CARTESIAN_POINT('',(-120.6998971834,124.,42.000000000003));
#547 = CARTESIAN_POINT('',(-120.5351546854,124.,42.000987512751));
#548 = CARTESIAN_POINT('',(-120.3704066309,124.,42.003001671681));
#549 = CARTESIAN_POINT('',(-120.2056569611,124.,42.0060238125));
#550 = CARTESIAN_POINT('',(-120.0409153061,124.,42.010031094234));
#551 = CARTESIAN_POINT('',(-119.876257203,124.,42.015019013581));
#552 = CARTESIAN_POINT('',(-119.7118860957,123.99999999999,
    42.021001826607));
#553 = CARTESIAN_POINT('',(-119.5481251878,124.,42.027999864016));
#554 = CARTESIAN_POINT('',(-119.3852672692,123.99999999999,
    42.036022766443));
#555 = CARTESIAN_POINT('',(-119.2232105739,124.,42.045057616112));
#556 = CARTESIAN_POINT('',(-119.0608087954,123.99999999999,
    42.055070995152));
#557 = CARTESIAN_POINT('',(-118.8948633211,124.,42.066033950654));
#558 = CARTESIAN_POINT('',(-118.7186858011,124.,42.077978886835));
#559 = CARTESIAN_POINT('',(-116.2851256859,124.,42.238786670225));
#560 = CARTESIAN_POINT('',(-114.0067610721,124.,42.529255487747));
#561 = CARTESIAN_POINT('',(-111.7781622689,123.99999999999,
    42.972892186103));
#562 = CARTESIAN_POINT('',(-109.6158757674,124.00000000001,
    43.555359570758));
#563 = CARTESIAN_POINT('',(-107.4815247103,123.99999999998,
    44.264608756655));
#564 = CARTESIAN_POINT('',(-105.4352843029,124.00000000002,
    45.101285064244));
#565 = CARTESIAN_POINT('',(-103.4638350074,123.99999999996,
    46.045173452866));
#566 = CARTESIAN_POINT('',(-101.5681905401,124.00000000003,
    47.087494749016));
#567 = CARTESIAN_POINT('',(-99.75947585718,123.99999999997,
    48.230789688372));
#568 = CARTESIAN_POINT('',(-98.01792621747,124.00000000001,
    49.45978383217));
#569 = CARTESIAN_POINT('',(-96.37300902962,123.99999999999,
    50.752730735551));
#570 = CARTESIAN_POINT('',(-94.81477450871,124.,52.101291836179));
#571 = CARTESIAN_POINT('',(-93.33458614306,124.,53.516055277435));
#572 = CARTESIAN_POINT('',(-91.19348673606,124.,55.729935747073));
#573 = CARTESIAN_POINT('',(-90.50164266074,124.,56.481547803001));
#574 = CARTESIAN_POINT('',(-89.82772023648,123.99999999999,
    57.245602660881));
#575 = CARTESIAN_POINT('',(-89.1679896828,124.00000000001,
    58.023977861553));
#576 = CARTESIAN_POINT('',(-88.52312985148,123.99999999998,
    58.81498582953));
#577 = CARTESIAN_POINT('',(-87.89504129032,124.00000000002,
    59.615607023527));
#578 = CARTESIAN_POINT('',(-87.28514318917,123.99999999997,
    60.422952904079));
#579 = CARTESIAN_POINT('',(-86.69371600016,124.00000000002,
    61.23503553631));
#580 = CARTESIAN_POINT('',(-86.11991492753,123.99999999998,
    62.05095702409));
#581 = CARTESIAN_POINT('',(-85.56214291639,124.00000000001,
    62.870668348444));
#582 = CARTESIAN_POINT('',(-85.01853516982,123.99999999999,
    63.694483560031));
#583 = CARTESIAN_POINT('',(-84.48737065658,124.,64.522571653665));
#584 = CARTESIAN_POINT('',(-83.96728947687,124.,65.354684828603));
#585 = CARTESIAN_POINT('',(-83.32975060466,124.,66.399351563966));
#586 = CARTESIAN_POINT('',(-83.20287005642,124.,66.608511415917));
#587 = CARTESIAN_POINT('',(-83.07660223607,123.99999999999,
    66.817888606569));
#588 = CARTESIAN_POINT('',(-82.95093373429,124.,67.027473108086));
#589 = CARTESIAN_POINT('',(-82.82585223125,123.99999999999,
    67.237254030628));
#590 = CARTESIAN_POINT('',(-82.70134649558,124.,67.447219623055));
#591 = CARTESIAN_POINT('',(-82.57740638616,123.99999999999,
    67.657357271768));
#592 = CARTESIAN_POINT('',(-82.45402284956,124.,67.867653502291));
#593 = CARTESIAN_POINT('',(-82.33118792308,123.99999999999,
    68.078093977453));
#594 = CARTESIAN_POINT('',(-82.20889473171,124.,68.288663499162));
#595 = CARTESIAN_POINT('',(-82.0871374907,123.99999999999,
    68.499346006933));
#596 = CARTESIAN_POINT('',(-81.96591150373,124.,68.710124578922));
#597 = CARTESIAN_POINT('',(-81.845213164,124.,68.920981431316));
#598 = CARTESIAN_POINT('',(-81.60486674338,124.,69.342814405947));
#599 = CARTESIAN_POINT('',(-81.48521706822,123.99999999999,
    69.553792919332));
#600 = CARTESIAN_POINT('',(-81.36608630813,124.,69.76481752834));
#601 = CARTESIAN_POINT('',(-81.24747690315,123.99999999999,
    69.975878086849));
#602 = CARTESIAN_POINT('',(-81.12939565448,124.00000000001,
    70.186968656858));
#603 = CARTESIAN_POINT('',(-81.01185128876,123.99999999998,
    70.398086135178));
#604 = CARTESIAN_POINT('',(-80.89485228309,124.00000000001,
    70.609229083257));
#605 = CARTESIAN_POINT('',(-80.77840495458,123.99999999999,
    70.820396759675));
#606 = CARTESIAN_POINT('',(-80.66251180953,124.,71.031588356096));
#607 = CARTESIAN_POINT('',(-80.54717015779,123.99999999999,
    71.242802435546));
#608 = CARTESIAN_POINT('',(-80.4323709868,124.,71.454036574388));
#609 = CARTESIAN_POINT('',(-80.31809810003,123.99999999999,
    71.665287206592));
#610 = CARTESIAN_POINT('',(-80.20432751633,124.,71.876549671512));
#611 = CARTESIAN_POINT('',(-79.97772674853,124.,72.299087257042));
#612 = CARTESIAN_POINT('',(-79.86489685132,124.,72.510364974559));
#613 = CARTESIAN_POINT('',(-79.75250731637,123.99999999999,
    72.721643359488));
#614 = CARTESIAN_POINT('',(-79.64052054609,124.00000000001,
    72.93291640329));
#615 = CARTESIAN_POINT('',(-79.52889278841,123.99999999998,
    73.144180223782));
#616 = CARTESIAN_POINT('',(-79.41757545443,124.00000000002,
    73.355432945027));
#617 = CARTESIAN_POINT('',(-79.30651643804,123.99999999997,
    73.566674573096));
#618 = CARTESIAN_POINT('',(-79.19566143233,124.00000000002,
    73.777906877941));
#619 = CARTESIAN_POINT('',(-79.08495525039,123.99999999998,
    73.989133267598));
#620 = CARTESIAN_POINT('',(-78.97434314096,124.00000000001,
    74.200358670607));
#621 = CARTESIAN_POINT('',(-78.86377210934,123.99999999999,
    74.411589410895));
#622 = CARTESIAN_POINT('',(-78.75319223367,124.,74.622833088578));
#623 = CARTESIAN_POINT('',(-78.64255798464,124.,74.834098456795));
#624 = CARTESIAN_POINT('',(-78.47646532232,124.,75.151043722801));
#625 = CARTESIAN_POINT('',(-78.42107824935,124.,75.256698347561));
#626 = CARTESIAN_POINT('',(-78.36566271288,124.,75.362360773407));
#627 = CARTESIAN_POINT('',(-78.31021375008,123.99999999999,
    75.468032025829));
#628 = CARTESIAN_POINT('',(-78.2547270465,124.,75.573712558217));
#629 = CARTESIAN_POINT('',(-78.19919893615,123.99999999999,
    75.679402250368));
#630 = CARTESIAN_POINT('',(-78.14362640156,124.,75.785100410964));
#631 = CARTESIAN_POINT('',(-78.08800707342,123.99999999999,
    75.890805774138));
#632 = CARTESIAN_POINT('',(-78.03233923131,124.,75.996516503491));
#633 = CARTESIAN_POINT('',(-77.97662180273,123.99999999999,
    76.102230188107));
#634 = CARTESIAN_POINT('',(-77.92085436407,124.,76.2079438459));
#635 = CARTESIAN_POINT('',(-77.86503713982,124.,76.313653921254));
#636 = CARTESIAN_POINT('',(-77.80917100311,124.,76.419356286394));
#637 = CARTESIAN_POINT('',(-77.72530071155,124.,76.577891217937));
#638 = CARTESIAN_POINT('',(-77.69733145033,124.,76.630733758723));
#639 = CARTESIAN_POINT('',(-77.6693503795,123.99999999999,
    76.683572692703));
#640 = CARTESIAN_POINT('',(-77.64135818701,124.,76.736406849015));
#641 = CARTESIAN_POINT('',(-77.61335556036,123.99999999999,
    76.789235057899));
#642 = CARTESIAN_POINT('',(-77.58534318792,124.,76.842056147486));
#643 = CARTESIAN_POINT('',(-77.55732175662,123.99999999999,
    76.894868949219));
#644 = CARTESIAN_POINT('',(-77.52929195539,124.,76.947672290179));
#645 = CARTESIAN_POINT('',(-77.50125447084,124.,77.000465002312));
#646 = CARTESIAN_POINT('',(-77.47320999185,123.99999999999,
    77.053245912959));
#647 = CARTESIAN_POINT('',(-77.44515920543,124.,77.106013853145));
#648 = CARTESIAN_POINT('',(-77.41710279986,124.,77.158767651431));
#649 = CARTESIAN_POINT('',(-77.38904146273,124.,77.211506137729));
#650 = CARTESIAN_POINT('',(-77.34694309151,124.,77.290589143184));
#651 = CARTESIAN_POINT('',(-77.33290939593,123.99999999999,
    77.316945850273));
#652 = CARTESIAN_POINT('',(-77.31887497512,124.,77.343298008397));
#653 = CARTESIAN_POINT('',(-77.304840009,123.99999999998,77.369645363237
    ));
#654 = CARTESIAN_POINT('',(-77.29080467754,124.00000000001,
    77.395987660712));
#655 = CARTESIAN_POINT('',(-77.27676916055,123.99999999997,
    77.422324646253));
#656 = CARTESIAN_POINT('',(-77.26273363822,124.00000000002,
    77.448656066087));
#657 = CARTESIAN_POINT('',(-77.24869829009,123.99999999997,
    77.474981665369));
#658 = CARTESIAN_POINT('',(-77.23466329656,124.00000000001,
    77.501301190465));
#659 = CARTESIAN_POINT('',(-77.22062883711,123.99999999999,
    77.527614386584));
#660 = CARTESIAN_POINT('',(-77.20659509202,124.,77.553920999871));
#661 = CARTESIAN_POINT('',(-77.19256224101,123.99999999999,
    77.580220775836));
#662 = CARTESIAN_POINT('',(-77.17853046412,124.,77.606513460342));
#663 = CARTESIAN_POINT('',(-77.1574846798,124.,77.645941468475));
#664 = CARTESIAN_POINT('',(-77.15046974517,124.,77.659082285877));
#665 = CARTESIAN_POINT('',(-77.14345516718,123.99999999999,
    77.672221211042));
#666 = CARTESIAN_POINT('',(-77.13644097512,124.,77.685358203671));
#667 = CARTESIAN_POINT('',(-77.12942719957,123.99999999999,
    77.698493223554));
#668 = CARTESIAN_POINT('',(-77.1224138687,124.,77.711626230341));
#669 = CARTESIAN_POINT('',(-77.11540101435,123.99999999999,
    77.724757183834));
#670 = CARTESIAN_POINT('',(-77.10838866371,124.,77.737886043741));
#671 = CARTESIAN_POINT('',(-77.10137684894,123.99999999999,
    77.751012769742));
#672 = CARTESIAN_POINT('',(-77.09436559769,124.,77.764137321679));
#673 = CARTESIAN_POINT('',(-77.08735494107,123.99999999999,
    77.777259659152));
#674 = CARTESIAN_POINT('',(-77.08034490797,124.,77.790379742));
#675 = CARTESIAN_POINT('',(-77.07333552846,124.,77.803497529885));
#676 = CARTESIAN_POINT('',(-77.06282248391,124.,77.823170708913));
#677 = CARTESIAN_POINT('',(-77.05931830749,123.99999999999,
    77.829727850311));
#678 = CARTESIAN_POINT('',(-77.05581430699,124.,77.836284401201));
#679 = CARTESIAN_POINT('',(-77.0523104867,123.99999999999,
    77.842840355787));
#680 = CARTESIAN_POINT('',(-77.04880685069,124.00000000001,
    77.84939570882));
#681 = CARTESIAN_POINT('',(-77.04530340338,123.99999999997,
    77.855950454035));
#682 = CARTESIAN_POINT('',(-77.04180014867,124.00000000002,
    77.86250458672));
#683 = CARTESIAN_POINT('',(-77.03829709111,123.99999999997,
    77.869058100171));
#684 = CARTESIAN_POINT('',(-77.0347942346,124.00000000002,
    77.875610989848));
#685 = CARTESIAN_POINT('',(-77.03129158357,123.99999999998,
    77.882163249214));
#686 = CARTESIAN_POINT('',(-77.02778914208,124.,77.888714873294));
#687 = CARTESIAN_POINT('',(-77.02428691441,123.99999999999,
    77.895265856088));
#688 = CARTESIAN_POINT('',(-77.02078490474,124.,77.901816192146));
#689 = CARTESIAN_POINT('',(-77.01553222355,124.,77.911640717612));
#690 = CARTESIAN_POINT('',(-77.01378138544,124.,77.914915396249));
#691 = CARTESIAN_POINT('',(-77.01203060348,123.99999999999,
    77.918189911007));
#692 = CARTESIAN_POINT('',(-77.01027987833,124.,77.921464260992));
#693 = CARTESIAN_POINT('',(-77.00852921029,123.99999999998,
    77.924738445808));
#694 = CARTESIAN_POINT('',(-77.00677860041,124.00000000002,
    77.928012464104));
#695 = CARTESIAN_POINT('',(-77.00502804849,123.99999999997,
    77.931286316012));
#696 = CARTESIAN_POINT('',(-77.00327755606,124.00000000002,
    77.934559999753));
#697 = CARTESIAN_POINT('',(-77.00152712263,123.99999999998,
    77.937833515612));
#698 = CARTESIAN_POINT('',(-76.99977674969,124.00000000001,
    77.941106862004));
#699 = CARTESIAN_POINT('',(-76.99802643712,123.99999999999,
    77.944380038757));
#700 = CARTESIAN_POINT('',(-76.99627618589,124.,77.94765304482));
#701 = CARTESIAN_POINT('',(-76.99452599635,124.,77.950925879581));
#702 = CARTESIAN_POINT('',(-76.99190080552,124.,77.955834873603));
#703 = CARTESIAN_POINT('',(-76.99102575749,123.99999999999,
    77.957471161905));
#704 = CARTESIAN_POINT('',(-76.99015072511,124.,77.959107407156));
#705 = CARTESIAN_POINT('',(-76.98927570848,123.99999999999,
    77.960743609002));
#706 = CARTESIAN_POINT('',(-76.98840070759,124.00000000001,
    77.962379767943));
#707 = CARTESIAN_POINT('',(-76.98752572265,123.99999999998,
    77.964015882795));
#708 = CARTESIAN_POINT('',(-76.98665075357,124.00000000001,
    77.965651955102));
#709 = CARTESIAN_POINT('',(-76.98577580056,123.99999999998,
    77.967287982706));
#710 = CARTESIAN_POINT('',(-76.98490086361,124.00000000001,
    77.968923967691));
#711 = CARTESIAN_POINT('',(-76.98402594281,123.99999999999,
    77.970559908034));
#712 = CARTESIAN_POINT('',(-76.98315103825,124.,77.972195805057));
#713 = CARTESIAN_POINT('',(-76.98227614998,123.99999999999,
    77.973831657812));
#714 = CARTESIAN_POINT('',(-76.98140127808,124.,77.975467466612));
#715 = CARTESIAN_POINT('',(-76.9800889949,124.,77.977921113518));
#716 = CARTESIAN_POINT('',(-76.97965157128,124.,77.978738984785));
#717 = CARTESIAN_POINT('',(-76.97921415181,123.99999999999,
    77.979556844983));
#718 = CARTESIAN_POINT('',(-76.9787767364,124.,77.980374694139));
#719 = CARTESIAN_POINT('',(-76.97833932525,123.99999999999,
    77.981192532192));
#720 = CARTESIAN_POINT('',(-76.97790191805,124.00000000001,
    77.982010359162));
#721 = CARTESIAN_POINT('',(-76.97746451527,123.99999999998,
    77.982828175067));
#722 = CARTESIAN_POINT('',(-76.97702711637,124.00000000001,
    77.983645979766));
#723 = CARTESIAN_POINT('',(-76.9765897219,123.99999999999,
    77.984463773467));
#724 = CARTESIAN_POINT('',(-76.97615233141,124.,77.985281555902));
#725 = CARTESIAN_POINT('',(-76.97571494526,123.99999999999,
    77.986099327284));
#726 = CARTESIAN_POINT('',(-76.97527756323,124.,77.986917087446));
#727 = CARTESIAN_POINT('',(-76.97484018544,124.,77.987734836459));
#728 = CARTESIAN_POINT('',(-76.97396543828,124.,77.989370312096));
#729 = CARTESIAN_POINT('',(-76.97348865717,123.99999999999,
    77.990156645256));
#730 = CARTESIAN_POINT('',(-76.97339417933,124.,77.991247487872));
#731 = CARTESIAN_POINT('',(-76.97145781146,123.99999999999,
    77.990871156712));
#732 = CARTESIAN_POINT('',(-76.97529028014,124.,77.995089983015));
#733 = CARTESIAN_POINT('',(-76.96614226345,123.99999999999,
    77.988969177043));
#734 = CARTESIAN_POINT('',(-76.97901330432,124.,78.000387657193));
#735 = CARTESIAN_POINT('',(-76.96301232241,123.99999999999,
    77.988808086037));
#736 = CARTESIAN_POINT('',(-76.97661635201,124.,78.000810399734));
#737 = CARTESIAN_POINT('',(-76.96644153169,123.99999999999,
    77.993871633633));
#738 = CARTESIAN_POINT('',(-76.97111009336,124.,77.99875636258));
#739 = CARTESIAN_POINT('',(-76.96872069652,124.,77.998019053345));
#740 = CARTESIAN_POINT('',(-76.96878573388,124.,77.999236811207));
#741 = CARTESIAN_POINT('',(-76.96827990577,124.,78.));
#742 = CARTESIAN_POINT('',(-120.8646493323,124.,50.));
#743 = CARTESIAN_POINT('',(-120.7000760339,124.,49.991932553151));
#744 = CARTESIAN_POINT('',(-120.5354911736,124.,49.984788113723));
#745 = CARTESIAN_POINT('',(-120.3709032042,124.,49.978563571535));
#746 = CARTESIAN_POINT('',(-120.2063059042,123.99999999999,
    49.973256498922));
#747 = CARTESIAN_POINT('',(-120.0416945601,124.,49.968864644671));
#748 = CARTESIAN_POINT('',(-119.8770703736,124.,49.965385628086));
#749 = CARTESIAN_POINT('',(-119.7124374117,123.99999999999,
    49.962816829125));
#750 = CARTESIAN_POINT('',(-119.5477963268,124.,49.961155477146));
#751 = CARTESIAN_POINT('',(-119.3831389827,123.99999999999,
    49.960398922502));
#752 = CARTESIAN_POINT('',(-119.2184480355,124.,49.960545093436));
#753 = CARTESIAN_POINT('',(-119.0537054198,123.99999999999,
    49.961593121818));
#754 = CARTESIAN_POINT('',(-118.8889136055,124.,49.963544142098));
#755 = CARTESIAN_POINT('',(-118.7241333925,124.,49.966402258415));
#756 = CARTESIAN_POINT('',(-116.7194973553,124.,50.012360643601));
#757 = CARTESIAN_POINT('',(-114.9159128476,124.,50.166177076667));
#758 = CARTESIAN_POINT('',(-113.0936010488,124.,50.423430883233));
#759 = CARTESIAN_POINT('',(-111.2805634711,124.,50.790515555432));
#760 = CARTESIAN_POINT('',(-109.5074838859,123.99999999999,
    51.259263594518));
#761 = CARTESIAN_POINT('',(-107.7817137279,124.,51.810662870118));
#762 = CARTESIAN_POINT('',(-106.0770039336,123.99999999998,
    52.445413224247));
#763 = CARTESIAN_POINT('',(-104.3902241973,124.00000000001,
    53.167289171678));
#764 = CARTESIAN_POINT('',(-102.7296548557,123.99999999998,
    53.971454767906));
#765 = CARTESIAN_POINT('',(-101.1012519544,124.,54.846298176859));
#766 = CARTESIAN_POINT('',(-99.52580608206,123.99999999999,
    55.776898064965));
#767 = CARTESIAN_POINT('',(-97.9797798512,124.,56.7658045252));
#768 = CARTESIAN_POINT('',(-96.43280251507,124.,57.837002141585));
#769 = CARTESIAN_POINT('',(-94.19802311065,124.,59.510149468311));
#770 = CARTESIAN_POINT('',(-93.46806837976,123.99999999999,
    60.075643361006));
#771 = CARTESIAN_POINT('',(-92.74419401649,124.,60.655701266041));
#772 = CARTESIAN_POINT('',(-92.02631913116,123.99999999998,
    61.25107017391));
#773 = CARTESIAN_POINT('',(-91.31588013063,124.00000000002,
    61.860867050056));
#774 = CARTESIAN_POINT('',(-90.61419632384,123.99999999997,
    62.483625474965));
#775 = CARTESIAN_POINT('',(-89.92191211673,124.00000000002,
    63.117959908439));
#776 = CARTESIAN_POINT('',(-89.23901482667,123.99999999997,
    63.762904615371));
#777 = CARTESIAN_POINT('',(-88.56509410171,124.00000000001,
    64.417975741532));
#778 = CARTESIAN_POINT('',(-87.8996363171,123.99999999999,65.08301290519
    ));
#779 = CARTESIAN_POINT('',(-87.24223847599,124.,65.75788358728));
#780 = CARTESIAN_POINT('',(-86.59268597249,123.99999999999,
    66.442180329614));
#781 = CARTESIAN_POINT('',(-85.95087136225,124.,67.13510798553));
#782 = CARTESIAN_POINT('',(-85.15923539656,124.,68.009621088843));
#783 = CARTESIAN_POINT('',(-85.00234561197,124.,68.183924130077));
#784 = CARTESIAN_POINT('',(-84.84586879236,124.,68.358743006265));
#785 = CARTESIAN_POINT('',(-84.68980239591,124.,68.534063401167));
#786 = CARTESIAN_POINT('',(-84.53414347248,123.99999999999,
    68.709870610784));
#787 = CARTESIAN_POINT('',(-84.37888869302,124.,68.886149515552));
#788 = CARTESIAN_POINT('',(-84.22403437807,123.99999999999,
    69.06288455347));
#789 = CARTESIAN_POINT('',(-84.06957652607,124.,69.24005969095));
#790 = CARTESIAN_POINT('',(-83.91551084055,123.99999999999,
    69.417658396221));
#791 = CARTESIAN_POINT('',(-83.76183275721,124.,69.595663609065));
#792 = CARTESIAN_POINT('',(-83.60853747018,124.,69.774057713729));
#793 = CARTESIAN_POINT('',(-83.45561995788,124.,69.95282250858));
#794 = CARTESIAN_POINT('',(-83.30307500826,124.,70.131939177665));
#795 = CARTESIAN_POINT('',(-82.99909252576,124.,70.490397444565));
#796 = CARTESIAN_POINT('',(-82.84764393107,124.,70.669769317356));
#797 = CARTESIAN_POINT('',(-82.696585256,123.99999999999,70.849521588229
    ));
#798 = CARTESIAN_POINT('',(-82.54594968641,124.00000000001,
    71.029669574163));
#799 = CARTESIAN_POINT('',(-82.39576594032,123.99999999997,
    71.210224246487));
#800 = CARTESIAN_POINT('',(-82.24605525646,124.00000000003,
    71.391190765332));
#801 = CARTESIAN_POINT('',(-82.09682922153,123.99999999996,
    71.572567498372));
#802 = CARTESIAN_POINT('',(-81.94808841106,124.00000000003,
    71.754345536822));
#803 = CARTESIAN_POINT('',(-81.79982184629,123.99999999997,
    71.936508699513));
#804 = CARTESIAN_POINT('',(-81.65200723933,124.00000000001,
    72.119034044587));
#805 = CARTESIAN_POINT('',(-81.50461203211,123.99999999999,
    72.301892878692));
#806 = CARTESIAN_POINT('',(-81.35759520656,124.,72.485052282153));
#807 = CARTESIAN_POINT('',(-81.21090986672,124.,72.668477145975));
#808 = CARTESIAN_POINT('',(-80.91834137648,124.,73.035489652809));
#809 = CARTESIAN_POINT('',(-80.77244331444,124.,73.219100084454));
#810 = CARTESIAN_POINT('',(-80.62676013643,123.99999999999,
    73.402925265427));
#811 = CARTESIAN_POINT('',(-80.48124004795,124.,73.586929515713));
#812 = CARTESIAN_POINT('',(-80.33583239956,123.99999999999,
    73.771080193304));
#813 = CARTESIAN_POINT('',(-80.19048839388,124.00000000001,
    73.955347619007));
#814 = CARTESIAN_POINT('',(-80.04516181344,123.99999999998,
    74.139704975599));
#815 = CARTESIAN_POINT('',(-79.89980977308,124.00000000001,
    74.324128172784));
#816 = CARTESIAN_POINT('',(-79.75439349233,123.99999999998,
    74.508595689126));
#817 = CARTESIAN_POINT('',(-79.60887909338,124.,74.693088377845));
#818 = CARTESIAN_POINT('',(-79.46323841966,123.99999999999,
    74.877589249581));
#819 = CARTESIAN_POINT('',(-79.31744988023,124.,75.062083220648));
#820 = CARTESIAN_POINT('',(-79.17149931705,124.,75.24655683538));
#821 = CARTESIAN_POINT('',(-78.9523690285,124.,75.523158762097));
#822 = CARTESIAN_POINT('',(-78.87931146285,123.99999999999,
    75.615314726433));
#823 = CARTESIAN_POINT('',(-78.80620693282,124.,75.707464591886));
#824 = CARTESIAN_POINT('',(-78.73305462309,123.99999999999,
    75.799606776619));
#825 = CARTESIAN_POINT('',(-78.65985417278,124.00000000001,
    75.891739373331));
#826 = CARTESIAN_POINT('',(-78.58660567506,123.99999999998,
    75.983860148192));
#827 = CARTESIAN_POINT('',(-78.51330968018,124.00000000001,
    76.075966538515));
#828 = CARTESIAN_POINT('',(-78.4399671934,123.99999999998,
    76.168055652156));
#829 = CARTESIAN_POINT('',(-78.3665796797,124.,76.260124264682));
#830 = CARTESIAN_POINT('',(-78.29314906101,123.99999999999,
    76.352168818844));
#831 = CARTESIAN_POINT('',(-78.2196777208,124.,76.444185421841));
#832 = CARTESIAN_POINT('',(-78.14616850267,123.99999999999,
    76.53616984426));
#833 = CARTESIAN_POINT('',(-78.07262471325,124.,76.628117517824));
#834 = CARTESIAN_POINT('',(-77.96226887773,124.,76.765968983875));
#835 = CARTESIAN_POINT('',(-77.92547908913,124.,76.811905003514));
#836 = CARTESIAN_POINT('',(-77.88868146165,123.99999999999,
    76.857830623587));
#837 = CARTESIAN_POINT('',(-77.8518766996,124.00000000001,
    76.903744875538));
#838 = CARTESIAN_POINT('',(-77.81506550679,123.99999999998,
    76.949646790838));
#839 = CARTESIAN_POINT('',(-77.77824858662,124.00000000002,
    76.995535401909));
#840 = CARTESIAN_POINT('',(-77.74142664197,123.99999999997,
    77.041409740534));
#841 = CARTESIAN_POINT('',(-77.70460037539,124.00000000002,
    77.087268840007));
#842 = CARTESIAN_POINT('',(-77.66777048892,123.99999999998,
    77.133111732588));
#843 = CARTESIAN_POINT('',(-77.63093768424,124.00000000001,
    77.178937451957));
#844 = CARTESIAN_POINT('',(-77.59410266267,123.99999999999,
    77.224745031155));
#845 = CARTESIAN_POINT('',(-77.55726612511,124.,77.27053350396));
#846 = CARTESIAN_POINT('',(-77.52042877215,123.99999999999,
    77.316301904088));
#847 = CARTESIAN_POINT('',(-77.46517332846,124.,77.384922004212));
#848 = CARTESIAN_POINT('',(-77.44675534702,123.99999999999,
    77.407789449199));
#849 = CARTESIAN_POINT('',(-77.42833749102,124.00000000001,
    77.43065141493));
#850 = CARTESIAN_POINT('',(-77.40991989224,123.99999999997,
    77.453507716126));
#851 = CARTESIAN_POINT('',(-77.39150268145,124.00000000003,
    77.476358166873));
#852 = CARTESIAN_POINT('',(-77.37308599122,123.99999999995,
    77.499202582423));
#853 = CARTESIAN_POINT('',(-77.3546699514,124.00000000005,
    77.522040776239));
#854 = CARTESIAN_POINT('',(-77.33625469524,123.99999999995,
    77.544872564022));
#855 = CARTESIAN_POINT('',(-77.31784035239,124.00000000003,
    77.567697759091));
#856 = CARTESIAN_POINT('',(-77.29942705572,123.99999999997,
    77.590516176859));
#857 = CARTESIAN_POINT('',(-77.28101493562,124.00000000001,
    77.613327631159));
#858 = CARTESIAN_POINT('',(-77.26260412409,123.99999999999,
    77.636131936787));
#859 = CARTESIAN_POINT('',(-77.24419475226,124.,77.658928908027));
#860 = CARTESIAN_POINT('',(-77.21658314606,124.,77.693112967705));
#861 = CARTESIAN_POINT('',(-77.20737973181,124.,77.704505695955));
#862 = CARTESIAN_POINT('',(-77.19817672831,123.99999999999,
    77.715896515986));
#863 = CARTESIAN_POINT('',(-77.18897415475,124.00000000001,
    77.727285399736));
#864 = CARTESIAN_POINT('',(-77.17977203094,123.99999999998,
    77.738672318968));
#865 = CARTESIAN_POINT('',(-77.17057037551,124.00000000002,
    77.750057245867));
#866 = CARTESIAN_POINT('',(-77.16136920888,123.99999999997,
    77.761440151798));
#867 = CARTESIAN_POINT('',(-77.15216854922,124.00000000002,
    77.772821009409));
#868 = CARTESIAN_POINT('',(-77.14296841709,123.99999999998,
    77.784199789693));
#869 = CARTESIAN_POINT('',(-77.1337688309,124.00000000001,
    77.795576465398));
#870 = CARTESIAN_POINT('',(-77.12456981069,123.99999999999,
    77.806951007733));
#871 = CARTESIAN_POINT('',(-77.11537137548,124.,77.818323389007));
#872 = CARTESIAN_POINT('',(-77.10617354479,124.,77.829693580892));
#873 = CARTESIAN_POINT('',(-77.0923777464,124.,77.84674552794));
#874 = CARTESIAN_POINT('',(-77.08777931025,123.99999999999,
    77.852428946666));
#875 = CARTESIAN_POINT('',(-77.08318103215,124.,77.858111807642));
#876 = CARTESIAN_POINT('',(-77.07858291466,123.99999999999,
    77.86379410713));
#877 = CARTESIAN_POINT('',(-77.0739849605,124.,77.869475841053));
#878 = CARTESIAN_POINT('',(-77.06938717208,123.99999999999,
    77.875157005955));
#879 = CARTESIAN_POINT('',(-77.06478955226,124.,77.880837597459));
#880 = CARTESIAN_POINT('',(-77.06019210342,123.99999999999,
    77.886517612332));
#881 = CARTESIAN_POINT('',(-77.05559482831,124.,77.892197046124));
#882 = CARTESIAN_POINT('',(-77.05099772948,123.99999999999,
    77.897875895508));
#883 = CARTESIAN_POINT('',(-77.04640080955,124.,77.903554156253));
#884 = CARTESIAN_POINT('',(-77.04180407114,124.,77.909231824757));
#885 = CARTESIAN_POINT('',(-77.03720751684,124.,77.914908897047));
#886 = CARTESIAN_POINT('',(-77.03031296695,124.,77.923423603645));
#887 = CARTESIAN_POINT('',(-77.02801483124,124.,77.926261688042));
#888 = CARTESIAN_POINT('',(-77.02571674241,124.,77.929099622077));
#889 = CARTESIAN_POINT('',(-77.02341870099,123.99999999999,
    77.931937405085));
#890 = CARTESIAN_POINT('',(-77.02112070686,124.,77.934775036903));
#891 = CARTESIAN_POINT('',(-77.01882276121,123.99999999999,
    77.937612516469));
#892 = CARTESIAN_POINT('',(-77.01652486308,124.,77.940449844037));
#893 = CARTESIAN_POINT('',(-77.01422701444,123.99999999999,
    77.943287018261));
#894 = CARTESIAN_POINT('',(-77.01192921391,124.,77.946124039422));
#895 = CARTESIAN_POINT('',(-77.00963146335,123.99999999999,
    77.948960906416));
#896 = CARTESIAN_POINT('',(-77.00733376197,124.,77.95179761912));
#897 = CARTESIAN_POINT('',(-77.00503611079,124.,77.954634176842));
#898 = CARTESIAN_POINT('',(-77.00273850982,124.,77.95747057915));
#899 = CARTESIAN_POINT('',(-76.99929218454,124.,77.96172494849));
#900 = CARTESIAN_POINT('',(-76.99814342221,124.,77.963143032468));
#901 = CARTESIAN_POINT('',(-76.99699467261,124.,77.964561077484));
#902 = CARTESIAN_POINT('',(-76.99584593564,123.99999999999,
    77.965979083213));
#903 = CARTESIAN_POINT('',(-76.99469721165,124.,77.967397050173));
#904 = CARTESIAN_POINT('',(-76.99354850015,123.99999999999,
    77.968814977272));
#905 = CARTESIAN_POINT('',(-76.99239980195,124.00000000001,
    77.970232865934));
#906 = CARTESIAN_POINT('',(-76.99125111616,123.99999999999,
    77.971650714297));
#907 = CARTESIAN_POINT('',(-76.99010244378,124.,77.973068524124));
#908 = CARTESIAN_POINT('',(-76.98895378403,123.99999999999,
    77.974486293789));
#909 = CARTESIAN_POINT('',(-76.98780513755,124.,77.975904024342));
#910 = CARTESIAN_POINT('',(-76.98665650402,123.99999999999,
    77.977321715068));
#911 = CARTESIAN_POINT('',(-76.98550788367,124.,77.978739366204));
#912 = CARTESIAN_POINT('',(-76.98378497287,124.,77.980865783243));
#913 = CARTESIAN_POINT('',(-76.98321067259,124.,77.981574578972));
#914 = CARTESIAN_POINT('',(-76.98263637555,123.99999999999,
    77.98228336477));
#915 = CARTESIAN_POINT('',(-76.98206208194,124.,77.982992140588));
#916 = CARTESIAN_POINT('',(-76.9814877914,123.99999999998,
    77.983700906512));
#917 = CARTESIAN_POINT('',(-76.98091350451,124.00000000001,
    77.984409662382));
#918 = CARTESIAN_POINT('',(-76.98033922052,123.99999999998,
    77.985118408378));
#919 = CARTESIAN_POINT('',(-76.97976494028,124.00000000001,
    77.98582714431));
#920 = CARTESIAN_POINT('',(-76.97919066301,123.99999999999,
    77.986535870302));
#921 = CARTESIAN_POINT('',(-76.97861638932,124.,77.987244586283));
#922 = CARTESIAN_POINT('',(-76.97804211882,123.99999999999,
    77.987953292252));
#923 = CARTESIAN_POINT('',(-76.97746785173,124.,77.98866198822));
#924 = CARTESIAN_POINT('',(-76.97689358796,124.,77.989370674157));
#925 = CARTESIAN_POINT('',(-76.97574506716,124.,77.990788025974));
#926 = CARTESIAN_POINT('',(-76.97512760844,123.99999999999,
    77.991462279496));
#927 = CARTESIAN_POINT('',(-76.97492921468,124.,77.992470326972));
#928 = CARTESIAN_POINT('',(-76.97271181032,123.99999999999,
    77.991870116753));
#929 = CARTESIAN_POINT('',(-76.97681798228,123.99999999999,
    77.996306944749));
#930 = CARTESIAN_POINT('',(-76.96669544231,124.00000000001,
    77.989409865783));
#931 = CARTESIAN_POINT('',(-76.980709348,123.99999999997,78.001738682878
    ));
#932 = CARTESIAN_POINT('',(-76.96307484773,124.00000000003,
    77.988857919424));
#933 = CARTESIAN_POINT('',(-76.97789222493,123.99999999997,
    78.001826716816));
#934 = CARTESIAN_POINT('',(-76.96664413704,124.00000000001,
    77.994033030671));
#935 = CARTESIAN_POINT('',(-76.97166679421,123.99999999999,
    77.999199808964));
#936 = CARTESIAN_POINT('',(-76.96895278644,124.,77.998203926728));
#937 = CARTESIAN_POINT('',(-76.96892923409,124.,77.99935111643));
#938 = CARTESIAN_POINT('',(-76.96827995451,124.,77.999999869681));
#939 = CARTESIAN_POINT('',(-120.8646493323,116.,50.));
#940 = CARTESIAN_POINT('',(-120.6999930116,116.00807151663,50.));
#941 = CARTESIAN_POINT('',(-120.5353348083,116.01623003958,
    50.000994174386));
#942 = CARTESIAN_POINT('',(-120.3706887217,116.02447631144,
    50.002978795073));
#943 = CARTESIAN_POINT('',(-120.206045303,116.03281394289,
    50.005954485323));
#944 = CARTESIAN_POINT('',(-120.0413978941,116.04124624104,
    50.009921782529));
#945 = CARTESIAN_POINT('',(-119.8767490438,116.04977541565,
    50.01487970584));
#946 = CARTESIAN_POINT('',(-119.7121047398,116.05840325524,
    50.020826297478));
#947 = CARTESIAN_POINT('',(-119.5474641039,116.0671323658,50.02776010809
    ));
#948 = CARTESIAN_POINT('',(-119.3828121865,116.07596706355,
    50.03568159376));
#949 = CARTESIAN_POINT('',(-119.2181235104,116.08491301491,
    50.04459339646));
#950 = CARTESIAN_POINT('',(-119.0533839988,116.09397471486,
    50.054498474363));
#951 = CARTESIAN_POINT('',(-118.8886389362,116.1031498969,
    50.065395054276));
#952 = CARTESIAN_POINT('',(-118.7240745999,116.11241996595,
    50.077267373089));
#953 = CARTESIAN_POINT('',(-116.7145624478,116.22661130496,
    50.234217728535));
#954 = CARTESIAN_POINT('',(-114.9177356903,116.34226112939,
    50.498720060784));
#955 = CARTESIAN_POINT('',(-113.1158079348,116.47304005756,
    50.877300317251));
#956 = CARTESIAN_POINT('',(-111.3359440458,116.6214025315,51.37666851053
    ));
#957 = CARTESIAN_POINT('',(-109.6146155609,116.78817342299,
    51.983726028919));
#958 = CARTESIAN_POINT('',(-107.9611812297,116.97396354808,
    52.680592681062));
#959 = CARTESIAN_POINT('',(-106.3501566231,117.18274820983,
    53.457129238879));
#960 = CARTESIAN_POINT('',(-104.7687866539,117.41812755038,
    54.326482668402));
#961 = CARTESIAN_POINT('',(-103.2332270846,117.68968832666,
    55.284716765336));
#962 = CARTESIAN_POINT('',(-101.7614070668,117.99886697548,
    56.293529468104));
#963 = CARTESIAN_POINT('',(-100.3521660249,118.32793899394,
    57.33386686001));
#964 = CARTESIAN_POINT('',(-98.97750491486,118.69079524921,
    58.417103055727));
#965 = CARTESIAN_POINT('',(-97.59796933827,119.09893380244,
    59.558066783547));
#966 = CARTESIAN_POINT('',(-95.58894778569,119.72847931131,
    61.284452730764));
#967 = CARTESIAN_POINT('',(-94.91545919796,119.94800671313,
    61.873167669065));
#968 = CARTESIAN_POINT('',(-94.24348130497,120.17374122457,
    62.468944752559));
#969 = CARTESIAN_POINT('',(-93.57323067681,120.40363450513,
    63.070212967798));
#970 = CARTESIAN_POINT('',(-92.90536485632,120.63567189937,
    63.674915690529));
#971 = CARTESIAN_POINT('',(-92.23967544479,120.86830664497,
    64.281595990976));
#972 = CARTESIAN_POINT('',(-91.57497028093,121.10037091558,
    64.889626478393));
#973 = CARTESIAN_POINT('',(-90.90954314081,121.33078205797,
    65.498994378686));
#974 = CARTESIAN_POINT('',(-90.24178033412,121.55827083264,
    66.109948819018));
#975 = CARTESIAN_POINT('',(-89.57060452504,121.78126691388,
    66.722713580432));
#976 = CARTESIAN_POINT('',(-88.89560705267,121.99798535501,
    67.337364857696));
#977 = CARTESIAN_POINT('',(-88.21687097852,122.2066661718,
    67.953869853871));
#978 = CARTESIAN_POINT('',(-87.53463803651,122.40582764594,
    68.572178315358));
#979 = CARTESIAN_POINT('',(-86.67774500593,122.6414210868,
    69.347149671266));
#980 = CARTESIAN_POINT('',(-86.50615987926,122.68787092857,
    69.502248945084));
#981 = CARTESIAN_POINT('',(-86.33437306219,122.73363355618,
    69.657451085374));
#982 = CARTESIAN_POINT('',(-86.1623885228,122.77869159808,
    69.812754176216));
#983 = CARTESIAN_POINT('',(-85.99020936676,122.82302867882,
    69.968156522141));
#984 = CARTESIAN_POINT('',(-85.81783783812,122.86662941919,
    70.123656647695));
#985 = CARTESIAN_POINT('',(-85.64527531786,122.90947943606,
    70.279253298188));
#986 = CARTESIAN_POINT('',(-85.47252232608,122.95156534254,
    70.43494543862));
#987 = CARTESIAN_POINT('',(-85.29957851923,122.99287474787,
    70.590732254987));
#988 = CARTESIAN_POINT('',(-85.12644269307,123.03339625743,
    70.746613152926));
#989 = CARTESIAN_POINT('',(-84.95311278,123.07311947282,70.902587758912)
  );
#990 = CARTESIAN_POINT('',(-84.77958585108,123.11203499176,
    71.058655919366));
#991 = CARTESIAN_POINT('',(-84.60585811474,123.15013440816,
    71.214817701205));
#992 = CARTESIAN_POINT('',(-84.25799172025,123.22468621598,
    71.527329081939));
#993 = CARTESIAN_POINT('',(-84.08386990805,123.26112760241,
    71.683693275668));
#994 = CARTESIAN_POINT('',(-83.90962443949,123.29668118368,
    71.840224807399));
#995 = CARTESIAN_POINT('',(-83.73531634624,123.3313090687,
    71.996978273822));
#996 = CARTESIAN_POINT('',(-83.56099726062,123.36498739334,
    72.154000085173));
#997 = CARTESIAN_POINT('',(-83.38670528,123.39770474674,72.311325486897)
  );
#998 = CARTESIAN_POINT('',(-83.2124621748,123.42946039335,
    72.468976557926));
#999 = CARTESIAN_POINT('',(-83.03827192938,123.46026229121,
    72.626961175087));
#1000 = CARTESIAN_POINT('',(-82.86412063028,123.4901249056,
    72.785272958117));
#1001 = CARTESIAN_POINT('',(-82.68997768491,123.51906681931,
    72.943892178138));
#1002 = CARTESIAN_POINT('',(-82.51579838785,123.54710813799,
    73.102787647104));
#1003 = CARTESIAN_POINT('',(-82.3415278197,123.57426769217,
    73.261919572784));
#1004 = CARTESIAN_POINT('',(-82.16710608981,123.60056003463,
    73.421243390988));
#1005 = CARTESIAN_POINT('',(-81.81784374149,123.65142443333,
    73.740185743918));
#1006 = CARTESIAN_POINT('',(-81.64300839879,123.67599632213,
    73.899807407889));
#1007 = CARTESIAN_POINT('',(-81.46790226457,123.69971870201,
    74.059529380127));
#1008 = CARTESIAN_POINT('',(-81.2924659675,123.72259546454,
    74.219304647056));
#1009 = CARTESIAN_POINT('',(-81.11664781403,123.74462446891,
    74.379089356549));
#1010 = CARTESIAN_POINT('',(-80.94040421158,123.76579841994,
    74.538842816886));
#1011 = CARTESIAN_POINT('',(-80.76370009732,123.78610574544,
    74.698527490094));
#1012 = CARTESIAN_POINT('',(-80.58650935792,123.80553147454,
    74.858108993671));
#1013 = CARTESIAN_POINT('',(-80.4088152616,123.82405811473,
    75.01755609165));
#1014 = CARTESIAN_POINT('',(-80.23061087599,123.84166653046,
    75.176840697274));
#1015 = CARTESIAN_POINT('',(-80.05189949996,123.85833682011,
    75.335937864815));
#1016 = CARTESIAN_POINT('',(-79.87269508368,123.87404919436,
    75.494825790093));
#1017 = CARTESIAN_POINT('',(-79.69302265713,123.88878485359,
    75.653485805054));
#1018 = CARTESIAN_POINT('',(-79.42286680169,123.90939787195,
    75.891110661122));
#1019 = CARTESIAN_POINT('',(-79.33270565144,123.91602050742,
    75.97025727518));
#1020 = CARTESIAN_POINT('',(-79.24243953315,123.92239253662,
    76.049340183062));
#1021 = CARTESIAN_POINT('',(-79.15207297077,123.92851184854,
    76.128357286251));
#1022 = CARTESIAN_POINT('',(-79.06161078112,123.93437645699,
    76.207306423044));
#1023 = CARTESIAN_POINT('',(-78.9710580752,123.93998450015,
    76.286185367638));
#1024 = CARTESIAN_POINT('',(-78.88042025608,123.94533424134,
    76.364991831663));
#1025 = CARTESIAN_POINT('',(-78.78970302176,123.95042406793,
    76.443723462025));
#1026 = CARTESIAN_POINT('',(-78.69891236191,123.95525249263,
    76.522377843472));
#1027 = CARTESIAN_POINT('',(-78.60805456098,123.95981815221,
    76.600952495998));
#1028 = CARTESIAN_POINT('',(-78.51713619574,123.96411980857,
    76.679444877085));
#1029 = CARTESIAN_POINT('',(-78.42616413689,123.968156348,
    76.757852380048));
#1030 = CARTESIAN_POINT('',(-78.33514554818,123.97192678158,
    76.836172335077));
#1031 = CARTESIAN_POINT('',(-78.19855905611,123.97718197674,
    76.953516845481));
#1032 = CARTESIAN_POINT('',(-78.15302034517,123.97886689355,
    76.99260921926));
#1033 = CARTESIAN_POINT('',(-78.10747265325,123.98048493269,
    77.031678661844));
#1034 = CARTESIAN_POINT('',(-78.0619168796,123.98203603139,
    77.070724705437));
#1035 = CARTESIAN_POINT('',(-78.01635392353,123.98352012687,
    77.109746881373));
#1036 = CARTESIAN_POINT('',(-77.97078468426,123.98493715638,
    77.148744722567));
#1037 = CARTESIAN_POINT('',(-77.9252100611,123.98628705714,
    77.187717759591));
#1038 = CARTESIAN_POINT('',(-77.87963095332,123.98756976639,
    77.226665525907));
#1039 = CARTESIAN_POINT('',(-77.83404826012,123.98878522137,
    77.265587551979));
#1040 = CARTESIAN_POINT('',(-77.78846288089,123.98993335929,
    77.304483370894));
#1041 = CARTESIAN_POINT('',(-77.74287571477,123.9910141174,
    77.34335251381));
#1042 = CARTESIAN_POINT('',(-77.69728766114,123.99202743292,
    77.382194513064));
#1043 = CARTESIAN_POINT('',(-77.6516996192,123.9929732431,
    77.421008900409));
#1044 = CARTESIAN_POINT('',(-77.58331892277,123.99429060618,
    77.479188361525));
#1045 = CARTESIAN_POINT('',(-77.5605255898,123.99471285097,
    77.498574459346));
#1046 = CARTESIAN_POINT('',(-77.53773259506,123.99511821785,
    77.517953422213));
#1047 = CARTESIAN_POINT('',(-77.51494004397,123.99550670524,
    77.537325171383));
#1048 = CARTESIAN_POINT('',(-77.49214804265,123.99587831136,
    77.556689627295));
#1049 = CARTESIAN_POINT('',(-77.46935669593,123.9962330348,
    77.576046711981));
#1050 = CARTESIAN_POINT('',(-77.44656611064,123.99657087357,
    77.595396344939));
#1051 = CARTESIAN_POINT('',(-77.42377639099,123.99689182645,
    77.614738449031));
#1052 = CARTESIAN_POINT('',(-77.40098764407,123.99719589136,
    77.634072943361));
#1053 = CARTESIAN_POINT('',(-77.37819997433,123.99748306702,
    77.653399750571));
#1054 = CARTESIAN_POINT('',(-77.35541348823,123.99775335153,
    77.672718790506));
#1055 = CARTESIAN_POINT('',(-77.33262829096,123.9980067434,
    77.692029984849));
#1056 = CARTESIAN_POINT('',(-77.30984448837,123.99824324091,
    77.711333254299));
#1057 = CARTESIAN_POINT('',(-77.27567103488,123.9985726432,
    77.740276152802));
#1058 = CARTESIAN_POINT('',(-77.26428025703,123.99867822057,
    77.749921781878));
#1059 = CARTESIAN_POINT('',(-77.25288986448,123.99877957456,
    77.759565395916));
#1060 = CARTESIAN_POINT('',(-77.24149986884,123.99887670518,
    77.769206983902));
#1061 = CARTESIAN_POINT('',(-77.23011028263,123.99896961244,
    77.778846534166));
#1062 = CARTESIAN_POINT('',(-77.21872111664,123.99905829634,
    77.788484036278));
#1063 = CARTESIAN_POINT('',(-77.20733238436,123.99914275691,
    77.798119477903));
#1064 = CARTESIAN_POINT('',(-77.19594409573,123.99922299413,
    77.807752849151));
#1065 = CARTESIAN_POINT('',(-77.18455626464,123.99929900804,
    77.817384137471));
#1066 = CARTESIAN_POINT('',(-77.17316890127,123.99937079862,
    77.827013332786));
#1067 = CARTESIAN_POINT('',(-77.16178201874,123.9994383659,
    77.836640423053));
#1068 = CARTESIAN_POINT('',(-77.15039562821,123.99950170988,
    77.846265397557));
#1069 = CARTESIAN_POINT('',(-77.13900974192,123.99956083058,
    77.855888244829));
#1070 = CARTESIAN_POINT('',(-77.1219316865,123.9996431767,
    77.870319308215));
#1071 = CARTESIAN_POINT('',(-77.11623913016,123.99966956961,
    77.8751291279));
#1072 = CARTESIAN_POINT('',(-77.110546704,123.99969490672,
    77.879938411445));
#1073 = CARTESIAN_POINT('',(-77.10485440931,123.99971918805,
    77.884747157041));
#1074 = CARTESIAN_POINT('',(-77.09916224765,123.99974241358,
    77.889555363944));
#1075 = CARTESIAN_POINT('',(-77.09347022003,123.99976458336,
    77.894363029384));
#1076 = CARTESIAN_POINT('',(-77.0877783283,123.99978569735,
    77.899170153774));
#1077 = CARTESIAN_POINT('',(-77.08208657329,123.9998057556,
    77.903976733327));
#1078 = CARTESIAN_POINT('',(-77.07639495685,123.99982475807,
    77.908782768944));
#1079 = CARTESIAN_POINT('',(-77.07070347998,123.99984270482,
    77.913588257093));
#1080 = CARTESIAN_POINT('',(-77.06501214427,123.99985959581,
    77.918393197781));
#1081 = CARTESIAN_POINT('',(-77.05932095096,123.99987543108,
    77.92319758865));
#1082 = CARTESIAN_POINT('',(-77.05362990149,123.99989021061,
    77.928001428645));
#1083 = CARTESIAN_POINT('',(-77.04509354502,123.99991079633,
    77.93520635988));
#1084 = CARTESIAN_POINT('',(-77.04224812915,123.99991739431,
    77.937607865517));
#1085 = CARTESIAN_POINT('',(-77.03940274969,123.99992372836,
    77.940009232774));
#1086 = CARTESIAN_POINT('',(-77.03655740689,123.99992979848,
    77.942410461691));
#1087 = CARTESIAN_POINT('',(-77.03371210072,123.99993560467,
    77.944811551595));
#1088 = CARTESIAN_POINT('',(-77.03086683169,123.99994114694,
    77.947212503127));
#1089 = CARTESIAN_POINT('',(-77.02802159946,123.99994642528,
    77.949613314922));
#1090 = CARTESIAN_POINT('',(-77.02517640478,123.9999514397,
    77.952013988195));
#1091 = CARTESIAN_POINT('',(-77.02233124722,123.9999561902,
    77.954414521337));
#1092 = CARTESIAN_POINT('',(-77.01948612746,123.99996067677,
    77.95681491538));
#1093 = CARTESIAN_POINT('',(-77.01664104527,123.99996489942,
    77.959215169251));
#1094 = CARTESIAN_POINT('',(-77.01379600106,123.99996885815,
    77.961615283292));
#1095 = CARTESIAN_POINT('',(-77.01095099486,123.99997255296,
    77.96401525706));
#1096 = CARTESIAN_POINT('',(-77.0066835429,123.99997769929,
    77.967615007155));
#1097 = CARTESIAN_POINT('',(-77.00526106846,123.99997934876,
    77.968814888759));
#1098 = CARTESIAN_POINT('',(-77.00383860361,123.99998093224,
    77.970014735218));
#1099 = CARTESIAN_POINT('',(-77.00241614829,123.99998244975,
    77.971214546597));
#1100 = CARTESIAN_POINT('',(-77.00099370272,123.99998390127,
    77.972414322678));
#1101 = CARTESIAN_POINT('',(-76.99957126654,123.99998528683,
    77.973614063761));
#1102 = CARTESIAN_POINT('',(-76.99814884034,123.99998660639,
    77.974813769395));
#1103 = CARTESIAN_POINT('',(-76.99672642345,123.99998785999,
    77.976013440008));
#1104 = CARTESIAN_POINT('',(-76.99530401657,123.99998904759,
    77.977213075191));
#1105 = CARTESIAN_POINT('',(-76.99388161915,123.99999016923,
    77.978412675184));
#1106 = CARTESIAN_POINT('',(-76.99245923162,123.99999122488,
    77.97961223982));
#1107 = CARTESIAN_POINT('',(-76.99103685375,123.99999221455,
    77.980811769136));
#1108 = CARTESIAN_POINT('',(-76.98961448569,123.99999313825,
    77.982011263087));
#1109 = CARTESIAN_POINT('',(-76.98748094825,123.99999442482,
    77.983810450941));
#1110 = CARTESIAN_POINT('',(-76.98676977157,123.99999483719,
    77.984410171378));
#1111 = CARTESIAN_POINT('',(-76.98605859729,123.99999523306,
    77.985009882976));
#1112 = CARTESIAN_POINT('',(-76.98534742556,123.99999561243,
    77.985609585692));
#1113 = CARTESIAN_POINT('',(-76.98463625609,123.99999597532,
    77.986209279625));
#1114 = CARTESIAN_POINT('',(-76.9839250894,123.99999632169,
    77.986808964559));
#1115 = CARTESIAN_POINT('',(-76.98321392472,123.9999966516,
    77.987408640855));
#1116 = CARTESIAN_POINT('',(-76.98250276302,123.99999696497,
    77.988008308003));
#1117 = CARTESIAN_POINT('',(-76.98179160328,123.99999726189,
    77.98860796658));
#1118 = CARTESIAN_POINT('',(-76.98108044641,123.99999754229,
    77.989207616036));
#1119 = CARTESIAN_POINT('',(-76.98036929174,123.99999780621,
    77.989807256791));
#1120 = CARTESIAN_POINT('',(-76.97965813969,123.99999805362,
    77.990406888577));
#1121 = CARTESIAN_POINT('',(-76.97894699005,123.99999828455,
    77.991006511522));
#1122 = CARTESIAN_POINT('',(-76.97752469575,123.99999871341,
    77.992205739629));
#1123 = CARTESIAN_POINT('',(-76.97676655949,123.99999891134,
    77.992767913621));
#1124 = CARTESIAN_POINT('',(-76.97646424984,123.99999909278,
    77.993693165837));
#1125 = CARTESIAN_POINT('',(-76.97396580909,123.99999925772,
    77.992869076991));
#1126 = CARTESIAN_POINT('',(-76.97834568417,123.99999940622,
    77.997523905987));
#1127 = CARTESIAN_POINT('',(-76.96724862133,123.99999953805,
    77.989850555098));
#1128 = CARTESIAN_POINT('',(-76.98240539135,123.99999965372,
    78.003089707916));
#1129 = CARTESIAN_POINT('',(-76.9631373733,123.99999975243,
    77.98890775336));
#1130 = CARTESIAN_POINT('',(-76.97916809762,123.99999983515,
    78.002843033517));
#1131 = CARTESIAN_POINT('',(-76.9668467425,123.99999990095,
    77.994194427928));
#1132 = CARTESIAN_POINT('',(-76.972223495,123.99999995053,
    77.999643255254));
#1133 = CARTESIAN_POINT('',(-76.96918487639,123.99999998349,
    77.998388800146));
#1134 = CARTESIAN_POINT('',(-76.96907273428,123.99999999999,
    77.999465421645));
#1135 = CARTESIAN_POINT('',(-76.96827990577,124.,78.));
#1136 = DEFINITIONAL_REPRESENTATION('',(#1137),#1141);
#1137 = LINE('',#1138,#1139);
#1138 = CARTESIAN_POINT('',(0.,0.));
#1139 = VECTOR('',#1140,1.);
#1140 = DIRECTION('',(0.,1.));
#1141 = ( GEOMETRIC_REPRESENTATION_CONTEXT(2) 
PARAMETRIC_REPRESENTATION_CONTEXT() REPRESENTATION_CONTEXT('2D SPACE',''
  ) );
#1142 = ORIENTED_EDGE('',*,*,#1143,.F.);
#1143 = EDGE_CURVE('',#1144,#141,#1146,.T.);
#1144 = VERTEX_POINT('',#1145);
#1145 = CARTESIAN_POINT('',(-69.73365171013,124.,105.));
#1146 = SURFACE_CURVE('',#1147,(#1151,#1158),.PCURVE_S1.);
#1147 = LINE('',#1148,#1149);
#1148 = CARTESIAN_POINT('',(-70.77390702195,124.,101.11771432346));
#1149 = VECTOR('',#1150,1.);
#1150 = DIRECTION('',(-0.258819045103,-0.,-0.965925826289));
#1151 = PCURVE('',#32,#1152);
#1152 = DEFINITIONAL_REPRESENTATION('',(#1153),#1157);
#1153 = LINE('',#1154,#1155);
#1154 = CARTESIAN_POINT('',(101.11771432346,136.72609297804));
#1155 = VECTOR('',#1156,1.);
#1156 = DIRECTION('',(-0.965925826289,-0.258819045103));
#1157 = ( GEOMETRIC_REPRESENTATION_CONTEXT(2) 
PARAMETRIC_REPRESENTATION_CONTEXT() REPRESENTATION_CONTEXT('2D SPACE',''
  ) );
#1158 = PCURVE('',#1159,#1164);
#1159 = CYLINDRICAL_SURFACE('',#1160,15.);
#1160 = AXIS2_PLACEMENT_3D('',#1161,#1162,#1163);
#1161 = CARTESIAN_POINT('',(-70.77390702195,109.,101.11771432346));
#1162 = DIRECTION('',(-0.258819045103,-0.,-0.965925826289));
#1163 = DIRECTION('',(-0.965925826289,0.,0.258819045103));
#1164 = DEFINITIONAL_REPRESENTATION('',(#1165),#1169);
#1165 = LINE('',#1166,#1167);
#1166 = CARTESIAN_POINT('',(1.570796326795,0.));
#1167 = VECTOR('',#1168,1.);
#1168 = DIRECTION('',(0.,1.));
#1169 = ( GEOMETRIC_REPRESENTATION_CONTEXT(2) 
PARAMETRIC_REPRESENTATION_CONTEXT() REPRESENTATION_CONTEXT('2D SPACE',''
  ) );
#1170 = ORIENTED_EDGE('',*,*,#1171,.F.);
#1171 = EDGE_CURVE('',#1172,#1144,#1174,.T.);
#1172 = VERTEX_POINT('',#1173);
#1173 = CARTESIAN_POINT('',(-39.,124.,105.));
#1174 = SURFACE_CURVE('',#1175,(#1179,#1186),.PCURVE_S1.);
#1175 = LINE('',#1176,#1177);
#1176 = CARTESIAN_POINT('',(-33.,124.,105.));
#1177 = VECTOR('',#1178,1.);
#1178 = DIRECTION('',(-1.,0.,0.));
#1179 = PCURVE('',#32,#1180);
#1180 = DEFINITIONAL_REPRESENTATION('',(#1181),#1185);
#1181 = LINE('',#1182,#1183);
#1182 = CARTESIAN_POINT('',(105.,174.5));
#1183 = VECTOR('',#1184,1.);
#1184 = DIRECTION('',(0.,-1.));
#1185 = ( GEOMETRIC_REPRESENTATION_CONTEXT(2) 
PARAMETRIC_REPRESENTATION_CONTEXT() REPRESENTATION_CONTEXT('2D SPACE',''
  ) );
#1186 = PCURVE('',#1187,#1192);
#1187 = CYLINDRICAL_SURFACE('',#1188,60.);
#1188 = AXIS2_PLACEMENT_3D('',#1189,#1190,#1191);
#1189 = CARTESIAN_POINT('',(-33.,64.,105.));
#1190 = DIRECTION('',(-1.,0.,0.));
#1191 = DIRECTION('',(0.,1.,-0.));
#1192 = DEFINITIONAL_REPRESENTATION('',(#1193),#1197);
#1193 = LINE('',#1194,#1195);
#1194 = CARTESIAN_POINT('',(-0.,0.));
#1195 = VECTOR('',#1196,1.);
#1196 = DIRECTION('',(-0.,1.));
#1197 = ( GEOMETRIC_REPRESENTATION_CONTEXT(2) 
PARAMETRIC_REPRESENTATION_CONTEXT() REPRESENTATION_CONTEXT('2D SPACE',''
  ) );
#1198 = ORIENTED_EDGE('',*,*,#1199,.F.);
#1199 = EDGE_CURVE('',#1200,#1172,#1202,.T.);
#1200 = VERTEX_POINT('',#1201);
#1201 = CARTESIAN_POINT('',(-39.,124.,53.));
#1202 = SURFACE_CURVE('',#1203,(#1207,#1214),.PCURVE_S1.);
#1203 = LINE('',#1204,#1205);
#1204 = CARTESIAN_POINT('',(-39.,124.,53.));
#1205 = VECTOR('',#1206,1.);
#1206 = DIRECTION('',(0.,-0.,1.));
#1207 = PCURVE('',#32,#1208);
#1208 = DEFINITIONAL_REPRESENTATION('',(#1209),#1213);
#1209 = LINE('',#1210,#1211);
#1210 = CARTESIAN_POINT('',(53.,168.5));
#1211 = VECTOR('',#1212,1.);
#1212 = DIRECTION('',(1.,0.));
#1213 = ( GEOMETRIC_REPRESENTATION_CONTEXT(2) 
PARAMETRIC_REPRESENTATION_CONTEXT() REPRESENTATION_CONTEXT('2D SPACE',''
  ) );
#1214 = PCURVE('',#1215,#1220);
#1215 = CYLINDRICAL_SURFACE('',#1216,6.);
#1216 = AXIS2_PLACEMENT_3D('',#1217,#1218,#1219);
#1217 = CARTESIAN_POINT('',(-39.,118.,53.));
#1218 = DIRECTION('',(0.,-0.,1.));
#1219 = DIRECTION('',(1.,0.,0.));
#1220 = DEFINITIONAL_REPRESENTATION('',(#1221),#1225);
#1221 = LINE('',#1222,#1223);
#1222 = CARTESIAN_POINT('',(1.570796326795,0.));
#1223 = VECTOR('',#1224,1.);
#1224 = DIRECTION('',(0.,1.));
#1225 = ( GEOMETRIC_REPRESENTATION_CONTEXT(2) 
PARAMETRIC_REPRESENTATION_CONTEXT() REPRESENTATION_CONTEXT('2D SPACE',''
  ) );
#1226 = ORIENTED_EDGE('',*,*,#1227,.F.);
#1227 = EDGE_CURVE('',#1228,#1200,#1230,.T.);
#1228 = VERTEX_POINT('',#1229);
#1229 = CARTESIAN_POINT('',(-25.,124.,39.));
#1230 = SURFACE_CURVE('',#1231,(#1236,#1243),.PCURVE_S1.);
#1231 = CIRCLE('',#1232,14.);
#1232 = AXIS2_PLACEMENT_3D('',#1233,#1234,#1235);
#1233 = CARTESIAN_POINT('',(-25.,124.,53.));
#1234 = DIRECTION('',(0.,1.,0.));
#1235 = DIRECTION('',(0.,0.,-1.));
#1236 = PCURVE('',#32,#1237);
#1237 = DEFINITIONAL_REPRESENTATION('',(#1238),#1242);
#1238 = CIRCLE('',#1239,14.);
#1239 = AXIS2_PLACEMENT_2D('',#1240,#1241);
#1240 = CARTESIAN_POINT('',(53.,182.5));
#1241 = DIRECTION('',(-1.,0.));
#1242 = ( GEOMETRIC_REPRESENTATION_CONTEXT(2) 
PARAMETRIC_REPRESENTATION_CONTEXT() REPRESENTATION_CONTEXT('2D SPACE',''
  ) );
#1243 = PCURVE('',#1244,#1249);
#1244 = TOROIDAL_SURFACE('',#1245,14.,6.);
#1245 = AXIS2_PLACEMENT_3D('',#1246,#1247,#1248);
#1246 = CARTESIAN_POINT('',(-25.,118.,53.));
#1247 = DIRECTION('',(0.,-1.,-0.));
#1248 = DIRECTION('',(0.,0.,-1.));
#1249 = DEFINITIONAL_REPRESENTATION('',(#1250),#1254);
#1250 = LINE('',#1251,#1252);
#1251 = CARTESIAN_POINT('',(-0.,4.712388980385));
#1252 = VECTOR('',#1253,1.);
#1253 = DIRECTION('',(-1.,0.));
#1254 = ( GEOMETRIC_REPRESENTATION_CONTEXT(2) 
PARAMETRIC_REPRESENTATION_CONTEXT() REPRESENTATION_CONTEXT('2D SPACE',''
  ) );
#1255 = ORIENTED_EDGE('',*,*,#1256,.F.);
#1256 = EDGE_CURVE('',#1257,#1228,#1259,.T.);
#1257 = VERTEX_POINT('',#1258);
#1258 = CARTESIAN_POINT('',(25.,124.,39.));
#1259 = SURFACE_CURVE('',#1260,(#1264,#1271),.PCURVE_S1.);
#1260 = LINE('',#1261,#1262);
#1261 = CARTESIAN_POINT('',(25.,124.,39.));
#1262 = VECTOR('',#1263,1.);
#1263 = DIRECTION('',(-1.,-0.,0.));
#1264 = PCURVE('',#32,#1265);
#1265 = DEFINITIONAL_REPRESENTATION('',(#1266),#1270);
#1266 = LINE('',#1267,#1268);
#1267 = CARTESIAN_POINT('',(39.,232.5));
#1268 = VECTOR('',#1269,1.);
#1269 = DIRECTION('',(0.,-1.));
#1270 = ( GEOMETRIC_REPRESENTATION_CONTEXT(2) 
PARAMETRIC_REPRESENTATION_CONTEXT() REPRESENTATION_CONTEXT('2D SPACE',''
  ) );
#1271 = PCURVE('',#1272,#1277);
#1272 = CYLINDRICAL_SURFACE('',#1273,6.);
#1273 = AXIS2_PLACEMENT_3D('',#1274,#1275,#1276);
#1274 = CARTESIAN_POINT('',(25.,118.,39.));
#1275 = DIRECTION('',(-1.,-0.,0.));
#1276 = DIRECTION('',(0.,0.,1.));
#1277 = DEFINITIONAL_REPRESENTATION('',(#1278),#1282);
#1278 = LINE('',#1279,#1280);
#1279 = CARTESIAN_POINT('',(1.570796326795,0.));
#1280 = VECTOR('',#1281,1.);
#1281 = DIRECTION('',(0.,1.));
#1282 = ( GEOMETRIC_REPRESENTATION_CONTEXT(2) 
PARAMETRIC_REPRESENTATION_CONTEXT() REPRESENTATION_CONTEXT('2D SPACE',''
  ) );
#1283 = ORIENTED_EDGE('',*,*,#1284,.F.);
#1284 = EDGE_CURVE('',#1285,#1257,#1287,.T.);
#1285 = VERTEX_POINT('',#1286);
#1286 = CARTESIAN_POINT('',(39.,124.,53.));
#1287 = SURFACE_CURVE('',#1288,(#1293,#1300),.PCURVE_S1.);
#1288 = CIRCLE('',#1289,14.);
#1289 = AXIS2_PLACEMENT_3D('',#1290,#1291,#1292);
#1290 = CARTESIAN_POINT('',(25.,124.,53.));
#1291 = DIRECTION('',(-0.,1.,0.));
#1292 = DIRECTION('',(1.,0.,0.));
#1293 = PCURVE('',#32,#1294);
#1294 = DEFINITIONAL_REPRESENTATION('',(#1295),#1299);
#1295 = CIRCLE('',#1296,14.);
#1296 = AXIS2_PLACEMENT_2D('',#1297,#1298);
#1297 = CARTESIAN_POINT('',(53.,232.5));
#1298 = DIRECTION('',(0.,1.));
#1299 = ( GEOMETRIC_REPRESENTATION_CONTEXT(2) 
PARAMETRIC_REPRESENTATION_CONTEXT() REPRESENTATION_CONTEXT('2D SPACE',''
  ) );
#1300 = PCURVE('',#1301,#1306);
#1301 = TOROIDAL_SURFACE('',#1302,14.,6.);
#1302 = AXIS2_PLACEMENT_3D('',#1303,#1304,#1305);
#1303 = CARTESIAN_POINT('',(25.,118.,53.));
#1304 = DIRECTION('',(0.,-1.,-0.));
#1305 = DIRECTION('',(1.,0.,0.));
#1306 = DEFINITIONAL_REPRESENTATION('',(#1307),#1311);
#1307 = LINE('',#1308,#1309);
#1308 = CARTESIAN_POINT('',(-0.,4.712388980385));
#1309 = VECTOR('',#1310,1.);
#1310 = DIRECTION('',(-1.,0.));
#1311 = ( GEOMETRIC_REPRESENTATION_CONTEXT(2) 
PARAMETRIC_REPRESENTATION_CONTEXT() REPRESENTATION_CONTEXT('2D SPACE',''
  ) );
#1312 = ORIENTED_EDGE('',*,*,#1313,.F.);
#1313 = EDGE_CURVE('',#1314,#1285,#1316,.T.);
#1314 = VERTEX_POINT('',#1315);
#1315 = CARTESIAN_POINT('',(39.,124.,105.));
#1316 = SURFACE_CURVE('',#1317,(#1321,#1328),.PCURVE_S1.);
#1317 = LINE('',#1318,#1319);
#1318 = CARTESIAN_POINT('',(39.,124.,105.));
#1319 = VECTOR('',#1320,1.);
#1320 = DIRECTION('',(-0.,0.,-1.));
#1321 = PCURVE('',#32,#1322);
#1322 = DEFINITIONAL_REPRESENTATION('',(#1323),#1327);
#1323 = LINE('',#1324,#1325);
#1324 = CARTESIAN_POINT('',(105.,246.5));
#1325 = VECTOR('',#1326,1.);
#1326 = DIRECTION('',(-1.,0.));
#1327 = ( GEOMETRIC_REPRESENTATION_CONTEXT(2) 
PARAMETRIC_REPRESENTATION_CONTEXT() REPRESENTATION_CONTEXT('2D SPACE',''
  ) );
#1328 = PCURVE('',#1329,#1334);
#1329 = CYLINDRICAL_SURFACE('',#1330,6.);
#1330 = AXIS2_PLACEMENT_3D('',#1331,#1332,#1333);
#1331 = CARTESIAN_POINT('',(39.,118.,105.));
#1332 = DIRECTION('',(-0.,0.,-1.));
#1333 = DIRECTION('',(-1.,-0.,0.));
#1334 = DEFINITIONAL_REPRESENTATION('',(#1335),#1339);
#1335 = LINE('',#1336,#1337);
#1336 = CARTESIAN_POINT('',(1.570796326795,0.));
#1337 = VECTOR('',#1338,1.);
#1338 = DIRECTION('',(0.,1.));
#1339 = ( GEOMETRIC_REPRESENTATION_CONTEXT(2) 
PARAMETRIC_REPRESENTATION_CONTEXT() REPRESENTATION_CONTEXT('2D SPACE',''
  ) );
#1340 = ORIENTED_EDGE('',*,*,#1341,.F.);
#1341 = EDGE_CURVE('',#1342,#1314,#1344,.T.);
#1342 = VERTEX_POINT('',#1343);
#1343 = CARTESIAN_POINT('',(69.733651710137,124.,105.));
#1344 = SURFACE_CURVE('',#1345,(#1349,#1356),.PCURVE_S1.);
#1345 = LINE('',#1346,#1347);
#1346 = CARTESIAN_POINT('',(69.185842870421,124.,105.));
#1347 = VECTOR('',#1348,1.);
#1348 = DIRECTION('',(-1.,0.,0.));
#1349 = PCURVE('',#32,#1350);
#1350 = DEFINITIONAL_REPRESENTATION('',(#1351),#1355);
#1351 = LINE('',#1352,#1353);
#1352 = CARTESIAN_POINT('',(105.,276.68584287042));
#1353 = VECTOR('',#1354,1.);
#1354 = DIRECTION('',(0.,-1.));
#1355 = ( GEOMETRIC_REPRESENTATION_CONTEXT(2) 
PARAMETRIC_REPRESENTATION_CONTEXT() REPRESENTATION_CONTEXT('2D SPACE',''
  ) );
#1356 = PCURVE('',#1357,#1362);
#1357 = CYLINDRICAL_SURFACE('',#1358,60.);
#1358 = AXIS2_PLACEMENT_3D('',#1359,#1360,#1361);
#1359 = CARTESIAN_POINT('',(69.185842870421,64.,105.));
#1360 = DIRECTION('',(-1.,0.,0.));
#1361 = DIRECTION('',(0.,1.,-0.));
#1362 = DEFINITIONAL_REPRESENTATION('',(#1363),#1367);
#1363 = LINE('',#1364,#1365);
#1364 = CARTESIAN_POINT('',(-0.,0.));
#1365 = VECTOR('',#1366,1.);
#1366 = DIRECTION('',(-0.,1.));
#1367 = ( GEOMETRIC_REPRESENTATION_CONTEXT(2) 
PARAMETRIC_REPRESENTATION_CONTEXT() REPRESENTATION_CONTEXT('2D SPACE',''
  ) );
#1368 = ORIENTED_EDGE('',*,*,#1369,.F.);
#1369 = EDGE_CURVE('',#1370,#1342,#1372,.T.);
#1370 = VERTEX_POINT('',#1371);
#1371 = CARTESIAN_POINT('',(76.968279905777,124.,78.));
#1372 = SURFACE_CURVE('',#1373,(#1377,#1384),.PCURVE_S1.);
#1373 = LINE('',#1374,#1375);
#1374 = CARTESIAN_POINT('',(85.511112605664,124.,46.117714323462));
#1375 = VECTOR('',#1376,1.);
#1376 = DIRECTION('',(-0.258819045103,0.,0.965925826289));
#1377 = PCURVE('',#32,#1378);
#1378 = DEFINITIONAL_REPRESENTATION('',(#1379),#1383);
#1379 = LINE('',#1380,#1381);
#1380 = CARTESIAN_POINT('',(46.117714323462,293.01111260566));
#1381 = VECTOR('',#1382,1.);
#1382 = DIRECTION('',(0.965925826289,-0.258819045103));
#1383 = ( GEOMETRIC_REPRESENTATION_CONTEXT(2) 
PARAMETRIC_REPRESENTATION_CONTEXT() REPRESENTATION_CONTEXT('2D SPACE',''
  ) );
#1384 = PCURVE('',#1385,#1390);
#1385 = CYLINDRICAL_SURFACE('',#1386,15.);
#1386 = AXIS2_PLACEMENT_3D('',#1387,#1388,#1389);
#1387 = CARTESIAN_POINT('',(85.511112605664,109.,46.117714323462));
#1388 = DIRECTION('',(-0.258819045103,0.,0.965925826289));
#1389 = DIRECTION('',(0.965925826289,0.,0.258819045103));
#1390 = DEFINITIONAL_REPRESENTATION('',(#1391),#1395);
#1391 = LINE('',#1392,#1393);
#1392 = CARTESIAN_POINT('',(1.570796326795,0.));
#1393 = VECTOR('',#1394,1.);
#1394 = DIRECTION('',(0.,1.));
#1395 = ( GEOMETRIC_REPRESENTATION_CONTEXT(2) 
PARAMETRIC_REPRESENTATION_CONTEXT() REPRESENTATION_CONTEXT('2D SPACE',''
  ) );
#1396 = ORIENTED_EDGE('',*,*,#1397,.T.);
#1397 = EDGE_CURVE('',#1370,#1398,#1400,.T.);
#1398 = VERTEX_POINT('',#1399);
#1399 = CARTESIAN_POINT('',(120.86464933237,124.,42.));
#1400 = SURFACE_CURVE('',#1401,(#1599,#1800),.PCURVE_S1.);
#1401 = ( BOUNDED_CURVE() B_SPLINE_CURVE(14,(#1402,#1403,#1404,#1405,
    #1406,#1407,#1408,#1409,#1410,#1411,#1412,#1413,#1414,#1415,#1416,
    #1417,#1418,#1419,#1420,#1421,#1422,#1423,#1424,#1425,#1426,#1427,
    #1428,#1429,#1430,#1431,#1432,#1433,#1434,#1435,#1436,#1437,#1438,
    #1439,#1440,#1441,#1442,#1443,#1444,#1445,#1446,#1447,#1448,#1449,
    #1450,#1451,#1452,#1453,#1454,#1455,#1456,#1457,#1458,#1459,#1460,
    #1461,#1462,#1463,#1464,#1465,#1466,#1467,#1468,#1469,#1470,#1471,
    #1472,#1473,#1474,#1475,#1476,#1477,#1478,#1479,#1480,#1481,#1482,
    #1483,#1484,#1485,#1486,#1487,#1488,#1489,#1490,#1491,#1492,#1493,
    #1494,#1495,#1496,#1497,#1498,#1499,#1500,#1501,#1502,#1503,#1504,
    #1505,#1506,#1507,#1508,#1509,#1510,#1511,#1512,#1513,#1514,#1515,
    #1516,#1517,#1518,#1519,#1520,#1521,#1522,#1523,#1524,#1525,#1526,
    #1527,#1528,#1529,#1530,#1531,#1532,#1533,#1534,#1535,#1536,#1537,
    #1538,#1539,#1540,#1541,#1542,#1543,#1544,#1545,#1546,#1547,#1548,
    #1549,#1550,#1551,#1552,#1553,#1554,#1555,#1556,#1557,#1558,#1559,
    #1560,#1561,#1562,#1563,#1564,#1565,#1566,#1567,#1568,#1569,#1570,
    #1571,#1572,#1573,#1574,#1575,#1576,#1577,#1578,#1579,#1580,#1581,
    #1582,#1583,#1584,#1585,#1586,#1587,#1588,#1589,#1590,#1591,#1592,
    #1593,#1594,#1595,#1596,#1597,#1598),.UNSPECIFIED.,.F.,.F.) 
B_SPLINE_CURVE_WITH_KNOTS((15,13,13,13,13,13,13,13,13,13,13,13,13,13,13,
    15),(0.,1.285486611604E-02,2.570973223209E-02,5.141946446418E-02,
    0.102838928928,0.205677857857,0.411355715713,0.822711431427,
    1.645422862854,3.290845725708,6.581691451415,9.872537177123,
    13.16338290283,26.32676580566,52.134583815382,54.427243401312),
.UNSPECIFIED.) CURVE() GEOMETRIC_REPRESENTATION_ITEM() 
RATIONAL_B_SPLINE_CURVE((1.,1.,1.,1.,0.999999999999,1.000000000002,
    0.999999999998,1.000000000003,0.999999999997,1.000000000002,
    0.999999999999,1.000000000001,1.,1.,1.,1.,1.,0.999999999999,
    1.000000000001,0.999999999998,1.000000000002,0.999999999999,
    1.000000000001,1.,1.,1.,1.,1.,1.,1.000000000001,0.999999999998,
    1.000000000004,0.999999999994,1.000000000007,0.999999999993,
    1.000000000006,0.999999999996,1.000000000002,0.999999999999,1.,1.,1.
    ,1.,1.,1.,0.999999999999,1.000000000001,0.999999999999,
    1.000000000001,0.999999999999,1.,1.,1.,1.,1.000000000001,
    0.999999999998,1.000000000004,0.999999999993,1.000000000009,
    0.999999999989,1.00000000001,0.999999999993,1.000000000005,
    0.999999999998,1.000000000001,1.,1.,1.,1.000000000001,0.999999999998
    ,1.000000000003,0.999999999995,1.000000000005,0.999999999995,
    1.000000000004,0.999999999998,1.000000000001,1.,1.,1.,1.,1.,
    0.999999999999,1.000000000002,0.999999999996,1.000000000004,
    0.999999999996,1.000000000003,0.999999999998,1.000000000001,1.,1.,1.
    ,1.,1.,1.000000000001,0.999999999999,1.000000000001,0.999999999999,
    1.,1.,1.,1.,1.,1.,1.,1.000000000001,0.999999999999,1.000000000003,
    0.999999999995,1.000000000006,0.999999999994,1.000000000005,
    0.999999999996,1.000000000002,0.999999999999,1.,1.,1.,1.,
    0.999999999999,1.000000000002,0.999999999996,1.000000000005,
    0.999999999994,1.000000000005,0.999999999996,1.000000000003,
    0.999999999998,1.000000000001,1.,1.000000000001,0.999999999997,
    1.000000000009,0.999999999981,1.000000000031,0.99999999996,
    1.000000000043,0.999999999961,1.000000000028,0.999999999983,
    1.000000000008,0.999999999997,1.,1.,1.000000000001,0.999999999997,
    1.000000000006,0.999999999991,1.000000000011,0.999999999989,
    1.000000000009,0.999999999994,1.000000000003,0.999999999999,1.,1.,1.
    ,1.,1.,1.,1.,0.999999999999,1.000000000001,0.999999999998,
    1.000000000002,0.999999999999,1.000000000001,1.,1.,0.999999999999,
    1.000000000003,0.999999999992,1.000000000017,0.999999999973,
    1.000000000034,0.999999999966,1.000000000029,0.99999999998,
    1.000000000011,0.999999999995,1.000000000002,1.,1.,1.,1.,
    0.999999999999,1.000000000001,1.,1.,1.,1.,1.,1.,1.,1.,1.)) 
REPRESENTATION_ITEM('') );
#1402 = CARTESIAN_POINT('',(76.968279905777,124.,78.));
#1403 = CARTESIAN_POINT('',(76.968785752636,124.,77.999236868083));
#1404 = CARTESIAN_POINT('',(76.968720040614,124.,77.998018453343));
#1405 = CARTESIAN_POINT('',(76.971113119831,124.,77.998758542855));
#1406 = CARTESIAN_POINT('',(76.966434039327,124.,77.993865378249));
#1407 = CARTESIAN_POINT('',(76.976630244571,124.,78.000820919486));
#1408 = CARTESIAN_POINT('',(76.962994366153,124.,77.988793301336));
#1409 = CARTESIAN_POINT('',(76.979031633397,124.,78.000401437182));
#1410 = CARTESIAN_POINT('',(76.966129086767,124.,77.988957915634));
#1411 = CARTESIAN_POINT('',(76.975298090833,124.,77.995095194084));
#1412 = CARTESIAN_POINT('',(76.971455291052,124.,77.990868069852));
#1413 = CARTESIAN_POINT('',(76.973395382483,124.,77.991247220048));
#1414 = CARTESIAN_POINT('',(76.973489060051,124.,77.990155617861));
#1415 = CARTESIAN_POINT('',(76.973965986305,124.,77.989369273025));
#1416 = CARTESIAN_POINT('',(76.974840827749,124.,77.987733618871));
#1417 = CARTESIAN_POINT('',(76.975278252685,124.,77.986915780576));
#1418 = CARTESIAN_POINT('',(76.975715681936,124.,77.986097931099));
#1419 = CARTESIAN_POINT('',(76.976153115168,124.,77.985280070367));
#1420 = CARTESIAN_POINT('',(76.976590553089,124.,77.984462198589));
#1421 = CARTESIAN_POINT('',(76.977027994425,124.,77.983644315431));
#1422 = CARTESIAN_POINT('',(76.977465441005,124.,77.982826421394));
#1423 = CARTESIAN_POINT('',(76.977902890589,124.,77.982008515915));
#1424 = CARTESIAN_POINT('',(76.978340345437,124.,77.981190599577));
#1425 = CARTESIAN_POINT('',(76.978777803607,124.,77.980372671912));
#1426 = CARTESIAN_POINT('',(76.979215266458,124.,77.979554733273));
#1427 = CARTESIAN_POINT('',(76.979652733191,124.,77.97873678347));
#1428 = CARTESIAN_POINT('',(76.980090204155,124.,77.977918822611));
#1429 = CARTESIAN_POINT('',(76.981402629364,124.,77.975464906802));
#1430 = CARTESIAN_POINT('',(76.982277595989,124.,77.973828918653));
#1431 = CARTESIAN_POINT('',(76.983152579137,124.,77.972192886307));
#1432 = CARTESIAN_POINT('',(76.984027578385,124.,77.970556809899));
#1433 = CARTESIAN_POINT('',(76.984902594471,124.,77.96892068944));
#1434 = CARTESIAN_POINT('',(76.985777625849,124.,77.967284525176));
#1435 = CARTESIAN_POINT('',(76.986652674643,124.,77.96564831698));
#1436 = CARTESIAN_POINT('',(76.987527738056,124.,77.964012065218));
#1437 = CARTESIAN_POINT('',(76.988402818853,124.,77.962375769715));
#1438 = CARTESIAN_POINT('',(76.989277914486,124.,77.960739430787));
#1439 = CARTESIAN_POINT('',(76.990153026681,124.,77.959103048383));
#1440 = CARTESIAN_POINT('',(76.991028154299,124.,77.957466622676));
#1441 = CARTESIAN_POINT('',(76.991903297768,124.,77.95583015373));
#1442 = CARTESIAN_POINT('',(76.994528774998,124.,77.950920617488));
#1443 = CARTESIAN_POINT('',(76.996279155721,124.,77.947647420803));
#1444 = CARTESIAN_POINT('',(76.998029598372,124.,77.94437405233));
#1445 = CARTESIAN_POINT('',(76.99978010259,124.,77.941100512838));
#1446 = CARTESIAN_POINT('',(77.001530667418,124.,77.937826803012));
#1447 = CARTESIAN_POINT('',(77.003281292981,124.,77.934552923695));
#1448 = CARTESIAN_POINT('',(77.005031977713,124.,77.931278875492));
#1449 = CARTESIAN_POINT('',(77.006782722325,124.,77.928004659307));
#1450 = CARTESIAN_POINT('',(77.008533524897,124.,77.924730275723));
#1451 = CARTESIAN_POINT('',(77.010284386099,124.,77.92145572562));
#1452 = CARTESIAN_POINT('',(77.012035304452,124.,77.918181009641));
#1453 = CARTESIAN_POINT('',(77.013786279956,124.,77.914906128592));
#1454 = CARTESIAN_POINT('',(77.015537311787,124.,77.911631083184));
#1455 = CARTESIAN_POINT('',(77.020790574855,124.,77.90180545615));
#1456 = CARTESIAN_POINT('',(77.024292973358,124.,77.895254383993));
#1457 = CARTESIAN_POINT('',(77.027795590706,124.,77.888702663404));
#1458 = CARTESIAN_POINT('',(77.031298422902,124.,77.882150299829));
#1459 = CARTESIAN_POINT('',(77.034801465259,124.,77.875597299313));
#1460 = CARTESIAN_POINT('',(77.038304714371,124.,77.869043666776));
#1461 = CARTESIAN_POINT('',(77.041808164913,124.,77.862489408888));
#1462 = CARTESIAN_POINT('',(77.045311813944,124.,77.855934530034));
#1463 = CARTESIAN_POINT('',(77.048815656035,124.,77.849379037116));
#1464 = CARTESIAN_POINT('',(77.05231968795,124.,77.842822934698));
#1465 = CARTESIAN_POINT('',(77.05582390482,124.,77.836266229167));
#1466 = CARTESIAN_POINT('',(77.059328302798,124.,77.829708925728));
#1467 = CARTESIAN_POINT('',(77.062832877507,124.,77.823151030212));
#1468 = CARTESIAN_POINT('',(77.073347119357,124.,77.803475584142));
#1469 = CARTESIAN_POINT('',(77.080357300347,124.,77.790356278658));
#1470 = CARTESIAN_POINT('',(77.087368138059,124.,77.777234672073));
#1471 = CARTESIAN_POINT('',(77.094379602625,124.,77.764110804809));
#1472 = CARTESIAN_POINT('',(77.101391664532,124.,77.750984717111));
#1473 = CARTESIAN_POINT('',(77.108404293645,124.,77.737856449542));
#1474 = CARTESIAN_POINT('',(77.115417460744,124.,77.724726042176));
#1475 = CARTESIAN_POINT('',(77.122431135463,124.,77.711593535735));
#1476 = CARTESIAN_POINT('',(77.129445288667,124.,77.698458970199));
#1477 = CARTESIAN_POINT('',(77.136459890089,124.,77.685322386276));
#1478 = CARTESIAN_POINT('',(77.143474910345,124.,77.67218382407));
#1479 = CARTESIAN_POINT('',(77.150490319475,124.,77.659043324102));
#1480 = CARTESIAN_POINT('',(77.157506087826,124.,77.64590092666));
#1481 = CARTESIAN_POINT('',(77.178554381201,124.,77.606468163075));
#1482 = CARTESIAN_POINT('',(77.192587841174,124.,77.580172287944));
#1483 = CARTESIAN_POINT('',(77.206622385255,124.,77.553869301564));
#1484 = CARTESIAN_POINT('',(77.220657833168,124.,77.527559458918));
#1485 = CARTESIAN_POINT('',(77.234694004629,124.,77.501243014612));
#1486 = CARTESIAN_POINT('',(77.248730719377,124.,77.474920223951));
#1487 = CARTESIAN_POINT('',(77.262767797085,124.,77.44859134118));
#1488 = CARTESIAN_POINT('',(77.276805057568,124.,77.422256621893));
#1489 = CARTESIAN_POINT('',(77.29084232041,124.,77.395916320225));
#1490 = CARTESIAN_POINT('',(77.304879405487,124.,77.369570691659));
#1491 = CARTESIAN_POINT('',(77.318916132382,124.,77.343219990615));
#1492 = CARTESIAN_POINT('',(77.332952320914,124.,77.316864472222));
#1493 = CARTESIAN_POINT('',(77.34698779075,124.,77.290504391216));
#1494 = CARTESIAN_POINT('',(77.389091503402,124.,77.211411225096));
#1495 = CARTESIAN_POINT('',(77.417156425407,124.,77.158665914534));
#1496 = CARTESIAN_POINT('',(77.445216438215,124.,77.1059052446));
#1497 = CARTESIAN_POINT('',(77.473270852139,124.,77.053130388755));
#1498 = CARTESIAN_POINT('',(77.501318978078,124.,77.00034252115));
#1499 = CARTESIAN_POINT('',(77.529360125824,124.,76.947542814737));
#1500 = CARTESIAN_POINT('',(77.557393606912,124.,76.894732444169));
#1501 = CARTESIAN_POINT('',(77.585418730563,124.,76.841912582095));
#1502 = CARTESIAN_POINT('',(77.613434808602,124.,76.78908440314));
#1503 = CARTESIAN_POINT('',(77.641441150368,124.,76.736249080297));
#1504 = CARTESIAN_POINT('',(77.669437067207,124.,76.683407787684));
#1505 = CARTESIAN_POINT('',(77.697421869108,124.,76.630561698776));
#1506 = CARTESIAN_POINT('',(77.725394866814,124.,76.577711987349));
#1507 = CARTESIAN_POINT('',(77.809276378576,124.,76.419155506502));
#1508 = CARTESIAN_POINT('',(77.865150013628,124.,76.313438719383));
#1509 = CARTESIAN_POINT('',(77.920974746467,124.,76.207714182302));
#1510 = CARTESIAN_POINT('',(77.976749697423,124.,76.101986037827));
#1511 = CARTESIAN_POINT('',(78.032474635443,124.,75.996257854327));
#1512 = CARTESIAN_POINT('',(78.088149980226,124.,75.890532626361));
#1513 = CARTESIAN_POINT('',(78.14377679889,124.,75.784812773944));
#1514 = CARTESIAN_POINT('',(78.199356810359,124.,75.679100143708));
#1515 = CARTESIAN_POINT('',(78.254892380452,124.,75.573396007355));
#1516 = CARTESIAN_POINT('',(78.310386526576,124.,75.4677010634));
#1517 = CARTESIAN_POINT('',(78.365842913902,124.,75.362015435514));
#1518 = CARTESIAN_POINT('',(78.421265858007,124.,75.256338673843));
#1519 = CARTESIAN_POINT('',(78.476660323344,124.,75.15066975414));
#1520 = CARTESIAN_POINT('',(78.642775125217,124.,74.833681726402));
#1521 = CARTESIAN_POINT('',(78.753424078328,124.,74.622388024533));
#1522 = CARTESIAN_POINT('',(78.864018618632,124.,74.411116195028));
#1523 = CARTESIAN_POINT('',(78.97460429851,124.,74.199857484729));
#1524 = CARTESIAN_POINT('',(79.08523106761,124.,73.988604288011));
#1525 = CARTESIAN_POINT('',(79.195951952491,124.,73.777350268789));
#1526 = CARTESIAN_POINT('',(79.306821737302,124.,73.566090484297));
#1527 = CARTESIAN_POINT('',(79.417895642881,124.,73.354821506431));
#1528 = CARTESIAN_POINT('',(79.529228007899,124.,73.143541545959));
#1529 = CARTESIAN_POINT('',(79.640870967755,124.,72.932250573823));
#1530 = CARTESIAN_POINT('',(79.752873135571,124.,72.720950444988));
#1531 = CARTESIAN_POINT('',(79.865278281525,124.,72.509645020372));
#1532 = CARTESIAN_POINT('',(79.978124013293,124.,72.298340290008));
#1533 = CARTESIAN_POINT('',(80.204756898461,124.,71.87574870108));
#1534 = CARTESIAN_POINT('',(80.318543766519,124.,71.66445924272));
#1535 = CARTESIAN_POINT('',(80.432833169194,124.,71.453181606721));
#1536 = CARTESIAN_POINT('',(80.54764908499,124.,71.2419204345));
#1537 = CARTESIAN_POINT('',(80.663007702329,124.,71.030679273968));
#1538 = CARTESIAN_POINT('',(80.778918021271,124.,70.819460532564));
#1539 = CARTESIAN_POINT('',(80.895382718822,124.,70.608265635348));
#1540 = CARTESIAN_POINT('',(81.012399274962,124.,70.397095382362));
#1541 = CARTESIAN_POINT('',(81.129961361878,124.,70.18595051367));
#1542 = CARTESIAN_POINT('',(81.248060495125,124.,69.97483247169));
#1543 = CARTESIAN_POINT('',(81.366687946467,124.,69.763744371782));
#1544 = CARTESIAN_POINT('',(81.485836919794,124.,69.552692171188));
#1545 = CARTESIAN_POINT('',(81.605504988351,124.,69.341686043954));
#1546 = CARTESIAN_POINT('',(81.845888601108,124.,68.919797869781));
#1547 = CARTESIAN_POINT('',(81.966605746891,124.,68.708913432609));
#1548 = CARTESIAN_POINT('',(82.087850745266,124.,68.498107310884));
#1549 = CARTESIAN_POINT('',(82.209627199904,124.,68.287397307027));
#1550 = CARTESIAN_POINT('',(82.331939804084,124.,68.076800360664));
#1551 = CARTESIAN_POINT('',(82.454794342489,124.,67.866332547965));
#1552 = CARTESIAN_POINT('',(82.57819768821,124.,67.656009082756));
#1553 = CARTESIAN_POINT('',(82.702157806916,124.,67.44584431496));
#1554 = CARTESIAN_POINT('',(82.826683751948,124.,67.235851732446));
#1555 = CARTESIAN_POINT('',(82.951785669226,124.,67.026043959161));
#1556 = CARTESIAN_POINT('',(83.077474793076,124.,66.816432756736));
#1557 = CARTESIAN_POINT('',(83.20376344923,124.,66.60702902332));
#1558 = CARTESIAN_POINT('',(83.330665053027,124.,66.397842794286));
#1559 = CARTESIAN_POINT('',(83.968310339341,124.,65.353045032268));
#1560 = CARTESIAN_POINT('',(84.488480266154,124.,64.520829798711));
#1561 = CARTESIAN_POINT('',(85.019737816535,124.,63.692642413011));
#1562 = CARTESIAN_POINT('',(85.563443639906,124.,62.868730620188));
#1563 = CARTESIAN_POINT('',(86.121319907837,124.,62.048924646082));
#1564 = CARTESIAN_POINT('',(86.695232658908,124.,61.232909380548));
#1565 = CARTESIAN_POINT('',(87.28677973658,124.,60.420733353181));
#1566 = CARTESIAN_POINT('',(87.896805743681,124.,59.613295260254));
#1567 = CARTESIAN_POINT('',(88.525028823209,124.,58.812585337751));
#1568 = CARTESIAN_POINT('',(89.170027449447,124.,58.021495418891));
#1569 = CARTESIAN_POINT('',(89.829898801014,124.,57.243048049584));
#1570 = CARTESIAN_POINT('',(90.50396366191,124.,56.478931578947));
#1571 = CARTESIAN_POINT('',(91.195956182471,124.,55.727264677879));
#1572 = CARTESIAN_POINT('',(93.337175387906,124.,53.513599071858));
#1573 = CARTESIAN_POINT('',(94.817289522803,124.,52.099104657965));
#1574 = CARTESIAN_POINT('',(96.375430961759,124.,50.750832462572));
#1575 = CARTESIAN_POINT('',(98.020229282522,124.,49.458159316684));
#1576 = CARTESIAN_POINT('',(99.761677388882,124.,48.229418445503));
#1577 = CARTESIAN_POINT('',(101.5702108306,124.,47.086367645721));
#1578 = CARTESIAN_POINT('',(103.46568995588,124.,46.044288347069));
#1579 = CARTESIAN_POINT('',(105.43694062072,124.,45.100616318764));
#1580 = CARTESIAN_POINT('',(107.48293236539,124.,44.264128763862));
#1581 = CARTESIAN_POINT('',(109.61707375811,124.,43.555054757943));
#1582 = CARTESIAN_POINT('',(111.77903205586,124.,42.972715500129));
#1583 = CARTESIAN_POINT('',(114.00735760251,124.,42.5291693425));
#1584 = CARTESIAN_POINT('',(116.28548219461,124.,42.238767883023));
#1585 = CARTESIAN_POINT('',(118.71867754526,124.,42.077978983238));
#1586 = CARTESIAN_POINT('',(118.89485502257,124.,42.066033997823));
#1587 = CARTESIAN_POINT('',(119.06080311866,124.,42.055071004017));
#1588 = CARTESIAN_POINT('',(119.22320777304,124.,42.045057619228));
#1589 = CARTESIAN_POINT('',(119.38526659503,124.,42.036022779979));
#1590 = CARTESIAN_POINT('',(119.54812570599,124.,42.027999884114));
#1591 = CARTESIAN_POINT('',(119.71188706892,124.,42.021001840839));
#1592 = CARTESIAN_POINT('',(119.87625820772,124.,42.015019014241));
#1593 = CARTESIAN_POINT('',(120.04091617366,124.,42.010031084822));
#1594 = CARTESIAN_POINT('',(120.20565766999,124.,42.006023804515));
#1595 = CARTESIAN_POINT('',(120.37040719106,124.,42.00300167405));
#1596 = CARTESIAN_POINT('',(120.53515508046,124.,42.000987521287));
#1597 = CARTESIAN_POINT('',(120.69989737581,124.,42.000000000004));
#1598 = CARTESIAN_POINT('',(120.86464933237,124.,42.));
#1599 = PCURVE('',#32,#1600);
#1600 = DEFINITIONAL_REPRESENTATION('',(#1601),#1799);
#1601 = B_SPLINE_CURVE_WITH_KNOTS('',14,(#1602,#1603,#1604,#1605,#1606,
    #1607,#1608,#1609,#1610,#1611,#1612,#1613,#1614,#1615,#1616,#1617,
    #1618,#1619,#1620,#1621,#1622,#1623,#1624,#1625,#1626,#1627,#1628,
    #1629,#1630,#1631,#1632,#1633,#1634,#1635,#1636,#1637,#1638,#1639,
    #1640,#1641,#1642,#1643,#1644,#1645,#1646,#1647,#1648,#1649,#1650,
    #1651,#1652,#1653,#1654,#1655,#1656,#1657,#1658,#1659,#1660,#1661,
    #1662,#1663,#1664,#1665,#1666,#1667,#1668,#1669,#1670,#1671,#1672,
    #1673,#1674,#1675,#1676,#1677,#1678,#1679,#1680,#1681,#1682,#1683,
    #1684,#1685,#1686,#1687,#1688,#1689,#1690,#1691,#1692,#1693,#1694,
    #1695,#1696,#1697,#1698,#1699,#1700,#1701,#1702,#1703,#1704,#1705,
    #1706,#1707,#1708,#1709,#1710,#1711,#1712,#1713,#1714,#1715,#1716,
    #1717,#1718,#1719,#1720,#1721,#1722,#1723,#1724,#1725,#1726,#1727,
    #1728,#1729,#1730,#1731,#1732,#1733,#1734,#1735,#1736,#1737,#1738,
    #1739,#1740,#1741,#1742,#1743,#1744,#1745,#1746,#1747,#1748,#1749,
    #1750,#1751,#1752,#1753,#1754,#1755,#1756,#1757,#1758,#1759,#1760,
    #1761,#1762,#1763,#1764,#1765,#1766,#1767,#1768,#1769,#1770,#1771,
    #1772,#1773,#1774,#1775,#1776,#1777,#1778,#1779,#1780,#1781,#1782,
    #1783,#1784,#1785,#1786,#1787,#1788,#1789,#1790,#1791,#1792,#1793,
    #1794,#1795,#1796,#1797,#1798),.UNSPECIFIED.,.F.,.F.,(15,13,13,13,13
    ,13,13,13,13,13,13,13,13,13,13,15),(0.,1.285486611604E-02,
    2.570973223209E-02,5.141946446418E-02,0.102838928928,0.205677857857,
    0.411355715713,0.822711431427,1.645422862854,3.290845725708,
    6.581691451415,9.872537177123,13.16338290283,26.32676580566,
    52.134583815382,54.427243401312),.UNSPECIFIED.);
#1602 = CARTESIAN_POINT('',(78.,284.46827990577));
#1603 = CARTESIAN_POINT('',(77.999236868086,284.46878575266));
#1604 = CARTESIAN_POINT('',(77.998018453329,284.46872004046));
#1605 = CARTESIAN_POINT('',(77.99875854289,284.47111312023));
#1606 = CARTESIAN_POINT('',(77.993865378181,284.46643403848));
#1607 = CARTESIAN_POINT('',(78.000820919608,284.47663024602));
#1608 = CARTESIAN_POINT('',(77.988793301147,284.46299436405));
#1609 = CARTESIAN_POINT('',(78.000401437418,284.47903163591));
#1610 = CARTESIAN_POINT('',(77.988957915408,284.46612908432));
#1611 = CARTESIAN_POINT('',(77.995095194252,284.47529809271));
#1612 = CARTESIAN_POINT('',(77.990868069753,284.47145528992));
#1613 = CARTESIAN_POINT('',(77.991247220098,284.47339538299));
#1614 = CARTESIAN_POINT('',(77.990155617837,284.47348905989));
#1615 = CARTESIAN_POINT('',(77.989369273035,284.47396598632));
#1616 = CARTESIAN_POINT('',(77.987733618852,284.47484082774));
#1617 = CARTESIAN_POINT('',(77.986915780692,284.47527825265));
#1618 = CARTESIAN_POINT('',(77.986097930748,284.47571568204));
#1619 = CARTESIAN_POINT('',(77.985280071115,284.47615311488));
#1620 = CARTESIAN_POINT('',(77.984462197353,284.4765905536));
#1621 = CARTESIAN_POINT('',(77.983644317073,284.4770279937));
#1622 = CARTESIAN_POINT('',(77.982826419602,284.47746544182));
#1623 = CARTESIAN_POINT('',(77.982008517526,284.47790288984));
#1624 = CARTESIAN_POINT('',(77.98119059839,284.478340346));
#1625 = CARTESIAN_POINT('',(77.980372672615,284.47877780325));
#1626 = CARTESIAN_POINT('',(77.979554732952,284.47921526664));
#1627 = CARTESIAN_POINT('',(77.978736783572,284.47965273311));
#1628 = CARTESIAN_POINT('',(77.977918822597,284.48009020417));
#1629 = CARTESIAN_POINT('',(77.975464906813,284.4814026293));
#1630 = CARTESIAN_POINT('',(77.973828918638,284.4822775963));
#1631 = CARTESIAN_POINT('',(77.972192886318,284.48315257822));
#1632 = CARTESIAN_POINT('',(77.970556809899,284.48402758025));
#1633 = CARTESIAN_POINT('',(77.968920689424,284.48490259149));
#1634 = CARTESIAN_POINT('',(77.967284525213,284.48577762969));
#1635 = CARTESIAN_POINT('',(77.965648316921,284.48665267055));
#1636 = CARTESIAN_POINT('',(77.964012065291,284.48752774166));
#1637 = CARTESIAN_POINT('',(77.962375769645,284.48840281624));
#1638 = CARTESIAN_POINT('',(77.960739430838,284.48927791601));
#1639 = CARTESIAN_POINT('',(77.959103048357,284.49015302598));
#1640 = CARTESIAN_POINT('',(77.957466622684,284.49102815451));
#1641 = CARTESIAN_POINT('',(77.955830153731,284.49190329774));
#1642 = CARTESIAN_POINT('',(77.950920617482,284.49452877501));
#1643 = CARTESIAN_POINT('',(77.947647420841,284.49627915573));
#1644 = CARTESIAN_POINT('',(77.94437405222,284.49802959825));
#1645 = CARTESIAN_POINT('',(77.941100513051,284.49978010284));
#1646 = CARTESIAN_POINT('',(77.937826802707,284.50153066704));
#1647 = CARTESIAN_POINT('',(77.934552924034,284.50328129337));
#1648 = CARTESIAN_POINT('',(77.931278875193,284.50503197741));
#1649 = CARTESIAN_POINT('',(77.928004659523,284.50678272247));
#1650 = CARTESIAN_POINT('',(77.924730275591,284.50853352487));
#1651 = CARTESIAN_POINT('',(77.921455725688,284.51028438606));
#1652 = CARTESIAN_POINT('',(77.918181009613,284.51203530448));
#1653 = CARTESIAN_POINT('',(77.914906128601,284.51378627993));
#1654 = CARTESIAN_POINT('',(77.911631083183,284.51553731179));
#1655 = CARTESIAN_POINT('',(77.901805456149,284.52079057484));
#1656 = CARTESIAN_POINT('',(77.895254384007,284.52429297343));
#1657 = CARTESIAN_POINT('',(77.888702663359,284.52779559047));
#1658 = CARTESIAN_POINT('',(77.882150299929,284.5312984234));
#1659 = CARTESIAN_POINT('',(77.875597299143,284.53480146441));
#1660 = CARTESIAN_POINT('',(77.869043667017,284.53830471554));
#1661 = CARTESIAN_POINT('',(77.862489408601,284.54180816355));
#1662 = CARTESIAN_POINT('',(77.855934530319,284.54531181528));
#1663 = CARTESIAN_POINT('',(77.849379036884,284.54881565493));
#1664 = CARTESIAN_POINT('',(77.842822934847,284.55231968868));
#1665 = CARTESIAN_POINT('',(77.836266229094,284.55582390444));
#1666 = CARTESIAN_POINT('',(77.829708925753,284.55932830292));
#1667 = CARTESIAN_POINT('',(77.823151030208,284.56283287748));
#1668 = CARTESIAN_POINT('',(77.803475584146,284.57334711937));
#1669 = CARTESIAN_POINT('',(77.790356278648,284.58035730029));
#1670 = CARTESIAN_POINT('',(77.7772346721,284.58736813818));
#1671 = CARTESIAN_POINT('',(77.764110804736,284.59437960234));
#1672 = CARTESIAN_POINT('',(77.750984717266,284.6013916651));
#1673 = CARTESIAN_POINT('',(77.737856449282,284.60840429269));
#1674 = CARTESIAN_POINT('',(77.724726042521,284.61541746196));
#1675 = CARTESIAN_POINT('',(77.71159353537,284.62243113422));
#1676 = CARTESIAN_POINT('',(77.698458970506,284.62944528965));
#1677 = CARTESIAN_POINT('',(77.685322386072,284.63645988947));
#1678 = CARTESIAN_POINT('',(77.672183824172,284.64347491063));
#1679 = CARTESIAN_POINT('',(77.659043324068,284.65049031938));
#1680 = CARTESIAN_POINT('',(77.645900926664,284.65750608783));
#1681 = CARTESIAN_POINT('',(77.606468163075,284.67855438119));
#1682 = CARTESIAN_POINT('',(77.580172287927,284.69258784117));
#1683 = CARTESIAN_POINT('',(77.553869301625,284.70662238527));
#1684 = CARTESIAN_POINT('',(77.527559458779,284.72065783306));
#1685 = CARTESIAN_POINT('',(77.501243014849,284.73469400489));
#1686 = CARTESIAN_POINT('',(77.474920223635,284.74873071893));
#1687 = CARTESIAN_POINT('',(77.448591341513,284.76276779764));
#1688 = CARTESIAN_POINT('',(77.422256621615,284.77680505703));
#1689 = CARTESIAN_POINT('',(77.395916320409,284.79084232079));
#1690 = CARTESIAN_POINT('',(77.369570691564,284.80487940527));
#1691 = CARTESIAN_POINT('',(77.343219990653,284.81891613246));
#1692 = CARTESIAN_POINT('',(77.316864472212,284.83295232089));
#1693 = CARTESIAN_POINT('',(77.290504391217,284.84698779074));
#1694 = CARTESIAN_POINT('',(77.211411225096,284.88909150341));
#1695 = CARTESIAN_POINT('',(77.158665914528,284.91715642532));
#1696 = CARTESIAN_POINT('',(77.105905244624,284.94521643848));
#1697 = CARTESIAN_POINT('',(77.053130388686,284.9732708515));
#1698 = CARTESIAN_POINT('',(77.0003425213,285.00131897926));
#1699 = CARTESIAN_POINT('',(76.947542814491,285.02936012405));
#1700 = CARTESIAN_POINT('',(76.894732444487,285.05739360905));
#1701 = CARTESIAN_POINT('',(76.841912581765,285.08541872844));
#1702 = CARTESIAN_POINT('',(76.789084403417,285.11343481029));
#1703 = CARTESIAN_POINT('',(76.736249080111,285.1414411493));
#1704 = CARTESIAN_POINT('',(76.68340778778,285.16943706772));
#1705 = CARTESIAN_POINT('',(76.630561698741,285.19742186893));
#1706 = CARTESIAN_POINT('',(76.577711987356,285.22539486684));
#1707 = CARTESIAN_POINT('',(76.419155506491,285.30927637853));
#1708 = CARTESIAN_POINT('',(76.313438719431,285.36515001377));
#1709 = CARTESIAN_POINT('',(76.20771418217,285.42097474606));
#1710 = CARTESIAN_POINT('',(76.101986038095,285.47674969826));
#1711 = CARTESIAN_POINT('',(75.996257853897,285.53247463403));
#1712 = CARTESIAN_POINT('',(75.890532626924,285.58814998215));
#1713 = CARTESIAN_POINT('',(75.784812773337,285.64377679668));
#1714 = CARTESIAN_POINT('',(75.679100144246,285.69935681246));
#1715 = CARTESIAN_POINT('',(75.573396006966,285.7548923788));
#1716 = CARTESIAN_POINT('',(75.467701063625,285.81038652761));
#1717 = CARTESIAN_POINT('',(75.362015435415,285.8658429134));
#1718 = CARTESIAN_POINT('',(75.256338673872,285.92126585817));
#1719 = CARTESIAN_POINT('',(75.150669754138,285.97666032331));
#1720 = CARTESIAN_POINT('',(74.833681726396,286.14277512525));
#1721 = CARTESIAN_POINT('',(74.622388024582,286.25342407821));
#1722 = CARTESIAN_POINT('',(74.411116194873,286.36401861889));
#1723 = CARTESIAN_POINT('',(74.199857485053,286.47460429801));
#1724 = CARTESIAN_POINT('',(73.98860428749,286.58523106836));
#1725 = CARTESIAN_POINT('',(73.77735026946,286.69595195157));
#1726 = CARTESIAN_POINT('',(73.566090483584,286.8068217382));
#1727 = CARTESIAN_POINT('',(73.354821507063,286.91789564218));
#1728 = CARTESIAN_POINT('',(73.143541545489,287.0292280083));
#1729 = CARTESIAN_POINT('',(72.932250574115,287.14087096762));
#1730 = CARTESIAN_POINT('',(72.720950444836,287.25287313553));
#1731 = CARTESIAN_POINT('',(72.509645020439,287.36527828161));
#1732 = CARTESIAN_POINT('',(72.298340289984,287.47812401321));
#1733 = CARTESIAN_POINT('',(71.87574870112,287.70475689861));
#1734 = CARTESIAN_POINT('',(71.664459242488,287.81854376556));
#1735 = CARTESIAN_POINT('',(71.453181607405,287.93283317203));
#1736 = CARTESIAN_POINT('',(71.241920433074,288.04764907901));
#1737 = CARTESIAN_POINT('',(71.030679276282,288.16300771208));
#1738 = CARTESIAN_POINT('',(70.819460529534,288.27891800842));
#1739 = CARTESIAN_POINT('',(70.608265638605,288.3953827327));
#1740 = CARTESIAN_POINT('',(70.397095379479,288.5123992626));
#1741 = CARTESIAN_POINT('',(70.185950515762,288.6299613709));
#1742 = CARTESIAN_POINT('',(69.974832470464,288.74806048979));
#1743 = CARTESIAN_POINT('',(69.763744372343,288.86668794892));
#1744 = CARTESIAN_POINT('',(69.552692171003,288.98583691898));
#1745 = CARTESIAN_POINT('',(69.341686043985,289.10550498849));
#1746 = CARTESIAN_POINT('',(68.91979786976,289.345888601));
#1747 = CARTESIAN_POINT('',(68.708913432674,289.46660574722));
#1748 = CARTESIAN_POINT('',(68.498107310733,289.58785074445));
#1749 = CARTESIAN_POINT('',(68.287397307302,289.70962720144));
#1750 = CARTESIAN_POINT('',(68.076800360265,289.83193980176));
#1751 = CARTESIAN_POINT('',(67.866332548424,289.95479434532));
#1752 = CARTESIAN_POINT('',(67.656009082329,290.07819768536));
#1753 = CARTESIAN_POINT('',(67.445844315282,290.20215780926));
#1754 = CARTESIAN_POINT('',(67.23585173225,290.32668375036));
#1755 = CARTESIAN_POINT('',(67.026043959256,290.45178567008));
#1756 = CARTESIAN_POINT('',(66.8164327567,290.57747479272));
#1757 = CARTESIAN_POINT('',(66.607029023331,290.70376344932));
#1758 = CARTESIAN_POINT('',(66.397842794284,290.83066505302));
#1759 = CARTESIAN_POINT('',(65.353045032276,291.46831033932));
#1760 = CARTESIAN_POINT('',(64.520829798671,291.9884802663));
#1761 = CARTESIAN_POINT('',(63.692642413126,292.51973781605));
#1762 = CARTESIAN_POINT('',(62.868730619934,293.06344364094));
#1763 = CARTESIAN_POINT('',(62.048924646526,293.62131990612));
#1764 = CARTESIAN_POINT('',(61.232909379922,294.19523266117));
#1765 = CARTESIAN_POINT('',(60.420733353903,294.78677973412));
#1766 = CARTESIAN_POINT('',(59.613295259571,295.39680574585));
#1767 = CARTESIAN_POINT('',(58.81258533828,296.02502882166));
#1768 = CARTESIAN_POINT('',(58.021495418559,296.6700274503));
#1769 = CARTESIAN_POINT('',(57.243048049748,297.32989880068));
#1770 = CARTESIAN_POINT('',(56.478931578887,298.00396366196));
#1771 = CARTESIAN_POINT('',(55.727264677893,298.6959561825));
#1772 = CARTESIAN_POINT('',(53.513599071831,300.83717538773));
#1773 = CARTESIAN_POINT('',(52.09910465809,302.31728952382));
#1774 = CARTESIAN_POINT('',(50.750832462232,303.87543095872));
#1775 = CARTESIAN_POINT('',(49.458159317354,305.52022928891));
#1776 = CARTESIAN_POINT('',(48.229418444479,307.2616773785));
#1777 = CARTESIAN_POINT('',(47.086367646977,309.07021084406));
#1778 = CARTESIAN_POINT('',(46.044288345811,310.96568994165));
#1779 = CARTESIAN_POINT('',(45.100616319802,312.93694063308));
#1780 = CARTESIAN_POINT('',(44.264128763159,314.98293235658));
#1781 = CARTESIAN_POINT('',(43.555054758325,317.11707376322));
#1782 = CARTESIAN_POINT('',(42.972715499972,319.27903205353));
#1783 = CARTESIAN_POINT('',(42.529169342541,321.50735760329));
#1784 = CARTESIAN_POINT('',(42.238767883023,323.78548219445));
#1785 = CARTESIAN_POINT('',(42.077978983232,326.21867754527));
#1786 = CARTESIAN_POINT('',(42.066033997894,326.39485502262));
#1787 = CARTESIAN_POINT('',(42.055071003779,326.56080311845));
#1788 = CARTESIAN_POINT('',(42.045057619766,326.72320777362));
#1789 = CARTESIAN_POINT('',(42.036022779047,326.88526659388));
#1790 = CARTESIAN_POINT('',(42.0279998854,327.04812570772));
#1791 = CARTESIAN_POINT('',(42.021001839403,327.21188706686));
#1792 = CARTESIAN_POINT('',(42.01501901555,327.37625820968));
#1793 = CARTESIAN_POINT('',(42.010031083848,327.54091617216));
#1794 = CARTESIAN_POINT('',(42.006023805102,327.70565767092));
#1795 = CARTESIAN_POINT('',(42.003001673772,327.87040719061));
#1796 = CARTESIAN_POINT('',(42.000987521384,328.03515508062));
#1797 = CARTESIAN_POINT('',(41.999999999983,328.19989737578));
#1798 = CARTESIAN_POINT('',(42.,328.36464933237));
#1799 = ( GEOMETRIC_REPRESENTATION_CONTEXT(2) 
PARAMETRIC_REPRESENTATION_CONTEXT() REPRESENTATION_CONTEXT('2D SPACE',''
  ) );
#1800 = PCURVE('',#1801,#2393);
#1801 = ( BOUNDED_SURFACE() B_SPLINE_SURFACE(2,14,(
    (#1802,#1803,#1804,#1805,#1806,#1807,#1808,#1809,#1810,#1811,#1812
      ,#1813,#1814,#1815,#1816,#1817,#1818,#1819,#1820,#1821,#1822,#1823
      ,#1824,#1825,#1826,#1827,#1828,#1829,#1830,#1831,#1832,#1833,#1834
      ,#1835,#1836,#1837,#1838,#1839,#1840,#1841,#1842,#1843,#1844,#1845
      ,#1846,#1847,#1848,#1849,#1850,#1851,#1852,#1853,#1854,#1855,#1856
      ,#1857,#1858,#1859,#1860,#1861,#1862,#1863,#1864,#1865,#1866,#1867
      ,#1868,#1869,#1870,#1871,#1872,#1873,#1874,#1875,#1876,#1877,#1878
      ,#1879,#1880,#1881,#1882,#1883,#1884,#1885,#1886,#1887,#1888,#1889
      ,#1890,#1891,#1892,#1893,#1894,#1895,#1896,#1897,#1898,#1899,#1900
      ,#1901,#1902,#1903,#1904,#1905,#1906,#1907,#1908,#1909,#1910,#1911
      ,#1912,#1913,#1914,#1915,#1916,#1917,#1918,#1919,#1920,#1921,#1922
      ,#1923,#1924,#1925,#1926,#1927,#1928,#1929,#1930,#1931,#1932,#1933
      ,#1934,#1935,#1936,#1937,#1938,#1939,#1940,#1941,#1942,#1943,#1944
      ,#1945,#1946,#1947,#1948,#1949,#1950,#1951,#1952,#1953,#1954,#1955
      ,#1956,#1957,#1958,#1959,#1960,#1961,#1962,#1963,#1964,#1965,#1966
      ,#1967,#1968,#1969,#1970,#1971,#1972,#1973,#1974,#1975,#1976,#1977
      ,#1978,#1979,#1980,#1981,#1982,#1983,#1984,#1985,#1986,#1987,#1988
      ,#1989,#1990,#1991,#1992,#1993,#1994,#1995,#1996,#1997,#1998)
    ,(#1999,#2000,#2001,#2002,#2003,#2004,#2005,#2006,#2007,#2008,#2009
      ,#2010,#2011,#2012,#2013,#2014,#2015,#2016,#2017,#2018,#2019,#2020
      ,#2021,#2022,#2023,#2024,#2025,#2026,#2027,#2028,#2029,#2030,#2031
      ,#2032,#2033,#2034,#2035,#2036,#2037,#2038,#2039,#2040,#2041,#2042
      ,#2043,#2044,#2045,#2046,#2047,#2048,#2049,#2050,#2051,#2052,#2053
      ,#2054,#2055,#2056,#2057,#2058,#2059,#2060,#2061,#2062,#2063,#2064
      ,#2065,#2066,#2067,#2068,#2069,#2070,#2071,#2072,#2073,#2074,#2075
      ,#2076,#2077,#2078,#2079,#2080,#2081,#2082,#2083,#2084,#2085,#2086
      ,#2087,#2088,#2089,#2090,#2091,#2092,#2093,#2094,#2095,#2096,#2097
      ,#2098,#2099,#2100,#2101,#2102,#2103,#2104,#2105,#2106,#2107,#2108
      ,#2109,#2110,#2111,#2112,#2113,#2114,#2115,#2116,#2117,#2118,#2119
      ,#2120,#2121,#2122,#2123,#2124,#2125,#2126,#2127,#2128,#2129,#2130
      ,#2131,#2132,#2133,#2134,#2135,#2136,#2137,#2138,#2139,#2140,#2141
      ,#2142,#2143,#2144,#2145,#2146,#2147,#2148,#2149,#2150,#2151,#2152
      ,#2153,#2154,#2155,#2156,#2157,#2158,#2159,#2160,#2161,#2162,#2163
      ,#2164,#2165,#2166,#2167,#2168,#2169,#2170,#2171,#2172,#2173,#2174
      ,#2175,#2176,#2177,#2178,#2179,#2180,#2181,#2182,#2183,#2184,#2185
      ,#2186,#2187,#2188,#2189,#2190,#2191,#2192,#2193,#2194,#2195)
    ,(#2196,#2197,#2198,#2199,#2200,#2201,#2202,#2203,#2204,#2205,#2206
      ,#2207,#2208,#2209,#2210,#2211,#2212,#2213,#2214,#2215,#2216,#2217
      ,#2218,#2219,#2220,#2221,#2222,#2223,#2224,#2225,#2226,#2227,#2228
      ,#2229,#2230,#2231,#2232,#2233,#2234,#2235,#2236,#2237,#2238,#2239
      ,#2240,#2241,#2242,#2243,#2244,#2245,#2246,#2247,#2248,#2249,#2250
      ,#2251,#2252,#2253,#2254,#2255,#2256,#2257,#2258,#2259,#2260,#2261
      ,#2262,#2263,#2264,#2265,#2266,#2267,#2268,#2269,#2270,#2271,#2272
      ,#2273,#2274,#2275,#2276,#2277,#2278,#2279,#2280,#2281,#2282,#2283
      ,#2284,#2285,#2286,#2287,#2288,#2289,#2290,#2291,#2292,#2293,#2294
      ,#2295,#2296,#2297,#2298,#2299,#2300,#2301,#2302,#2303,#2304,#2305
      ,#2306,#2307,#2308,#2309,#2310,#2311,#2312,#2313,#2314,#2315,#2316
      ,#2317,#2318,#2319,#2320,#2321,#2322,#2323,#2324,#2325,#2326,#2327
      ,#2328,#2329,#2330,#2331,#2332,#2333,#2334,#2335,#2336,#2337,#2338
      ,#2339,#2340,#2341,#2342,#2343,#2344,#2345,#2346,#2347,#2348,#2349
      ,#2350,#2351,#2352,#2353,#2354,#2355,#2356,#2357,#2358,#2359,#2360
      ,#2361,#2362,#2363,#2364,#2365,#2366,#2367,#2368,#2369,#2370,#2371
      ,#2372,#2373,#2374,#2375,#2376,#2377,#2378,#2379,#2380,#2381,#2382
      ,#2383,#2384,#2385,#2386,#2387,#2388,#2389,#2390,#2391,#2392
)),.UNSPECIFIED.,.F.,.F.,.F.) B_SPLINE_SURFACE_WITH_KNOTS((3,3),(15,13,
    13,13,13,13,13,13,13,13,13,13,13,13,13,15),(0.,54.427243401312),(0.,
    1.285486611604E-02,2.570973223209E-02,5.141946446418E-02,
    0.102838928928,0.205677857857,0.411355715713,0.822711431427,
    1.645422862854,3.290845725708,6.581691451415,9.872537177123,
    13.16338290283,26.32676580566,52.134583815382,54.427243401312),
.UNSPECIFIED.) GEOMETRIC_REPRESENTATION_ITEM() RATIONAL_B_SPLINE_SURFACE
((
    (1.,1.,1.,1.,0.999999999999,1.000000000002,0.999999999998
      ,1.000000000003,0.999999999997,1.000000000002,0.999999999999
      ,1.000000000001,1.,1.,1.,1.,1.,0.999999999999,1.000000000001
      ,0.999999999998,1.000000000002,0.999999999999,1.000000000001,1.,1.
      ,1.,1.,1.,1.,1.000000000001,0.999999999998,1.000000000004
      ,0.999999999994,1.000000000007,0.999999999993,1.000000000006
      ,0.999999999996,1.000000000002,0.999999999999,1.,1.,1.,1.,1.,1.
      ,0.999999999999,1.000000000001,0.999999999999,1.000000000001
      ,0.999999999999,1.,1.,1.,1.,1.000000000001,0.999999999998
      ,1.000000000004,0.999999999993,1.000000000009,0.999999999989
      ,1.00000000001,0.999999999993,1.000000000005,0.999999999998
      ,1.000000000001,1.,1.,1.,1.000000000001,0.999999999998
      ,1.000000000003,0.999999999995,1.000000000005,0.999999999995
      ,1.000000000004,0.999999999998,1.000000000001,1.,1.,1.,1.,1.
      ,0.999999999999,1.000000000002,0.999999999996,1.000000000004
      ,0.999999999996,1.000000000003,0.999999999998,1.000000000001,1.,1.
      ,1.,1.,1.,1.000000000001,0.999999999999,1.000000000001
      ,0.999999999999,1.,1.,1.,1.,1.,1.,1.,1.000000000001,0.999999999999
      ,1.000000000003,0.999999999995,1.000000000006,0.999999999994
      ,1.000000000005,0.999999999996,1.000000000002,0.999999999999,1.,1.
      ,1.,1.,0.999999999999,1.000000000002,0.999999999996,1.000000000005
      ,0.999999999994,1.000000000005,0.999999999996,1.000000000003
      ,0.999999999998,1.000000000001,1.,1.000000000001,0.999999999997
      ,1.000000000009,0.999999999981,1.000000000031,0.99999999996
      ,1.000000000043,0.999999999961,1.000000000028,0.999999999983
      ,1.000000000008,0.999999999997,1.,1.,1.000000000001,0.999999999997
      ,1.000000000006,0.999999999991,1.000000000011,0.999999999989
      ,1.000000000009,0.999999999994,1.000000000003,0.999999999999,1.,1.
      ,1.,1.,1.,1.,1.,0.999999999999,1.000000000001,0.999999999998
      ,1.000000000002,0.999999999999,1.000000000001,1.,1.,0.999999999999
      ,1.000000000003,0.999999999992,1.000000000017,0.999999999973
      ,1.000000000034,0.999999999966,1.000000000029,0.99999999998
      ,1.000000000011,0.999999999995,1.000000000002,1.,1.,1.,1.
      ,0.999999999999,1.000000000001,1.,1.,1.,1.,1.,1.,1.,1.,1.)
    ,(1.,1.,0.999999999484,0.999999998455,0.999999996902,0.999999994852
      ,0.999999992256,0.999999989186,0.999999985552,0.999999981449
      ,0.999999976794,0.999999971647,0.999999965972,0.999999959786
      ,0.999999946381,0.999999939163,0.99999993143,0.99999992318
      ,0.999999914417,0.999999905133,0.999999895343,0.999999885025
      ,0.999999874204,0.999999862857,0.999999851002,0.999999838627
      ,0.999999825738,0.999999785524,0.999999756652,0.999999725717
      ,0.999999692722,0.99999965766,0.999999620543,0.999999581355
      ,0.999999540113,0.999999496802,0.999999451434,0.999999404
      ,0.999999354505,0.999999302948,0.999999142088,0.999999026599
      ,0.999998902861,0.999998770872,0.999998630635,0.999998482148
      ,0.999998325412,0.999998160425,0.999997987189,0.999997805704
      ,0.999997615969,0.999997417984,0.999997211749,0.999996568295
      ,0.999996106327,0.999995611359,0.999995083391,0.999994522423
      ,0.999993928454,0.999993301485,0.999992641515,0.999991948542
      ,0.999991222569,0.999990463593,0.999989671615,0.999988846634
      ,0.999986272682,0.999984424701,0.999982444704,0.999980332692
      ,0.999978088659,0.999975712608,0.999973204535,0.999970564436
      ,0.999967792317,0.999964888166,0.999961851991,0.999958683784
      ,0.999955383546,0.999945086734,0.999937693993,0.999929773085
      ,0.999921324041,0.999912346895,0.999902841672,0.999892808416
      ,0.999882247142,0.9998711579,0.999859540705,0.999847395601
      ,0.999834722613,0.999821521776,0.999780335806,0.999750765389
      ,0.999719083526,0.999685291876,0.999649392102,0.999611385853
      ,0.999571274808,0.999529060598,0.999484744914,0.999438329387
      ,0.999389815696,0.999339205489,0.999286500431,0.999122105674
      ,0.999004144781,0.998877843243,0.998743228473,0.998600331553
      ,0.998449187224,0.99828983391,0.998122313678,0.997946672293
      ,0.997762959154,0.997571227355,0.99737153364,0.997163938427
      ,0.996517640548,0.996055422504,0.995562332947,0.995038910506
      ,0.994485723295,0.993903341154,0.993292307702,0.99265311266
      ,0.991986163844,0.991291759509,0.990570060366,0.989821061864
      ,0.989044566288,0.987435743643,0.986603420342,0.98574288073
      ,0.984853580013,0.983934832554,0.982985905193,0.982006106106
      ,0.980994866369,0.979951817945,0.978876863908,0.977770244966
      ,0.976632598882,0.975465015244,0.973073152902,0.971849226025
      ,0.970597416215,0.969317867611,0.968010755687,0.9666762873
      ,0.965314700631,0.963926265242,0.962511282036,0.961070083273
      ,0.959603032572,0.958110524901,0.95659298659,0.948882430227
      ,0.942321165584,0.935397284069,0.928149692899,0.920628386502
      ,0.912886561026,0.904971943051,0.89692322424,0.888773901467
      ,0.880562231796,0.872342419256,0.864188560089,0.856179281116
      ,0.832992443199,0.817662027428,0.803701495308,0.790819543299
      ,0.778517531281,0.7674644959,0.757763930768,0.749077728292
      ,0.741234214803,0.73414338323,0.727766230453,0.722105810366
      ,0.717065930175,0.71205787487,0.711651020809,0.711248080582
      ,0.710849878793,0.71045652491,0.710067831469,0.709683558551
      ,0.709303524438,0.708927621613,0.708555778175,0.708187903782
      ,0.707823860122,0.707463495195,0.707106781187)
    ,(1.,1.,1.,1.,0.999999999999,1.000000000002,0.999999999998
      ,1.000000000003,0.999999999997,1.000000000002,0.999999999999
      ,1.000000000001,1.,1.,1.,1.,1.,0.999999999999,1.000000000001
      ,0.999999999998,1.000000000002,0.999999999999,1.000000000001,1.,1.
      ,1.,1.,1.,1.,1.000000000001,0.999999999998,1.000000000004
      ,0.999999999994,1.000000000007,0.999999999993,1.000000000006
      ,0.999999999996,1.000000000002,0.999999999999,1.,1.,1.,1.,1.,1.
      ,0.999999999999,1.000000000001,0.999999999999,1.000000000001
      ,0.999999999999,1.,1.,1.,1.,1.000000000001,0.999999999998
      ,1.000000000004,0.999999999993,1.000000000009,0.999999999989
      ,1.00000000001,0.999999999993,1.000000000005,0.999999999998
      ,1.000000000001,1.,1.,1.,1.000000000001,0.999999999998
      ,1.000000000003,0.999999999995,1.000000000005,0.999999999995
      ,1.000000000004,0.999999999998,1.000000000001,1.,1.,1.,1.,1.
      ,0.999999999999,1.000000000002,0.999999999996,1.000000000004
      ,0.999999999996,1.000000000003,0.999999999998,1.000000000001,1.,1.
      ,1.,1.,1.,1.000000000001,0.999999999999,1.000000000001
      ,0.999999999999,1.,1.,1.,1.,1.,1.,1.,1.000000000001,0.999999999999
      ,1.000000000003,0.999999999995,1.000000000006,0.999999999994
      ,1.000000000005,0.999999999996,1.000000000002,0.999999999999,1.,1.
      ,1.,1.,0.999999999999,1.000000000002,0.999999999996,1.000000000005
      ,0.999999999994,1.000000000005,0.999999999996,1.000000000003
      ,0.999999999998,1.000000000001,1.,1.000000000001,0.999999999997
      ,1.000000000009,0.999999999981,1.000000000031,0.99999999996
      ,1.000000000043,0.999999999961,1.000000000028,0.999999999983
      ,1.000000000008,0.999999999997,1.,1.,1.000000000001,0.999999999997
      ,1.000000000006,0.999999999991,1.000000000011,0.999999999989
      ,1.000000000009,0.999999999994,1.000000000003,0.999999999999,1.,1.
      ,1.,1.,1.,1.,1.,0.999999999999,1.000000000001,0.999999999998
      ,1.000000000002,0.999999999999,1.000000000001,1.,1.,0.999999999999
      ,1.000000000003,0.999999999992,1.000000000017,0.999999999973
      ,1.000000000034,0.999999999966,1.000000000029,0.99999999998
      ,1.000000000011,0.999999999995,1.000000000002,1.,1.,1.,1.
      ,0.999999999999,1.000000000001,1.,1.,1.,1.,1.,1.,1.,1.,1.
))) REPRESENTATION_ITEM('') SURFACE() );
#1802 = CARTESIAN_POINT('',(76.968279905777,124.,78.));
#1803 = CARTESIAN_POINT('',(76.968785752636,124.,77.999236868083));
#1804 = CARTESIAN_POINT('',(76.968720040614,124.,77.998018453343));
#1805 = CARTESIAN_POINT('',(76.971113119831,124.,77.998758542855));
#1806 = CARTESIAN_POINT('',(76.966434039327,124.,77.993865378249));
#1807 = CARTESIAN_POINT('',(76.976630244571,124.,78.000820919486));
#1808 = CARTESIAN_POINT('',(76.962994366153,124.,77.988793301336));
#1809 = CARTESIAN_POINT('',(76.979031633397,124.,78.000401437182));
#1810 = CARTESIAN_POINT('',(76.966129086767,124.,77.988957915634));
#1811 = CARTESIAN_POINT('',(76.975298090833,124.,77.995095194084));
#1812 = CARTESIAN_POINT('',(76.971455291052,124.,77.990868069852));
#1813 = CARTESIAN_POINT('',(76.973395382483,124.,77.991247220048));
#1814 = CARTESIAN_POINT('',(76.973489060051,124.,77.990155617861));
#1815 = CARTESIAN_POINT('',(76.973965986305,124.,77.989369273025));
#1816 = CARTESIAN_POINT('',(76.974840827749,124.,77.987733618871));
#1817 = CARTESIAN_POINT('',(76.975278252685,124.,77.986915780576));
#1818 = CARTESIAN_POINT('',(76.975715681936,124.,77.986097931099));
#1819 = CARTESIAN_POINT('',(76.976153115168,124.,77.985280070367));
#1820 = CARTESIAN_POINT('',(76.976590553089,124.,77.984462198589));
#1821 = CARTESIAN_POINT('',(76.977027994425,124.,77.983644315431));
#1822 = CARTESIAN_POINT('',(76.977465441005,124.,77.982826421394));
#1823 = CARTESIAN_POINT('',(76.977902890589,124.,77.982008515915));
#1824 = CARTESIAN_POINT('',(76.978340345437,124.,77.981190599577));
#1825 = CARTESIAN_POINT('',(76.978777803607,124.,77.980372671912));
#1826 = CARTESIAN_POINT('',(76.979215266458,124.,77.979554733273));
#1827 = CARTESIAN_POINT('',(76.979652733191,124.,77.97873678347));
#1828 = CARTESIAN_POINT('',(76.980090204155,124.,77.977918822611));
#1829 = CARTESIAN_POINT('',(76.981402629364,124.,77.975464906802));
#1830 = CARTESIAN_POINT('',(76.982277595989,124.,77.973828918653));
#1831 = CARTESIAN_POINT('',(76.983152579137,124.,77.972192886307));
#1832 = CARTESIAN_POINT('',(76.984027578385,124.,77.970556809899));
#1833 = CARTESIAN_POINT('',(76.984902594471,124.,77.96892068944));
#1834 = CARTESIAN_POINT('',(76.985777625849,124.,77.967284525176));
#1835 = CARTESIAN_POINT('',(76.986652674643,124.,77.96564831698));
#1836 = CARTESIAN_POINT('',(76.987527738056,124.,77.964012065218));
#1837 = CARTESIAN_POINT('',(76.988402818853,124.,77.962375769715));
#1838 = CARTESIAN_POINT('',(76.989277914486,124.,77.960739430787));
#1839 = CARTESIAN_POINT('',(76.990153026681,124.,77.959103048383));
#1840 = CARTESIAN_POINT('',(76.991028154299,124.,77.957466622676));
#1841 = CARTESIAN_POINT('',(76.991903297768,124.,77.95583015373));
#1842 = CARTESIAN_POINT('',(76.994528774998,124.,77.950920617488));
#1843 = CARTESIAN_POINT('',(76.996279155721,124.,77.947647420803));
#1844 = CARTESIAN_POINT('',(76.998029598372,124.,77.94437405233));
#1845 = CARTESIAN_POINT('',(76.99978010259,124.,77.941100512838));
#1846 = CARTESIAN_POINT('',(77.001530667418,124.,77.937826803012));
#1847 = CARTESIAN_POINT('',(77.003281292981,124.,77.934552923695));
#1848 = CARTESIAN_POINT('',(77.005031977713,124.,77.931278875492));
#1849 = CARTESIAN_POINT('',(77.006782722325,124.,77.928004659307));
#1850 = CARTESIAN_POINT('',(77.008533524897,124.,77.924730275723));
#1851 = CARTESIAN_POINT('',(77.010284386099,124.,77.92145572562));
#1852 = CARTESIAN_POINT('',(77.012035304452,124.,77.918181009641));
#1853 = CARTESIAN_POINT('',(77.013786279956,124.,77.914906128592));
#1854 = CARTESIAN_POINT('',(77.015537311787,124.,77.911631083184));
#1855 = CARTESIAN_POINT('',(77.020790574855,124.,77.90180545615));
#1856 = CARTESIAN_POINT('',(77.024292973358,124.,77.895254383993));
#1857 = CARTESIAN_POINT('',(77.027795590706,124.,77.888702663404));
#1858 = CARTESIAN_POINT('',(77.031298422902,124.,77.882150299829));
#1859 = CARTESIAN_POINT('',(77.034801465259,124.,77.875597299313));
#1860 = CARTESIAN_POINT('',(77.038304714371,124.,77.869043666776));
#1861 = CARTESIAN_POINT('',(77.041808164913,124.,77.862489408888));
#1862 = CARTESIAN_POINT('',(77.045311813944,124.,77.855934530034));
#1863 = CARTESIAN_POINT('',(77.048815656035,124.,77.849379037116));
#1864 = CARTESIAN_POINT('',(77.05231968795,124.,77.842822934698));
#1865 = CARTESIAN_POINT('',(77.05582390482,124.,77.836266229167));
#1866 = CARTESIAN_POINT('',(77.059328302798,124.,77.829708925728));
#1867 = CARTESIAN_POINT('',(77.062832877507,124.,77.823151030212));
#1868 = CARTESIAN_POINT('',(77.073347119357,124.,77.803475584142));
#1869 = CARTESIAN_POINT('',(77.080357300347,124.,77.790356278658));
#1870 = CARTESIAN_POINT('',(77.087368138059,124.,77.777234672073));
#1871 = CARTESIAN_POINT('',(77.094379602625,124.,77.764110804809));
#1872 = CARTESIAN_POINT('',(77.101391664532,124.,77.750984717111));
#1873 = CARTESIAN_POINT('',(77.108404293645,124.,77.737856449542));
#1874 = CARTESIAN_POINT('',(77.115417460744,124.,77.724726042176));
#1875 = CARTESIAN_POINT('',(77.122431135463,124.,77.711593535735));
#1876 = CARTESIAN_POINT('',(77.129445288667,124.,77.698458970199));
#1877 = CARTESIAN_POINT('',(77.136459890089,124.,77.685322386276));
#1878 = CARTESIAN_POINT('',(77.143474910345,124.,77.67218382407));
#1879 = CARTESIAN_POINT('',(77.150490319475,124.,77.659043324102));
#1880 = CARTESIAN_POINT('',(77.157506087826,124.,77.64590092666));
#1881 = CARTESIAN_POINT('',(77.178554381201,124.,77.606468163075));
#1882 = CARTESIAN_POINT('',(77.192587841174,124.,77.580172287944));
#1883 = CARTESIAN_POINT('',(77.206622385255,124.,77.553869301564));
#1884 = CARTESIAN_POINT('',(77.220657833168,124.,77.527559458918));
#1885 = CARTESIAN_POINT('',(77.234694004629,124.,77.501243014612));
#1886 = CARTESIAN_POINT('',(77.248730719377,124.,77.474920223951));
#1887 = CARTESIAN_POINT('',(77.262767797085,124.,77.44859134118));
#1888 = CARTESIAN_POINT('',(77.276805057568,124.,77.422256621893));
#1889 = CARTESIAN_POINT('',(77.29084232041,124.,77.395916320225));
#1890 = CARTESIAN_POINT('',(77.304879405487,124.,77.369570691659));
#1891 = CARTESIAN_POINT('',(77.318916132382,124.,77.343219990615));
#1892 = CARTESIAN_POINT('',(77.332952320914,124.,77.316864472222));
#1893 = CARTESIAN_POINT('',(77.34698779075,124.,77.290504391216));
#1894 = CARTESIAN_POINT('',(77.389091503402,124.,77.211411225096));
#1895 = CARTESIAN_POINT('',(77.417156425407,124.,77.158665914534));
#1896 = CARTESIAN_POINT('',(77.445216438215,124.,77.1059052446));
#1897 = CARTESIAN_POINT('',(77.473270852139,124.,77.053130388755));
#1898 = CARTESIAN_POINT('',(77.501318978078,124.,77.00034252115));
#1899 = CARTESIAN_POINT('',(77.529360125824,124.,76.947542814737));
#1900 = CARTESIAN_POINT('',(77.557393606912,124.,76.894732444169));
#1901 = CARTESIAN_POINT('',(77.585418730563,124.,76.841912582095));
#1902 = CARTESIAN_POINT('',(77.613434808602,124.,76.78908440314));
#1903 = CARTESIAN_POINT('',(77.641441150368,124.,76.736249080297));
#1904 = CARTESIAN_POINT('',(77.669437067207,124.,76.683407787684));
#1905 = CARTESIAN_POINT('',(77.697421869108,124.,76.630561698776));
#1906 = CARTESIAN_POINT('',(77.725394866814,124.,76.577711987349));
#1907 = CARTESIAN_POINT('',(77.809276378576,124.,76.419155506502));
#1908 = CARTESIAN_POINT('',(77.865150013628,124.,76.313438719383));
#1909 = CARTESIAN_POINT('',(77.920974746467,124.,76.207714182302));
#1910 = CARTESIAN_POINT('',(77.976749697423,124.,76.101986037827));
#1911 = CARTESIAN_POINT('',(78.032474635443,124.,75.996257854327));
#1912 = CARTESIAN_POINT('',(78.088149980226,124.,75.890532626361));
#1913 = CARTESIAN_POINT('',(78.14377679889,124.,75.784812773944));
#1914 = CARTESIAN_POINT('',(78.199356810359,124.,75.679100143708));
#1915 = CARTESIAN_POINT('',(78.254892380452,124.,75.573396007355));
#1916 = CARTESIAN_POINT('',(78.310386526576,124.,75.4677010634));
#1917 = CARTESIAN_POINT('',(78.365842913902,124.,75.362015435514));
#1918 = CARTESIAN_POINT('',(78.421265858007,124.,75.256338673843));
#1919 = CARTESIAN_POINT('',(78.476660323344,124.,75.15066975414));
#1920 = CARTESIAN_POINT('',(78.642775125217,124.,74.833681726402));
#1921 = CARTESIAN_POINT('',(78.753424078328,124.,74.622388024533));
#1922 = CARTESIAN_POINT('',(78.864018618632,124.,74.411116195028));
#1923 = CARTESIAN_POINT('',(78.97460429851,124.,74.199857484729));
#1924 = CARTESIAN_POINT('',(79.08523106761,124.,73.988604288011));
#1925 = CARTESIAN_POINT('',(79.195951952491,124.,73.777350268789));
#1926 = CARTESIAN_POINT('',(79.306821737302,124.,73.566090484297));
#1927 = CARTESIAN_POINT('',(79.417895642881,124.,73.354821506431));
#1928 = CARTESIAN_POINT('',(79.529228007899,124.,73.143541545959));
#1929 = CARTESIAN_POINT('',(79.640870967755,124.,72.932250573823));
#1930 = CARTESIAN_POINT('',(79.752873135571,124.,72.720950444988));
#1931 = CARTESIAN_POINT('',(79.865278281525,124.,72.509645020372));
#1932 = CARTESIAN_POINT('',(79.978124013293,124.,72.298340290008));
#1933 = CARTESIAN_POINT('',(80.204756898461,124.,71.87574870108));
#1934 = CARTESIAN_POINT('',(80.318543766519,124.,71.66445924272));
#1935 = CARTESIAN_POINT('',(80.432833169194,124.,71.453181606721));
#1936 = CARTESIAN_POINT('',(80.54764908499,124.,71.2419204345));
#1937 = CARTESIAN_POINT('',(80.663007702329,124.,71.030679273968));
#1938 = CARTESIAN_POINT('',(80.778918021271,124.,70.819460532564));
#1939 = CARTESIAN_POINT('',(80.895382718822,124.,70.608265635348));
#1940 = CARTESIAN_POINT('',(81.012399274962,124.,70.397095382362));
#1941 = CARTESIAN_POINT('',(81.129961361878,124.,70.18595051367));
#1942 = CARTESIAN_POINT('',(81.248060495125,124.,69.97483247169));
#1943 = CARTESIAN_POINT('',(81.366687946467,124.,69.763744371782));
#1944 = CARTESIAN_POINT('',(81.485836919794,124.,69.552692171188));
#1945 = CARTESIAN_POINT('',(81.605504988351,124.,69.341686043954));
#1946 = CARTESIAN_POINT('',(81.845888601108,124.,68.919797869781));
#1947 = CARTESIAN_POINT('',(81.966605746891,124.,68.708913432609));
#1948 = CARTESIAN_POINT('',(82.087850745266,124.,68.498107310884));
#1949 = CARTESIAN_POINT('',(82.209627199904,124.,68.287397307027));
#1950 = CARTESIAN_POINT('',(82.331939804084,124.,68.076800360664));
#1951 = CARTESIAN_POINT('',(82.454794342489,124.,67.866332547965));
#1952 = CARTESIAN_POINT('',(82.57819768821,124.,67.656009082756));
#1953 = CARTESIAN_POINT('',(82.702157806916,124.,67.44584431496));
#1954 = CARTESIAN_POINT('',(82.826683751948,124.,67.235851732446));
#1955 = CARTESIAN_POINT('',(82.951785669226,124.,67.026043959161));
#1956 = CARTESIAN_POINT('',(83.077474793076,124.,66.816432756736));
#1957 = CARTESIAN_POINT('',(83.20376344923,124.,66.60702902332));
#1958 = CARTESIAN_POINT('',(83.330665053027,124.,66.397842794286));
#1959 = CARTESIAN_POINT('',(83.968310339341,124.,65.353045032268));
#1960 = CARTESIAN_POINT('',(84.488480266154,124.,64.520829798711));
#1961 = CARTESIAN_POINT('',(85.019737816535,124.,63.692642413011));
#1962 = CARTESIAN_POINT('',(85.563443639906,124.,62.868730620188));
#1963 = CARTESIAN_POINT('',(86.121319907837,124.,62.048924646082));
#1964 = CARTESIAN_POINT('',(86.695232658908,124.,61.232909380548));
#1965 = CARTESIAN_POINT('',(87.28677973658,124.,60.420733353181));
#1966 = CARTESIAN_POINT('',(87.896805743681,124.,59.613295260254));
#1967 = CARTESIAN_POINT('',(88.525028823209,124.,58.812585337751));
#1968 = CARTESIAN_POINT('',(89.170027449447,124.,58.021495418891));
#1969 = CARTESIAN_POINT('',(89.829898801014,124.,57.243048049584));
#1970 = CARTESIAN_POINT('',(90.50396366191,124.,56.478931578947));
#1971 = CARTESIAN_POINT('',(91.195956182471,124.,55.727264677879));
#1972 = CARTESIAN_POINT('',(93.337175387906,124.,53.513599071858));
#1973 = CARTESIAN_POINT('',(94.817289522803,124.,52.099104657965));
#1974 = CARTESIAN_POINT('',(96.375430961759,124.,50.750832462572));
#1975 = CARTESIAN_POINT('',(98.020229282522,124.,49.458159316684));
#1976 = CARTESIAN_POINT('',(99.761677388882,124.,48.229418445503));
#1977 = CARTESIAN_POINT('',(101.5702108306,124.,47.086367645721));
#1978 = CARTESIAN_POINT('',(103.46568995588,124.,46.044288347069));
#1979 = CARTESIAN_POINT('',(105.43694062072,124.,45.100616318764));
#1980 = CARTESIAN_POINT('',(107.48293236539,124.,44.264128763862));
#1981 = CARTESIAN_POINT('',(109.61707375811,124.,43.555054757943));
#1982 = CARTESIAN_POINT('',(111.77903205586,124.,42.972715500129));
#1983 = CARTESIAN_POINT('',(114.00735760251,124.,42.5291693425));
#1984 = CARTESIAN_POINT('',(116.28548219461,124.,42.238767883023));
#1985 = CARTESIAN_POINT('',(118.71867754526,124.,42.077978983238));
#1986 = CARTESIAN_POINT('',(118.89485502257,124.,42.066033997823));
#1987 = CARTESIAN_POINT('',(119.06080311866,124.,42.055071004017));
#1988 = CARTESIAN_POINT('',(119.22320777304,124.,42.045057619228));
#1989 = CARTESIAN_POINT('',(119.38526659503,124.,42.036022779979));
#1990 = CARTESIAN_POINT('',(119.54812570599,124.,42.027999884114));
#1991 = CARTESIAN_POINT('',(119.71188706892,124.,42.021001840839));
#1992 = CARTESIAN_POINT('',(119.87625820772,124.,42.015019014241));
#1993 = CARTESIAN_POINT('',(120.04091617366,124.,42.010031084822));
#1994 = CARTESIAN_POINT('',(120.20565766999,124.,42.006023804515));
#1995 = CARTESIAN_POINT('',(120.37040719106,124.,42.00300167405));
#1996 = CARTESIAN_POINT('',(120.53515508046,124.,42.000987521287));
#1997 = CARTESIAN_POINT('',(120.69989737581,124.,42.000000000004));
#1998 = CARTESIAN_POINT('',(120.86464933237,124.,42.));
#1999 = CARTESIAN_POINT('',(76.968279905777,124.,78.));
#2000 = CARTESIAN_POINT('',(76.968929253073,124.,77.999351171535));
#2001 = CARTESIAN_POINT('',(76.968952075735,123.99999999999,
    77.99820327992));
#2002 = CARTESIAN_POINT('',(76.971670139976,124.,77.99920223596));
#2003 = CARTESIAN_POINT('',(76.96663594318,123.99999999998,
    77.994026213843));
#2004 = CARTESIAN_POINT('',(76.977907524796,124.00000000003,
    78.001838340032));
#2005 = CARTESIAN_POINT('',(76.96305518965,123.99999999995,
    77.988841778544));
#2006 = CARTESIAN_POINT('',(76.980729541228,124.00000000005,
    78.001753924375));
#2007 = CARTESIAN_POINT('',(76.966681056626,123.99999999995,
    77.989397634144));
#2008 = CARTESIAN_POINT('',(76.976826650341,124.00000000003,
    77.996312817759));
#2009 = CARTESIAN_POINT('',(76.97270914798,123.99999999998,
    77.991866899977));
#2010 = CARTESIAN_POINT('',(76.974930652135,124.,77.992470224865));
#2011 = CARTESIAN_POINT('',(76.975128179178,123.99999999999,
    77.991461363596));
#2012 = CARTESIAN_POINT('',(76.975745809084,124.,77.990787117216));
#2013 = CARTESIAN_POINT('',(76.976894457111,123.99999999999,
    77.989369609432));
#2014 = CARTESIAN_POINT('',(76.977468784497,124.,77.988660845477));
#2015 = CARTESIAN_POINT('',(76.978043115273,123.99999999999,
    77.987952071498));
#2016 = CARTESIAN_POINT('',(76.978617449345,124.00000000001,
    77.98724328742));
#2017 = CARTESIAN_POINT('',(76.979191786918,123.99999999997,
    77.986534493437));
#2018 = CARTESIAN_POINT('',(76.979766127582,124.00000000003,
    77.985825689235));
#2019 = CARTESIAN_POINT('',(76.980340471978,123.99999999995,
    77.985116875269));
#2020 = CARTESIAN_POINT('',(76.980914819238,124.00000000003,
    77.984408051038));
#2021 = CARTESIAN_POINT('',(76.981489170318,123.99999999997,
    77.983699217033));
#2022 = CARTESIAN_POINT('',(76.982063524318,124.00000000001,
    77.98299037288));
#2023 = CARTESIAN_POINT('',(76.982637881922,123.99999999999,
    77.982281518837));
#2024 = CARTESIAN_POINT('',(76.983212242691,124.,77.981572654778));
#2025 = CARTESIAN_POINT('',(76.983786606836,124.,77.980863780769));
#2026 = CARTESIAN_POINT('',(76.985509709183,124.,77.978737128803));
#2027 = CARTESIAN_POINT('',(76.986658457363,123.99999999999,
    77.977319320975));
#2028 = CARTESIAN_POINT('',(76.987807218637,124.,77.975901473362));
#2029 = CARTESIAN_POINT('',(76.988955993303,123.99999999998,
    77.974483586077));
#2030 = CARTESIAN_POINT('',(76.990104780621,124.00000000001,
    77.973065659087));
#2031 = CARTESIAN_POINT('',(76.991253581701,123.99999999997,
    77.971647692609));
#2032 = CARTESIAN_POINT('',(76.992402394919,124.00000000002,
    77.97022968651));
#2033 = CARTESIAN_POINT('',(76.99355122205,123.99999999997,
    77.968811641069));
#2034 = CARTESIAN_POINT('',(76.994700061289,124.00000000001,
    77.967393556149));
#2035 = CARTESIAN_POINT('',(76.99584891403,123.99999999999,
    77.965975431977));
#2036 = CARTESIAN_POINT('',(76.996997779251,124.,77.964557268506));
#2037 = CARTESIAN_POINT('',(76.998146657457,123.99999999999,
    77.963139065864));
#2038 = CARTESIAN_POINT('',(76.999295548362,124.,77.961720824084));
#2039 = CARTESIAN_POINT('',(77.002742259649,124.,77.957465981106));
#2040 = CARTESIAN_POINT('',(77.005040118222,124.,77.954629262642));
#2041 = CARTESIAN_POINT('',(77.0073380274,124.,77.951792388408));
#2042 = CARTESIAN_POINT('',(77.009635986824,123.99999999999,
    77.948955358753));
#2043 = CARTESIAN_POINT('',(77.011933996151,124.,77.94611817453));
#2044 = CARTESIAN_POINT('',(77.014232055122,123.99999999999,
    77.943280835594));
#2045 = CARTESIAN_POINT('',(77.016530163183,124.00000000001,
    77.94044334345));
#2046 = CARTESIAN_POINT('',(77.018828320376,123.99999999998,
    77.937605697303));
#2047 = CARTESIAN_POINT('',(77.021126525859,124.00000000001,
    77.93476789907));
#2048 = CARTESIAN_POINT('',(77.023424779814,123.99999999999,
    77.931929947968));
#2049 = CARTESIAN_POINT('',(77.025723081475,124.,77.929091845468));
#2050 = CARTESIAN_POINT('',(77.02802143078,123.99999999999,
    77.926253591482));
#2051 = CARTESIAN_POINT('',(77.030319827254,124.,77.923415186798));
#2052 = CARTESIAN_POINT('',(77.037215160264,124.,77.914899518206));
#2053 = CARTESIAN_POINT('',(77.041812237768,124.,77.909221803116));
#2054 = CARTESIAN_POINT('',(77.046409500459,124.,77.903543490336));
#2055 = CARTESIAN_POINT('',(77.051006945854,123.99999999999,
    77.897864583893));
#2056 = CARTESIAN_POINT('',(77.055604571033,124.,77.892185087299));
#2057 = CARTESIAN_POINT('',(77.060202373913,123.99999999999,
    77.886505004983));
#2058 = CARTESIAN_POINT('',(77.064800351117,124.,77.880824340006));
#2059 = CARTESIAN_POINT('',(77.069398500922,123.99999999999,
    77.875143097151));
#2060 = CARTESIAN_POINT('',(77.073996819841,124.,77.869461279362));
#2061 = CARTESIAN_POINT('',(77.078595305958,123.99999999999,
    77.863778891252));
#2062 = CARTESIAN_POINT('',(77.083193956197,124.,77.858095936149));
#2063 = CARTESIAN_POINT('',(77.087792768182,124.,77.852412418212));
#2064 = CARTESIAN_POINT('',(77.092391739201,124.,77.846728341156));
#2065 = CARTESIAN_POINT('',(77.106189145263,124.,77.829674415082));
#2066 = CARTESIAN_POINT('',(77.115388051788,123.99999999999,
    77.818302898428));
#2067 = CARTESIAN_POINT('',(77.124587566721,124.,77.806929187186));
#2068 = CARTESIAN_POINT('',(77.133787670831,123.99999999998,
    77.795553309385));
#2069 = CARTESIAN_POINT('',(77.142988344231,124.00000000002,
    77.784175293558));
#2070 = CARTESIAN_POINT('',(77.152189568214,123.99999999996,
    77.772795167349));
#2071 = CARTESIAN_POINT('',(77.161391322354,124.00000000004,
    77.761412959673));
#2072 = CARTESIAN_POINT('',(77.170593588293,123.99999999996,
    77.750028697937));
#2073 = CARTESIAN_POINT('',(77.1797963456,124.00000000002,
    77.738642411032));
#2074 = CARTESIAN_POINT('',(77.188999575587,123.99999999998,
    77.72725412662));
#2075 = CARTESIAN_POINT('',(77.198203258338,124.,77.715863873215));
#2076 = CARTESIAN_POINT('',(77.207407374658,123.99999999999,
    77.70447167883));
#2077 = CARTESIAN_POINT('',(77.216611905006,124.,77.693077571724));
#2078 = CARTESIAN_POINT('',(77.244226869475,124.,77.658889362007));
#2079 = CARTESIAN_POINT('',(77.262638493242,124.,77.636089606324));
#2080 = CARTESIAN_POINT('',(77.281051569443,123.99999999999,
    77.61328249899));
#2081 = CARTESIAN_POINT('',(77.299465966289,124.,77.590468226381));
#2082 = CARTESIAN_POINT('',(77.317881551887,123.99999999999,
    77.567646973936));
#2083 = CARTESIAN_POINT('',(77.336298194533,124.,77.544818928777));
#2084 = CARTESIAN_POINT('',(77.354715762222,123.99999999999,
    77.521984275447));
#2085 = CARTESIAN_POINT('',(77.373134123325,124.,77.49914320173));
#2086 = CARTESIAN_POINT('',(77.391553145801,123.99999999999,
    77.476295891931));
#2087 = CARTESIAN_POINT('',(77.409972697969,124.,77.453442533467));
#2088 = CARTESIAN_POINT('',(77.428392647861,123.99999999999,
    77.430583311388));
#2089 = CARTESIAN_POINT('',(77.446812863687,124.,77.407718412222));
#2090 = CARTESIAN_POINT('',(77.465233213543,124.,77.384848021729));
#2091 = CARTESIAN_POINT('',(77.520495787269,124.,77.316219049722));
#2092 = CARTESIAN_POINT('',(77.557337925256,124.,77.270444689609));
#2093 = CARTESIAN_POINT('',(77.59417927714,124.,77.224650214423));
#2094 = CARTESIAN_POINT('',(77.631019140084,124.,77.17883659312));
#2095 = CARTESIAN_POINT('',(77.667856811144,123.99999999999,
    77.133004794824));
#2096 = CARTESIAN_POINT('',(77.704691586545,124.,77.087155788934));
#2097 = CARTESIAN_POINT('',(77.741522762831,123.99999999999,
    77.041290544958));
#2098 = CARTESIAN_POINT('',(77.778349635245,124.,76.995410032822));
#2099 = CARTESIAN_POINT('',(77.815171499587,123.99999999999,
    76.949515222538));
#2100 = CARTESIAN_POINT('',(77.851987650345,124.,76.903607084579));
#2101 = CARTESIAN_POINT('',(77.88879738223,123.99999999999,
    76.857686589607));
#2102 = CARTESIAN_POINT('',(77.925599989079,124.,76.81175470869));
#2103 = CARTESIAN_POINT('',(77.96239476446,124.,76.765812413219));
#2104 = CARTESIAN_POINT('',(78.072765580765,124.,76.627942076738));
#2105 = CARTESIAN_POINT('',(78.146319384793,123.99999999999,
    76.535981766017));
#2106 = CARTESIAN_POINT('',(78.219838631916,124.,76.443984666018));
#2107 = CARTESIAN_POINT('',(78.293320005232,123.99999999999,
    76.35195535842));
#2108 = CARTESIAN_POINT('',(78.366760652015,124.,76.25989808439));
#2109 = CARTESIAN_POINT('',(78.440158180771,123.99999999999,
    76.167816748146));
#2110 = CARTESIAN_POINT('',(78.513510662741,124.,76.075714915758));
#2111 = CARTESIAN_POINT('',(78.586816627109,123.99999999999,
    75.983595821194));
#2112 = CARTESIAN_POINT('',(78.660075064119,124.,75.891462362729));
#2113 = CARTESIAN_POINT('',(78.73328541991,123.99999999999,
    75.799317110132));
#2114 = CARTESIAN_POINT('',(78.806447599055,124.,75.707162301372));
#2115 = CARTESIAN_POINT('',(78.879561961128,124.,75.614999847877));
#2116 = CARTESIAN_POINT('',(78.952629321384,124.,75.52283133377));
#2117 = CARTESIAN_POINT('',(79.171788922128,124.,75.246191828892));
#2118 = CARTESIAN_POINT('',(79.317758895473,123.99999999999,
    75.061693307287));
#2119 = CARTESIAN_POINT('',(79.463566700835,124.,74.877174605961));
#2120 = CARTESIAN_POINT('',(79.609226507867,123.99999999998,
    74.692649190499));
#2121 = CARTESIAN_POINT('',(79.754759929777,124.00000000001,
    74.508132149904));
#2122 = CARTESIAN_POINT('',(79.90019515272,123.99999999997,
    74.323640475181));
#2123 = CARTESIAN_POINT('',(80.045566091885,124.00000000002,
    74.139193311786));
#2124 = CARTESIAN_POINT('',(80.19091156726,123.99999999997,
    73.954812178084));
#2125 = CARTESIAN_POINT('',(80.336274508418,124.00000000001,
    73.770521159809));
#2126 = CARTESIAN_POINT('',(80.481701175096,123.99999999999,
    73.586347069719));
#2127 = CARTESIAN_POINT('',(80.627240407581,124.,73.402319582626));
#2128 = CARTESIAN_POINT('',(80.772942893218,123.99999999999,
    73.218471337776));
#2129 = CARTESIAN_POINT('',(80.918860459924,124.,73.034838014285));
#2130 = CARTESIAN_POINT('',(81.211468497137,124.,72.667779959635));
#2131 = CARTESIAN_POINT('',(81.358173881929,124.,72.484332424217));
#2132 = CARTESIAN_POINT('',(81.505211012188,123.99999999999,
    72.301150509662));
#2133 = CARTESIAN_POINT('',(81.652626799611,124.,72.118269317612));
#2134 = CARTESIAN_POINT('',(81.800462262526,123.99999999998,
    71.935721754134));
#2135 = CARTESIAN_POINT('',(81.948749946146,124.00000000001,
    71.753536492862));
#2136 = CARTESIAN_POINT('',(82.097512115566,123.99999999998,
    71.571736454674));
#2137 = CARTESIAN_POINT('',(82.246759718521,124.00000000001,
    71.390337795378));
#2138 = CARTESIAN_POINT('',(82.396492142931,123.99999999999,
    71.209349400728));
#2139 = CARTESIAN_POINT('',(82.54669776189,124.,71.028772877348));
#2140 = CARTESIAN_POINT('',(82.697355294412,123.99999999999,
    70.848603042531));
#2141 = CARTESIAN_POINT('',(82.848435980246,124.,70.668828901793));
#2142 = CARTESIAN_POINT('',(82.999906592377,124.,70.489435116936));
#2143 = CARTESIAN_POINT('',(83.3039331972,124.,70.130932731213));
#2144 = CARTESIAN_POINT('',(83.456500441894,124.,69.951793994468));
#2145 = CARTESIAN_POINT('',(83.609440407451,123.99999999999,
    69.773007234748));
#2146 = CARTESIAN_POINT('',(83.762758304801,124.,69.594591292938));
#2147 = CARTESIAN_POINT('',(83.916459153677,123.99999999998,
    69.416564392275));
#2148 = CARTESIAN_POINT('',(84.07054775681,124.00000000001,
    69.238944169773));
#2149 = CARTESIAN_POINT('',(84.22502867485,123.99999999998,
    69.06174770195));
#2150 = CARTESIAN_POINT('',(84.379906198671,124.00000000001,
    68.884991538302));
#2151 = CARTESIAN_POINT('',(84.535184324087,123.99999999998,
    68.708691724384));
#2152 = CARTESIAN_POINT('',(84.690866722446,124.,68.532863835554));
#2153 = CARTESIAN_POINT('',(84.846956714236,123.99999999999,
    68.35752300027));
#2154 = CARTESIAN_POINT('',(85.003457238959,124.,68.182683931217));
#2155 = CARTESIAN_POINT('',(85.160370826624,124.,68.00836095067));
#2156 = CARTESIAN_POINT('',(85.952128301661,124.,67.133747370945));
#2157 = CARTESIAN_POINT('',(86.594042337874,123.99999999999,
    66.440742978023));
#2158 = CARTESIAN_POINT('',(87.243695871009,124.,65.756373969637));
#2159 = CARTESIAN_POINT('',(87.901196172906,123.99999999998,
    65.081435545869));
#2160 = CARTESIAN_POINT('',(88.566758395845,124.00000000002,
    64.416334473694));
#2161 = CARTESIAN_POINT('',(89.240786796267,123.99999999997,
    63.761202179048));
#2162 = CARTESIAN_POINT('',(89.923796443224,124.00000000003,
    63.116198203953));
#2163 = CARTESIAN_POINT('',(90.616198509435,123.99999999997,
    62.481806436227));
#2164 = CARTESIAN_POINT('',(91.318005067008,124.00000000002,
    61.858993834097));
#2165 = CARTESIAN_POINT('',(92.028569260262,123.99999999998,
    61.249148160456));
#2166 = CARTESIAN_POINT('',(92.74656796055,124.,60.653738240551));
#2167 = CARTESIAN_POINT('',(93.47056156076,123.99999999999,
    60.073648213124));
#2168 = CARTESIAN_POINT('',(94.200632660116,124.,59.508128797807));
#2169 = CARTESIAN_POINT('',(96.435397884658,123.99999999999,
    57.835198493521));
#2170 = CARTESIAN_POINT('',(97.982259568526,124.,56.764215087964));
#2171 = CARTESIAN_POINT('',(99.52809645717,123.99999999999,
    55.775552687253));
#2172 = CARTESIAN_POINT('',(101.1033485167,124.00000000001,
    54.845173073801));
#2173 = CARTESIAN_POINT('',(102.73159106683,123.99999999996,
    53.970515793596));
#2174 = CARTESIAN_POINT('',(104.3920029737,124.00000000003,
    53.166519731156));
#2175 = CARTESIAN_POINT('',(106.07860487282,123.99999999997,
    52.444813509951));
#2176 = CARTESIAN_POINT('',(107.78309812326,124.,51.81022830365));
#2177 = CARTESIAN_POINT('',(109.50862809157,124.,51.258967401293));
#2178 = CARTESIAN_POINT('',(111.28149257761,123.99999999999,
    50.790321633243));
#2179 = CARTESIAN_POINT('',(113.09433563132,124.,50.423321059901));
#2180 = CARTESIAN_POINT('',(114.91642690239,124.,50.166137149767));
#2181 = CARTESIAN_POINT('',(116.71972693565,124.,50.012355341956));
#2182 = CARTESIAN_POINT('',(118.72413247287,124.,49.966402283277));
#2183 = CARTESIAN_POINT('',(118.88891277576,124.,49.963544157156));
#2184 = CARTESIAN_POINT('',(119.05370482728,123.99999999999,
    49.961593125687));
#2185 = CARTESIAN_POINT('',(119.21844765593,124.00000000001,
    49.96054509134));
#2186 = CARTESIAN_POINT('',(119.38313874478,123.99999999997,
    49.96039891933));
#2187 = CARTESIAN_POINT('',(119.54779617105,124.00000000003,
    49.961155474592));
#2188 = CARTESIAN_POINT('',(119.71243730316,123.99999999996,
    49.962816827441));
#2189 = CARTESIAN_POINT('',(119.87707029898,124.00000000003,
    49.965385626077));
#2190 = CARTESIAN_POINT('',(120.04169451237,123.99999999997,
    49.968864642575));
#2191 = CARTESIAN_POINT('',(120.20630587753,124.00000000001,
    49.973256497055));
#2192 = CARTESIAN_POINT('',(120.37090318984,123.99999999999,
    49.978563570871));
#2193 = CARTESIAN_POINT('',(120.53549116642,124.,49.984788113988));
#2194 = CARTESIAN_POINT('',(120.70007603395,124.,49.991932553153));
#2195 = CARTESIAN_POINT('',(120.86464933237,124.,50.));
#2196 = CARTESIAN_POINT('',(76.968279905777,124.,78.));
#2197 = CARTESIAN_POINT('',(76.96907275351,124.,77.999465474987));
#2198 = CARTESIAN_POINT('',(76.969184110856,123.99999998349,
    77.998388106496));
#2199 = CARTESIAN_POINT('',(76.97222716011,123.99999995051,
    77.999645929071));
#2200 = CARTESIAN_POINT('',(76.966837847048,123.99999990099,
    77.99418704944));
#2201 = CARTESIAN_POINT('',(76.979184804934,123.99999983505,
    78.002855760569));
#2202 = CARTESIAN_POINT('',(76.963116013251,123.99999975248,
    77.988890255785));
#2203 = CARTESIAN_POINT('',(76.982427448816,123.99999965358,
    78.00310641151));
#2204 = CARTESIAN_POINT('',(76.967233026619,123.99999953801,
    77.989837352671));
#2205 = CARTESIAN_POINT('',(76.97835520959,123.99999940609,
    77.997530441372));
#2206 = CARTESIAN_POINT('',(76.973963004862,123.99999925757,
    77.992865730027));
#2207 = CARTESIAN_POINT('',(76.976465921571,123.99999909261,
    77.993693229581));
#2208 = CARTESIAN_POINT('',(76.976767298085,123.99999891112,
    77.992767109169));
#2209 = CARTESIAN_POINT('',(76.977525631569,123.99999871314,
    77.992204961192));
#2210 = CARTESIAN_POINT('',(76.978948086033,123.99999828419,
    77.991005599653));
#2211 = CARTESIAN_POINT('',(76.979659315747,123.99999805322,
    77.990405909981));
#2212 = CARTESIAN_POINT('',(76.980370548023,123.99999780574,
    77.989806211422));
#2213 = CARTESIAN_POINT('',(76.981081782616,123.99999754178,
    77.98920650392));
#2214 = CARTESIAN_POINT('',(76.981793020051,123.99999726129,
    77.98860678764));
#2215 = CARTESIAN_POINT('',(76.98250425941,123.99999696436,
    77.988007062248));
#2216 = CARTESIAN_POINT('',(76.983215502002,123.99999665085,
    77.987407328313));
#2217 = CARTESIAN_POINT('',(76.98392674625,123.99999632092,
    77.986807585054));
#2218 = CARTESIAN_POINT('',(76.984637993744,123.99999597444,
    77.986207833373));
#2219 = CARTESIAN_POINT('',(76.985349243126,123.99999561149,
    77.985608072422));
#2220 = CARTESIAN_POINT('',(76.986060495358,123.99999523202,
    77.985008302864));
#2221 = CARTESIAN_POINT('',(76.986771749872,123.99999483607,
    77.984408524289));
#2222 = CARTESIAN_POINT('',(76.98748300693,123.99999442361,77.9838087369
    ));
#2223 = CARTESIAN_POINT('',(76.989616785454,123.99999313675,
    77.982009348096));
#2224 = CARTESIAN_POINT('',(76.991039314364,123.99999221285,
    77.980809720092));
#2225 = CARTESIAN_POINT('',(76.992461853068,123.99999122295,
    77.979610056665));
#2226 = CARTESIAN_POINT('',(76.993884401749,123.99999016708,
    77.978410357767));
#2227 = CARTESIAN_POINT('',(76.995306959987,123.99998904517,
    77.977210623578));
#2228 = CARTESIAN_POINT('',(76.996729528407,123.99998785733,
    77.976010853875));
#2229 = CARTESIAN_POINT('',(76.998152106125,123.99998660341,
    77.97481104898));
#2230 = CARTESIAN_POINT('',(76.999574694096,123.9999852836,
    77.973611208644));
#2231 = CARTESIAN_POINT('',(77.000997291371,123.99998389769,
    77.972411333066));
#2232 = CARTESIAN_POINT('',(77.002419898679,123.99998244587,
    77.971211422216));
#2233 = CARTESIAN_POINT('',(77.003842515492,123.999980928,
    77.970011476086));
#2234 = CARTESIAN_POINT('',(77.005265142079,123.99997934417,
    77.968811494759));
#2235 = CARTESIAN_POINT('',(77.006687778285,123.99997769432,
    77.967611478213));
#2236 = CARTESIAN_POINT('',(77.010955715852,123.99997254682,
    77.964011323058));
#2237 = CARTESIAN_POINT('',(77.013801046095,123.99996885118,
    77.961611078892));
#2238 = CARTESIAN_POINT('',(77.016646414829,123.99996489154,
    77.959210694274));
#2239 = CARTESIAN_POINT('',(77.019491821552,123.99996066795,
    77.95681016915));
#2240 = CARTESIAN_POINT('',(77.022337266827,123.99995618032,
    77.954409504222));
#2241 = CARTESIAN_POINT('',(77.025182749239,123.9999514288,
    77.952008698813));
#2242 = CARTESIAN_POINT('',(77.028028270406,123.99994641317,
    77.949607754323));
#2243 = CARTESIAN_POINT('',(77.030873828055,123.99994113369,
    77.947206669526));
#2244 = CARTESIAN_POINT('',(77.03371942412,123.9999355901,
    77.944805446005));
#2245 = CARTESIAN_POINT('',(77.036565056691,123.99992978261,
    77.942404082797));
#2246 = CARTESIAN_POINT('',(77.039410726821,123.99992371108,
    77.940002580888));
#2247 = CARTESIAN_POINT('',(77.042256433651,123.99991737559,
    77.937600940015));
#2248 = CARTESIAN_POINT('',(77.045102177336,123.99991077609,
    77.935199160572));
#2249 = CARTESIAN_POINT('',(77.053639518149,123.99989018564,
    77.9279934069));
#2250 = CARTESIAN_POINT('',(77.05933122519,123.99987540269,
    77.923189017412));
#2251 = CARTESIAN_POINT('',(77.065023077337,123.99985956379,
    77.918384075711));
#2252 = CARTESIAN_POINT('',(77.070715073242,123.99984266886,
    77.913578583241));
#2253 = CARTESIAN_POINT('',(77.076407211499,123.99982471802,
    77.908772541588));
#2254 = CARTESIAN_POINT('',(77.082099490775,123.99980571105,
    77.903965952051));
#2255 = CARTESIAN_POINT('',(77.087791909637,123.99978564825,
    77.899158816383));
#2256 = CARTESIAN_POINT('',(77.093484466793,123.99976452924,
    77.894351135748));
#2257 = CARTESIAN_POINT('',(77.09917716077,123.99974235439,
    77.889542911952));
#2258 = CARTESIAN_POINT('',(77.104869990292,123.99971912337,
    77.884734146207));
#2259 = CARTESIAN_POINT('',(77.110562953906,123.9996948364,
    77.879924840193));
#2260 = CARTESIAN_POINT('',(77.11625605029,123.99966949335,
    77.875114995276));
#2261 = CARTESIAN_POINT('',(77.121949278041,123.99964309426,77.870304613
    ));
#2262 = CARTESIAN_POINT('',(77.139029351313,123.9995607288,
    77.855871858478));
#2263 = CARTESIAN_POINT('',(77.150416587643,123.99950159419,
    77.846247879223));
#2264 = CARTESIAN_POINT('',(77.161804332928,123.99943823524,
    77.836621768274));
#2265 = CARTESIAN_POINT('',(77.1731925749,123.999370652,77.826993537092)
  );
#2266 = CARTESIAN_POINT('',(77.184581302273,123.99929884433,
    77.81736319655));
#2267 = CARTESIAN_POINT('',(77.195970501856,123.99922281242,
    77.807730758644));
#2268 = CARTESIAN_POINT('',(77.207360163524,123.99914255596,
    77.798096233591));
#2269 = CARTESIAN_POINT('',(77.218750273001,123.99905807531,
    77.788459633975));
#2270 = CARTESIAN_POINT('',(77.230140820768,123.99896937007,
    77.778820969721));
#2271 = CARTESIAN_POINT('',(77.241531792691,123.99887644055,
    77.769180253277));
#2272 = CARTESIAN_POINT('',(77.252923178406,123.9987792865,
    77.759537495078));
#2273 = CARTESIAN_POINT('',(77.264314964984,123.99867790806,
    77.749892706895));
#2274 = CARTESIAN_POINT('',(77.275707140921,123.99857230514,
    77.740245899777));
#2275 = CARTESIAN_POINT('',(77.309884800433,123.99824282296,
    77.711299455679));
#2276 = CARTESIAN_POINT('',(77.332671422715,123.99800626784,
    77.691993807236));
#2277 = CARTESIAN_POINT('',(77.355459454723,123.99775281401,
    77.672680219146));
#2278 = CARTESIAN_POINT('',(77.378248790483,123.99748246309,
    77.653358770827));
#2279 = CARTESIAN_POINT('',(77.401039323533,123.99719521668,
    77.63402954158));
#2280 = CARTESIAN_POINT('',(77.423830948258,123.99689107647,
    77.614692611023));
#2281 = CARTESIAN_POINT('',(77.446623557781,123.99657004398,
    77.595348058152));
#2282 = CARTESIAN_POINT('',(77.469417046834,123.99623212096,
    77.575995962936));
#2283 = CARTESIAN_POINT('',(77.492211308403,123.99587730889,
    77.55663640409));
#2284 = CARTESIAN_POINT('',(77.515006237078,123.99550560953,
    77.537269461673));
#2285 = CARTESIAN_POINT('',(77.537801726209,123.9951170244,
    77.517895214548));
#2286 = CARTESIAN_POINT('',(77.560597669945,123.99471155518,
    77.498513742452));
#2287 = CARTESIAN_POINT('',(77.583393962013,123.99428920348,
    77.47912512461));
#2288 = CARTESIAN_POINT('',(77.651783564925,123.99297150578,
    77.420938072209));
#2289 = CARTESIAN_POINT('',(77.697377582264,123.99202545393,
    77.382118583257));
#2290 = CARTESIAN_POINT('',(77.742971646344,123.99101187814,
    77.343271443876));
#2291 = CARTESIAN_POINT('',(77.788564855024,123.98993084115,
    77.30439712437));
#2292 = CARTESIAN_POINT('',(77.834156306511,123.98878240578,
    77.265496094892));
#2293 = CARTESIAN_POINT('',(77.879745098352,123.98756663469,
    77.226568825914));
#2294 = CARTESIAN_POINT('',(77.92533032915,123.98628359078,
    77.187615787382));
#2295 = CARTESIAN_POINT('',(77.970911096069,123.98493333666,
    77.148637449959));
#2296 = CARTESIAN_POINT('',(78.016486497947,123.98351593525,
    77.109634283479));
#2297 = CARTESIAN_POINT('',(78.062055631963,123.98203144918,
    77.070606758594));
#2298 = CARTESIAN_POINT('',(78.107617596687,123.9804799413,
    77.031555345272));
#2299 = CARTESIAN_POINT('',(78.153171489715,123.97886147433,
    76.992480513959));
#2300 = CARTESIAN_POINT('',(78.1987164092,123.97717611105,
    76.953382734827));
#2301 = CARTESIAN_POINT('',(78.335321540735,123.97191952057,
    76.836021964862));
#2302 = CARTESIAN_POINT('',(78.426352578949,123.96814808269,
    76.757691108605));
#2303 = CARTESIAN_POINT('',(78.517337094916,123.96411046573,
    76.679272654695));
#2304 = CARTESIAN_POINT('',(78.608267910704,123.95980765961,
    76.600769284008));
#2305 = CARTESIAN_POINT('',(78.699138142678,123.95524077899,
    76.522183613001));
#2306 = CARTESIAN_POINT('',(78.789941202483,123.95041106328,
    76.443518193772));
#2307 = CARTESIAN_POINT('',(78.880670795563,123.94531987663,
    76.364775513888));
#2308 = CARTESIAN_POINT('',(78.971320923045,123.93996870799,
    76.285957996713));
#2309 = CARTESIAN_POINT('',(79.061885879699,123.93435917098,
    76.207068000925));
#2310 = CARTESIAN_POINT('',(79.152360255825,123.92849300404,
    76.128107821089));
#2311 = CARTESIAN_POINT('',(79.242738935759,123.92237207033,
    76.0490796871));
#2312 = CARTESIAN_POINT('',(79.333017098884,123.91599835777,
    75.969985764628));
#2313 = CARTESIAN_POINT('',(79.42319021905,123.90937397902,
    75.890828154827));
#2314 = CARTESIAN_POINT('',(79.693381756454,123.88875555645,
    75.653170373816));
#2315 = CARTESIAN_POINT('',(79.873077666604,123.87401605953,
    75.49448850027));
#2316 = CARTESIAN_POINT('',(80.052305243247,123.85829962721,
    75.335578824274));
#2317 = CARTESIAN_POINT('',(80.231039455892,123.84162507199,
    75.176460027328));
#2318 = CARTESIAN_POINT('',(80.409266368528,123.82401219435,
    75.017153925628));
#2319 = CARTESIAN_POINT('',(80.586982711004,123.80548090432,
    74.857685473401));
#2320 = CARTESIAN_POINT('',(80.764195452966,123.78605034377,
    74.698082766716));
#2321 = CARTESIAN_POINT('',(80.940921374246,123.7657380076,
    74.538377046594));
#2322 = CARTESIAN_POINT('',(81.117186639415,123.74455886636,
    74.378602703039));
#2323 = CARTESIAN_POINT('',(81.293026368167,123.72252448729,
    74.218797277988));
#2324 = CARTESIAN_POINT('',(81.468484209283,123.69964215684,
    74.059001469382));
#2325 = CARTESIAN_POINT('',(81.643611911953,123.67591400199,
    73.899259134224));
#2326 = CARTESIAN_POINT('',(81.818468898763,123.65133611242,
    73.739617292427));
#2327 = CARTESIAN_POINT('',(82.16777477685,123.60045921193,
    73.42063496784));
#2328 = CARTESIAN_POINT('',(82.34221838036,123.57416037449,
    73.261291344617));
#2329 = CARTESIAN_POINT('',(82.516510985502,123.54699405632,
    73.10213980534));
#2330 = CARTESIAN_POINT('',(82.690712509184,123.51894568406,
    72.943224906939));
#2331 = CARTESIAN_POINT('',(82.864877872326,123.48999641231,
    72.784586418225));
#2332 = CARTESIAN_POINT('',(83.03905176164,123.46012612771,
    72.62625549363));
#2333 = CARTESIAN_POINT('',(83.213264733135,123.42931624805,
    72.468251816275));
#2334 = CARTESIAN_POINT('',(83.387530650902,123.39755231853,
    72.310581717204));
#2335 = CARTESIAN_POINT('',(83.561845469557,123.3648264023,
    72.153237262164));
#2336 = CARTESIAN_POINT('',(83.736187350968,123.33113926851,
    71.996196315189));
#2337 = CARTESIAN_POINT('',(83.910518124347,123.29650237472,
    71.83942357049));
#2338 = CARTESIAN_POINT('',(84.084786082084,123.26093964639,
    71.682872559315));
#2339 = CARTESIAN_POINT('',(84.258930116852,123.2244890514,
    71.526488627332));
#2340 = CARTESIAN_POINT('',(84.606840276222,123.14991889035,
    71.213937142744));
#2341 = CARTESIAN_POINT('',(84.780589865054,123.11181014235,
    71.057755243533));
#2342 = CARTESIAN_POINT('',(84.954138619638,123.07288513396,
    70.901666922682));
#2343 = CARTESIAN_POINT('',(85.127490332401,123.03315227078,
    70.745672133754));
#2344 = CARTESIAN_POINT('',(85.30064793096,122.99262095689,
    70.589771048729));
#2345 = CARTESIAN_POINT('',(85.473613479366,122.95130159496,
    70.433964057758));
#2346 = CARTESIAN_POINT('',(85.646388176092,122.90920558602,
    70.278251769547));
#2347 = CARTESIAN_POINT('',(85.818972356755,122.86634532983,
    70.122635010846));
#2348 = CARTESIAN_POINT('',(85.99136549101,122.82273422442,
    69.967114827036));
#2349 = CARTESIAN_POINT('',(86.163566185545,122.77838666656,
    69.811692481546));
#2350 = CARTESIAN_POINT('',(86.335572181646,122.73331805133,
    69.656369456351));
#2351 = CARTESIAN_POINT('',(86.507380356857,122.68754477248,
    69.501147451609));
#2352 = CARTESIAN_POINT('',(86.67898672404,122.64108422216,
    69.346028385884));
#2353 = CARTESIAN_POINT('',(87.535985262885,122.40543706685,
    68.570958436628));
#2354 = CARTESIAN_POINT('',(88.218300685846,122.20623199854,
    67.952572434305));
#2355 = CARTESIAN_POINT('',(88.897116895102,121.99750760148,
    67.335991449893));
#2356 = CARTESIAN_POINT('',(89.572192211712,121.78074699388,
    66.721265854197));
#2357 = CARTESIAN_POINT('',(90.243444589476,121.55771105715,
    66.108427979112));
#2358 = CARTESIAN_POINT('',(90.911284726904,121.33018482774,
    65.497400547686));
#2359 = CARTESIAN_POINT('',(91.576792536309,121.09973822165,
    64.887958497103));
#2360 = CARTESIAN_POINT('',(92.241583882335,120.86764016528,
    64.279851965237));
#2361 = CARTESIAN_POINT('',(92.907365639653,120.63497368091,
    63.673094361546));
#2362 = CARTESIAN_POINT('',(93.575328287894,120.40290794651,
    63.068315601966));
#2363 = CARTESIAN_POINT('',(94.24567639515,120.17299182528,
    62.466976736164));
#2364 = CARTESIAN_POINT('',(94.917748509236,119.94724183125,
    61.87113835455));
#2365 = CARTESIAN_POINT('',(95.591329114133,119.72770597258,
    61.282371312295));
#2366 = CARTESIAN_POINT('',(97.600309224622,119.09825016426,
    59.556127751261));
#2367 = CARTESIAN_POINT('',(98.979750265252,118.69019439953,
    58.415332537311));
#2368 = CARTESIAN_POINT('',(100.3542544344,118.32744983757,
    57.332324190672));
#2369 = CARTESIAN_POINT('',(101.76333552245,117.99847698922,
    56.292217818235));
#2370 = CARTESIAN_POINT('',(103.23502348318,117.68936714828,
    55.283599029492));
#2371 = CARTESIAN_POINT('',(104.7704700872,117.41786924805,
    54.325539823411));
#2372 = CARTESIAN_POINT('',(106.35169682849,117.18255055571,
    53.456381418799));
#2373 = CARTESIAN_POINT('',(107.9625219587,116.97381649064,
    52.680042655548));
#2374 = CARTESIAN_POINT('',(109.6157330097,116.78806599847,
    51.983337189479));
#2375 = CARTESIAN_POINT('',(111.33686036989,116.6213247389,
    51.376404312572));
#2376 = CARTESIAN_POINT('',(113.11654214182,116.47298581734,
    50.877139206535));
#2377 = CARTESIAN_POINT('',(114.91825136174,116.34222858877,
    50.498648760825));
#2378 = CARTESIAN_POINT('',(116.71479304711,116.2265982912,
    50.234199745147));
#2379 = CARTESIAN_POINT('',(118.72407379185,116.1124200034,
    50.077267433792));
#2380 = CARTESIAN_POINT('',(118.88863820223,116.10314993124,
    50.065395102848));
#2381 = CARTESIAN_POINT('',(119.05338345735,116.09397474153,
    50.054498504677));
#2382 = CARTESIAN_POINT('',(119.21812314601,116.08491303401,
    50.04459341334));
#2383 = CARTESIAN_POINT('',(119.3828119454,116.07596707689,
    50.035681603667));
#2384 = CARTESIAN_POINT('',(119.54746393963,116.06713237495,
    50.027760114331));
#2385 = CARTESIAN_POINT('',(119.71210462359,116.05840326161,
    50.020826301926));
#2386 = CARTESIAN_POINT('',(119.87674896326,116.04977541983,
    50.014879707997));
#2387 = CARTESIAN_POINT('',(120.04139784192,116.04124624374,
    50.009921783268));
#2388 = CARTESIAN_POINT('',(120.206045273,116.03281394442,50.00595448512
    ));
#2389 = CARTESIAN_POINT('',(120.37068870596,116.02447631228,
    50.002978795206));
#2390 = CARTESIAN_POINT('',(120.53533480132,116.01623003995,
    50.000994174872));
#2391 = CARTESIAN_POINT('',(120.69999301169,116.00807151663,
    50.000000000002));
#2392 = CARTESIAN_POINT('',(120.86464933237,116.,50.));
#2393 = DEFINITIONAL_REPRESENTATION('',(#2394),#2398);
#2394 = LINE('',#2395,#2396);
#2395 = CARTESIAN_POINT('',(0.,0.));
#2396 = VECTOR('',#2397,1.);
#2397 = DIRECTION('',(0.,1.));
#2398 = ( GEOMETRIC_REPRESENTATION_CONTEXT(2) 
PARAMETRIC_REPRESENTATION_CONTEXT() REPRESENTATION_CONTEXT('2D SPACE',''
  ) );
#2399 = ORIENTED_EDGE('',*,*,#2400,.T.);
#2400 = EDGE_CURVE('',#1398,#24,#2401,.T.);
#2401 = SURFACE_CURVE('',#2402,(#2406,#2413),.PCURVE_S1.);
#2402 = LINE('',#2403,#2404);
#2403 = CARTESIAN_POINT('',(118.55946084295,124.,42.));
#2404 = VECTOR('',#2405,1.);
#2405 = DIRECTION('',(1.,0.,-0.));
#2406 = PCURVE('',#32,#2407);
#2407 = DEFINITIONAL_REPRESENTATION('',(#2408),#2412);
#2408 = LINE('',#2409,#2410);
#2409 = CARTESIAN_POINT('',(42.,326.05946084295));
#2410 = VECTOR('',#2411,1.);
#2411 = DIRECTION('',(0.,1.));
#2412 = ( GEOMETRIC_REPRESENTATION_CONTEXT(2) 
PARAMETRIC_REPRESENTATION_CONTEXT() REPRESENTATION_CONTEXT('2D SPACE',''
  ) );
#2413 = PCURVE('',#2414,#2419);
#2414 = CYLINDRICAL_SURFACE('',#2415,8.);
#2415 = AXIS2_PLACEMENT_3D('',#2416,#2417,#2418);
#2416 = CARTESIAN_POINT('',(118.55946084295,116.,42.));
#2417 = DIRECTION('',(1.,0.,-0.));
#2418 = DIRECTION('',(0.,1.,0.));
#2419 = DEFINITIONAL_REPRESENTATION('',(#2420),#2424);
#2420 = LINE('',#2421,#2422);
#2421 = CARTESIAN_POINT('',(0.,0.));
#2422 = VECTOR('',#2423,1.);
#2423 = DIRECTION('',(0.,1.));
#2424 = ( GEOMETRIC_REPRESENTATION_CONTEXT(2) 
PARAMETRIC_REPRESENTATION_CONTEXT() REPRESENTATION_CONTEXT('2D SPACE',''
  ) );
#2425 = ADVANCED_FACE('',(#2426),#44,.T.);
#2426 = FACE_BOUND('',#2427,.T.);
#2427 = EDGE_LOOP('',(#2428,#2458,#2480,#2481));
#2428 = ORIENTED_EDGE('',*,*,#2429,.F.);
#2429 = EDGE_CURVE('',#2430,#2432,#2434,.T.);
#2430 = VERTEX_POINT('',#2431);
#2431 = CARTESIAN_POINT('',(207.5,69.,0.));
#2432 = VERTEX_POINT('',#2433);
#2433 = CARTESIAN_POINT('',(207.5,69.,42.));
#2434 = SURFACE_CURVE('',#2435,(#2439,#2446),.PCURVE_S1.);
#2435 = LINE('',#2436,#2437);
#2436 = CARTESIAN_POINT('',(207.5,69.,0.));
#2437 = VECTOR('',#2438,1.);
#2438 = DIRECTION('',(0.,0.,1.));
#2439 = PCURVE('',#44,#2440);
#2440 = DEFINITIONAL_REPRESENTATION('',(#2441),#2445);
#2441 = LINE('',#2442,#2443);
#2442 = CARTESIAN_POINT('',(0.,0.));
#2443 = VECTOR('',#2444,1.);
#2444 = DIRECTION('',(0.,1.));
#2445 = ( GEOMETRIC_REPRESENTATION_CONTEXT(2) 
PARAMETRIC_REPRESENTATION_CONTEXT() REPRESENTATION_CONTEXT('2D SPACE',''
  ) );
#2446 = PCURVE('',#2447,#2452);
#2447 = PLANE('',#2448);
#2448 = AXIS2_PLACEMENT_3D('',#2449,#2450,#2451);
#2449 = CARTESIAN_POINT('',(207.5,-124.,0.));
#2450 = DIRECTION('',(1.,0.,-0.));
#2451 = DIRECTION('',(0.,0.,1.));
#2452 = DEFINITIONAL_REPRESENTATION('',(#2453),#2457);
#2453 = LINE('',#2454,#2455);
#2454 = CARTESIAN_POINT('',(0.,-193.));
#2455 = VECTOR('',#2456,1.);
#2456 = DIRECTION('',(1.,0.));
#2457 = ( GEOMETRIC_REPRESENTATION_CONTEXT(2) 
PARAMETRIC_REPRESENTATION_CONTEXT() REPRESENTATION_CONTEXT('2D SPACE',''
  ) );
#2458 = ORIENTED_EDGE('',*,*,#2459,.T.);
#2459 = EDGE_CURVE('',#2430,#22,#2460,.T.);
#2460 = SURFACE_CURVE('',#2461,(#2466,#2473),.PCURVE_S1.);
#2461 = CIRCLE('',#2462,55.);
#2462 = AXIS2_PLACEMENT_3D('',#2463,#2464,#2465);
#2463 = CARTESIAN_POINT('',(152.5,69.,0.));
#2464 = DIRECTION('',(0.,0.,1.));
#2465 = DIRECTION('',(0.,-1.,0.));
#2466 = PCURVE('',#44,#2467);
#2467 = DEFINITIONAL_REPRESENTATION('',(#2468),#2472);
#2468 = LINE('',#2469,#2470);
#2469 = CARTESIAN_POINT('',(-1.570796326795,0.));
#2470 = VECTOR('',#2471,1.);
#2471 = DIRECTION('',(1.,0.));
#2472 = ( GEOMETRIC_REPRESENTATION_CONTEXT(2) 
PARAMETRIC_REPRESENTATION_CONTEXT() REPRESENTATION_CONTEXT('2D SPACE',''
  ) );
#2473 = PCURVE('',#72,#2474);
#2474 = DEFINITIONAL_REPRESENTATION('',(#2475),#2479);
#2475 = CIRCLE('',#2476,55.);
#2476 = AXIS2_PLACEMENT_2D('',#2477,#2478);
#2477 = CARTESIAN_POINT('',(360.,193.));
#2478 = DIRECTION('',(0.,-1.));
#2479 = ( GEOMETRIC_REPRESENTATION_CONTEXT(2) 
PARAMETRIC_REPRESENTATION_CONTEXT() REPRESENTATION_CONTEXT('2D SPACE',''
  ) );
#2480 = ORIENTED_EDGE('',*,*,#21,.T.);
#2481 = ORIENTED_EDGE('',*,*,#2482,.T.);
#2482 = EDGE_CURVE('',#24,#2432,#2483,.T.);
#2483 = SURFACE_CURVE('',#2484,(#2489,#2496),.PCURVE_S1.);
#2484 = CIRCLE('',#2485,55.);
#2485 = AXIS2_PLACEMENT_3D('',#2486,#2487,#2488);
#2486 = CARTESIAN_POINT('',(152.5,69.,42.));
#2487 = DIRECTION('',(0.,-0.,-1.));
#2488 = DIRECTION('',(0.,1.,-0.));
#2489 = PCURVE('',#44,#2490);
#2490 = DEFINITIONAL_REPRESENTATION('',(#2491),#2495);
#2491 = LINE('',#2492,#2493);
#2492 = CARTESIAN_POINT('',(1.570796326795,42.));
#2493 = VECTOR('',#2494,1.);
#2494 = DIRECTION('',(-1.,-0.));
#2495 = ( GEOMETRIC_REPRESENTATION_CONTEXT(2) 
PARAMETRIC_REPRESENTATION_CONTEXT() REPRESENTATION_CONTEXT('2D SPACE',''
  ) );
#2496 = PCURVE('',#2497,#2502);
#2497 = TOROIDAL_SURFACE('',#2498,47.,8.);
#2498 = AXIS2_PLACEMENT_3D('',#2499,#2500,#2501);
#2499 = CARTESIAN_POINT('',(152.5,69.,42.));
#2500 = DIRECTION('',(0.,0.,1.));
#2501 = DIRECTION('',(0.,1.,-0.));
#2502 = DEFINITIONAL_REPRESENTATION('',(#2503),#2507);
#2503 = LINE('',#2504,#2505);
#2504 = CARTESIAN_POINT('',(-0.,0.));
#2505 = VECTOR('',#2506,1.);
#2506 = DIRECTION('',(-1.,0.));
#2507 = ( GEOMETRIC_REPRESENTATION_CONTEXT(2) 
PARAMETRIC_REPRESENTATION_CONTEXT() REPRESENTATION_CONTEXT('2D SPACE',''
  ) );
#2508 = ADVANCED_FACE('',(#2509),#2414,.T.);
#2509 = FACE_BOUND('',#2510,.T.);
#2510 = EDGE_LOOP('',(#2511,#2542,#2570,#2590));
#2511 = ORIENTED_EDGE('',*,*,#2512,.T.);
#2512 = EDGE_CURVE('',#1398,#2513,#2515,.T.);
#2513 = VERTEX_POINT('',#2514);
#2514 = CARTESIAN_POINT('',(120.86464933237,116.,50.));
#2515 = SURFACE_CURVE('',#2516,(#2520,#2536),.PCURVE_S1.);
#2516 = ( BOUNDED_CURVE() B_SPLINE_CURVE(2,(#2517,#2518,#2519),
.UNSPECIFIED.,.F.,.F.) B_SPLINE_CURVE_WITH_KNOTS((3,3),(0.,
54.427243401312),.PIECEWISE_BEZIER_KNOTS.) CURVE() 
GEOMETRIC_REPRESENTATION_ITEM() RATIONAL_B_SPLINE_CURVE((1.,
0.707106781187,1.)) REPRESENTATION_ITEM('') );
#2517 = CARTESIAN_POINT('',(120.86464933237,124.,42.));
#2518 = CARTESIAN_POINT('',(120.86464933237,124.,50.));
#2519 = CARTESIAN_POINT('',(120.86464933237,116.,50.));
#2520 = PCURVE('',#2414,#2521);
#2521 = DEFINITIONAL_REPRESENTATION('',(#2522),#2535);
#2522 = B_SPLINE_CURVE_WITH_KNOTS('',11,(#2523,#2524,#2525,#2526,#2527,
    #2528,#2529,#2530,#2531,#2532,#2533,#2534),.UNSPECIFIED.,.F.,.F.,(12
    ,12),(0.,54.427243401312),.PIECEWISE_BEZIER_KNOTS.);
#2523 = CARTESIAN_POINT('',(-1.110223024625E-16,2.30518848942));
#2524 = CARTESIAN_POINT('',(0.128564869307,2.30518848942));
#2525 = CARTESIAN_POINT('',(0.26466096709,2.305188489421));
#2526 = CARTESIAN_POINT('',(0.407594409413,2.305188489419));
#2527 = CARTESIAN_POINT('',(0.556155151893,2.305188489422));
#2528 = CARTESIAN_POINT('',(0.708512882614,2.305188489419));
#2529 = CARTESIAN_POINT('',(0.86228344418,2.305188489422));
#2530 = CARTESIAN_POINT('',(1.014641174902,2.305188489419));
#2531 = CARTESIAN_POINT('',(1.163201917382,2.305188489421));
#2532 = CARTESIAN_POINT('',(1.306135359705,2.30518848942));
#2533 = CARTESIAN_POINT('',(1.442231457488,2.30518848942));
#2534 = CARTESIAN_POINT('',(1.570796326795,2.30518848942));
#2535 = ( GEOMETRIC_REPRESENTATION_CONTEXT(2) 
PARAMETRIC_REPRESENTATION_CONTEXT() REPRESENTATION_CONTEXT('2D SPACE',''
  ) );
#2536 = PCURVE('',#1801,#2537);
#2537 = DEFINITIONAL_REPRESENTATION('',(#2538),#2541);
#2538 = B_SPLINE_CURVE_WITH_KNOTS('',1,(#2539,#2540),.UNSPECIFIED.,.F.,
  .F.,(2,2),(0.,54.427243401312),.PIECEWISE_BEZIER_KNOTS.);
#2539 = CARTESIAN_POINT('',(0.,54.427243401312));
#2540 = CARTESIAN_POINT('',(54.427243401312,54.427243401312));
#2541 = ( GEOMETRIC_REPRESENTATION_CONTEXT(2) 
PARAMETRIC_REPRESENTATION_CONTEXT() REPRESENTATION_CONTEXT('2D SPACE',''
  ) );
#2542 = ORIENTED_EDGE('',*,*,#2543,.T.);
#2543 = EDGE_CURVE('',#2513,#2544,#2546,.T.);
#2544 = VERTEX_POINT('',#2545);
#2545 = CARTESIAN_POINT('',(152.5,116.,50.));
#2546 = SURFACE_CURVE('',#2547,(#2551,#2558),.PCURVE_S1.);
#2547 = LINE('',#2548,#2549);
#2548 = CARTESIAN_POINT('',(118.55946084295,116.,50.));
#2549 = VECTOR('',#2550,1.);
#2550 = DIRECTION('',(1.,0.,-0.));
#2551 = PCURVE('',#2414,#2552);
#2552 = DEFINITIONAL_REPRESENTATION('',(#2553),#2557);
#2553 = LINE('',#2554,#2555);
#2554 = CARTESIAN_POINT('',(1.570796326795,0.));
#2555 = VECTOR('',#2556,1.);
#2556 = DIRECTION('',(0.,1.));
#2557 = ( GEOMETRIC_REPRESENTATION_CONTEXT(2) 
PARAMETRIC_REPRESENTATION_CONTEXT() REPRESENTATION_CONTEXT('2D SPACE',''
  ) );
#2558 = PCURVE('',#2559,#2564);
#2559 = PLANE('',#2560);
#2560 = AXIS2_PLACEMENT_3D('',#2561,#2562,#2563);
#2561 = CARTESIAN_POINT('',(-207.5,-124.,50.));
#2562 = DIRECTION('',(0.,0.,1.));
#2563 = DIRECTION('',(1.,0.,-0.));
#2564 = DEFINITIONAL_REPRESENTATION('',(#2565),#2569);
#2565 = LINE('',#2566,#2567);
#2566 = CARTESIAN_POINT('',(326.05946084295,240.));
#2567 = VECTOR('',#2568,1.);
#2568 = DIRECTION('',(1.,0.));
#2569 = ( GEOMETRIC_REPRESENTATION_CONTEXT(2) 
PARAMETRIC_REPRESENTATION_CONTEXT() REPRESENTATION_CONTEXT('2D SPACE',''
  ) );
#2570 = ORIENTED_EDGE('',*,*,#2571,.F.);
#2571 = EDGE_CURVE('',#24,#2544,#2572,.T.);
#2572 = SURFACE_CURVE('',#2573,(#2578,#2584),.PCURVE_S1.);
#2573 = CIRCLE('',#2574,8.);
#2574 = AXIS2_PLACEMENT_3D('',#2575,#2576,#2577);
#2575 = CARTESIAN_POINT('',(152.5,116.,42.));
#2576 = DIRECTION('',(1.,0.,-0.));
#2577 = DIRECTION('',(0.,1.,0.));
#2578 = PCURVE('',#2414,#2579);
#2579 = DEFINITIONAL_REPRESENTATION('',(#2580),#2583);
#2580 = B_SPLINE_CURVE_WITH_KNOTS('',1,(#2581,#2582),.UNSPECIFIED.,.F.,
  .F.,(2,2),(0.,1.570796326795),.PIECEWISE_BEZIER_KNOTS.);
#2581 = CARTESIAN_POINT('',(0.,33.94053915705));
#2582 = CARTESIAN_POINT('',(1.570796326795,33.94053915705));
#2583 = ( GEOMETRIC_REPRESENTATION_CONTEXT(2) 
PARAMETRIC_REPRESENTATION_CONTEXT() REPRESENTATION_CONTEXT('2D SPACE',''
  ) );
#2584 = PCURVE('',#2497,#2585);
#2585 = DEFINITIONAL_REPRESENTATION('',(#2586),#2589);
#2586 = B_SPLINE_CURVE_WITH_KNOTS('',1,(#2587,#2588),.UNSPECIFIED.,.F.,
  .F.,(2,2),(0.,1.570796326795),.PIECEWISE_BEZIER_KNOTS.);
#2587 = CARTESIAN_POINT('',(0.,0.));
#2588 = CARTESIAN_POINT('',(0.,1.570796326795));
#2589 = ( GEOMETRIC_REPRESENTATION_CONTEXT(2) 
PARAMETRIC_REPRESENTATION_CONTEXT() REPRESENTATION_CONTEXT('2D SPACE',''
  ) );
#2590 = ORIENTED_EDGE('',*,*,#2400,.F.);
#2591 = ADVANCED_FACE('',(#2592),#72,.F.);
#2592 = FACE_BOUND('',#2593,.F.);
#2593 = EDGE_LOOP('',(#2594,#2624,#2653,#2681,#2714,#2735,#2736,#2737));
#2594 = ORIENTED_EDGE('',*,*,#2595,.F.);
#2595 = EDGE_CURVE('',#2596,#2598,#2600,.T.);
#2596 = VERTEX_POINT('',#2597);
#2597 = CARTESIAN_POINT('',(-207.5,-69.,0.));
#2598 = VERTEX_POINT('',#2599);
#2599 = CARTESIAN_POINT('',(-207.5,69.,0.));
#2600 = SURFACE_CURVE('',#2601,(#2605,#2612),.PCURVE_S1.);
#2601 = LINE('',#2602,#2603);
#2602 = CARTESIAN_POINT('',(-207.5,-124.,0.));
#2603 = VECTOR('',#2604,1.);
#2604 = DIRECTION('',(-0.,1.,0.));
#2605 = PCURVE('',#72,#2606);
#2606 = DEFINITIONAL_REPRESENTATION('',(#2607),#2611);
#2607 = LINE('',#2608,#2609);
#2608 = CARTESIAN_POINT('',(0.,0.));
#2609 = VECTOR('',#2610,1.);
#2610 = DIRECTION('',(0.,1.));
#2611 = ( GEOMETRIC_REPRESENTATION_CONTEXT(2) 
PARAMETRIC_REPRESENTATION_CONTEXT() REPRESENTATION_CONTEXT('2D SPACE',''
  ) );
#2612 = PCURVE('',#2613,#2618);
#2613 = PLANE('',#2614);
#2614 = AXIS2_PLACEMENT_3D('',#2615,#2616,#2617);
#2615 = CARTESIAN_POINT('',(-207.5,-124.,0.));
#2616 = DIRECTION('',(1.,0.,-0.));
#2617 = DIRECTION('',(0.,0.,1.));
#2618 = DEFINITIONAL_REPRESENTATION('',(#2619),#2623);
#2619 = LINE('',#2620,#2621);
#2620 = CARTESIAN_POINT('',(0.,0.));
#2621 = VECTOR('',#2622,1.);
#2622 = DIRECTION('',(0.,-1.));
#2623 = ( GEOMETRIC_REPRESENTATION_CONTEXT(2) 
PARAMETRIC_REPRESENTATION_CONTEXT() REPRESENTATION_CONTEXT('2D SPACE',''
  ) );
#2624 = ORIENTED_EDGE('',*,*,#2625,.T.);
#2625 = EDGE_CURVE('',#2596,#2626,#2628,.T.);
#2626 = VERTEX_POINT('',#2627);
#2627 = CARTESIAN_POINT('',(-152.5,-124.,0.));
#2628 = SURFACE_CURVE('',#2629,(#2634,#2641),.PCURVE_S1.);
#2629 = CIRCLE('',#2630,55.);
#2630 = AXIS2_PLACEMENT_3D('',#2631,#2632,#2633);
#2631 = CARTESIAN_POINT('',(-152.5,-69.,0.));
#2632 = DIRECTION('',(0.,0.,1.));
#2633 = DIRECTION('',(0.,-1.,0.));
#2634 = PCURVE('',#72,#2635);
#2635 = DEFINITIONAL_REPRESENTATION('',(#2636),#2640);
#2636 = CIRCLE('',#2637,55.);
#2637 = AXIS2_PLACEMENT_2D('',#2638,#2639);
#2638 = CARTESIAN_POINT('',(55.,55.));
#2639 = DIRECTION('',(0.,-1.));
#2640 = ( GEOMETRIC_REPRESENTATION_CONTEXT(2) 
PARAMETRIC_REPRESENTATION_CONTEXT() REPRESENTATION_CONTEXT('2D SPACE',''
  ) );
#2641 = PCURVE('',#2642,#2647);
#2642 = CYLINDRICAL_SURFACE('',#2643,55.);
#2643 = AXIS2_PLACEMENT_3D('',#2644,#2645,#2646);
#2644 = CARTESIAN_POINT('',(-152.5,-69.,0.));
#2645 = DIRECTION('',(0.,0.,1.));
#2646 = DIRECTION('',(-1.,-0.,0.));
#2647 = DEFINITIONAL_REPRESENTATION('',(#2648),#2652);
#2648 = LINE('',#2649,#2650);
#2649 = CARTESIAN_POINT('',(-4.712388980385,0.));
#2650 = VECTOR('',#2651,1.);
#2651 = DIRECTION('',(1.,0.));
#2652 = ( GEOMETRIC_REPRESENTATION_CONTEXT(2) 
PARAMETRIC_REPRESENTATION_CONTEXT() REPRESENTATION_CONTEXT('2D SPACE',''
  ) );
#2653 = ORIENTED_EDGE('',*,*,#2654,.F.);
#2654 = EDGE_CURVE('',#2655,#2626,#2657,.T.);
#2655 = VERTEX_POINT('',#2656);
#2656 = CARTESIAN_POINT('',(152.5,-124.,0.));
#2657 = SURFACE_CURVE('',#2658,(#2662,#2669),.PCURVE_S1.);
#2658 = LINE('',#2659,#2660);
#2659 = CARTESIAN_POINT('',(152.5,-124.,0.));
#2660 = VECTOR('',#2661,1.);
#2661 = DIRECTION('',(-1.,0.,0.));
#2662 = PCURVE('',#72,#2663);
#2663 = DEFINITIONAL_REPRESENTATION('',(#2664),#2668);
#2664 = LINE('',#2665,#2666);
#2665 = CARTESIAN_POINT('',(360.,-1.42108547152E-14));
#2666 = VECTOR('',#2667,1.);
#2667 = DIRECTION('',(-1.,0.));
#2668 = ( GEOMETRIC_REPRESENTATION_CONTEXT(2) 
PARAMETRIC_REPRESENTATION_CONTEXT() REPRESENTATION_CONTEXT('2D SPACE',''
  ) );
#2669 = PCURVE('',#2670,#2675);
#2670 = PLANE('',#2671);
#2671 = AXIS2_PLACEMENT_3D('',#2672,#2673,#2674);
#2672 = CARTESIAN_POINT('',(-207.5,-124.,0.));
#2673 = DIRECTION('',(-0.,1.,0.));
#2674 = DIRECTION('',(0.,0.,1.));
#2675 = DEFINITIONAL_REPRESENTATION('',(#2676),#2680);
#2676 = LINE('',#2677,#2678);
#2677 = CARTESIAN_POINT('',(0.,360.));
#2678 = VECTOR('',#2679,1.);
#2679 = DIRECTION('',(0.,-1.));
#2680 = ( GEOMETRIC_REPRESENTATION_CONTEXT(2) 
PARAMETRIC_REPRESENTATION_CONTEXT() REPRESENTATION_CONTEXT('2D SPACE',''
  ) );
#2681 = ORIENTED_EDGE('',*,*,#2682,.F.);
#2682 = EDGE_CURVE('',#2683,#2655,#2685,.T.);
#2683 = VERTEX_POINT('',#2684);
#2684 = CARTESIAN_POINT('',(207.5,-69.,0.));
#2685 = SURFACE_CURVE('',#2686,(#2691,#2702),.PCURVE_S1.);
#2686 = CIRCLE('',#2687,55.);
#2687 = AXIS2_PLACEMENT_3D('',#2688,#2689,#2690);
#2688 = CARTESIAN_POINT('',(152.5,-69.,0.));
#2689 = DIRECTION('',(-0.,-0.,-1.));
#2690 = DIRECTION('',(0.,-1.,0.));
#2691 = PCURVE('',#72,#2692);
#2692 = DEFINITIONAL_REPRESENTATION('',(#2693),#2701);
#2693 = ( BOUNDED_CURVE() B_SPLINE_CURVE(2,(#2694,#2695,#2696,#2697,
#2698,#2699,#2700),.UNSPECIFIED.,.T.,.F.) B_SPLINE_CURVE_WITH_KNOTS((1,2
    ,2,2,2,1),(-2.094395102393,0.,2.094395102393,4.188790204786,
6.28318530718,8.377580409573),.UNSPECIFIED.) CURVE() 
GEOMETRIC_REPRESENTATION_ITEM() RATIONAL_B_SPLINE_CURVE((1.,0.5,1.,0.5,
1.,0.5,1.)) REPRESENTATION_ITEM('') );
#2694 = CARTESIAN_POINT('',(360.,-1.42108547152E-14));
#2695 = CARTESIAN_POINT('',(264.73720558371,-1.42108547152E-14));
#2696 = CARTESIAN_POINT('',(312.36860279185,82.5));
#2697 = CARTESIAN_POINT('',(360.,165.));
#2698 = CARTESIAN_POINT('',(407.63139720814,82.5));
#2699 = CARTESIAN_POINT('',(455.26279441628,7.105427357601E-14));
#2700 = CARTESIAN_POINT('',(360.,-1.42108547152E-14));
#2701 = ( GEOMETRIC_REPRESENTATION_CONTEXT(2) 
PARAMETRIC_REPRESENTATION_CONTEXT() REPRESENTATION_CONTEXT('2D SPACE',''
  ) );
#2702 = PCURVE('',#2703,#2708);
#2703 = CYLINDRICAL_SURFACE('',#2704,55.);
#2704 = AXIS2_PLACEMENT_3D('',#2705,#2706,#2707);
#2705 = CARTESIAN_POINT('',(152.5,-69.,0.));
#2706 = DIRECTION('',(0.,0.,1.));
#2707 = DIRECTION('',(1.,0.,-0.));
#2708 = DEFINITIONAL_REPRESENTATION('',(#2709),#2713);
#2709 = LINE('',#2710,#2711);
#2710 = CARTESIAN_POINT('',(4.712388980385,-0.));
#2711 = VECTOR('',#2712,1.);
#2712 = DIRECTION('',(-1.,0.));
#2713 = ( GEOMETRIC_REPRESENTATION_CONTEXT(2) 
PARAMETRIC_REPRESENTATION_CONTEXT() REPRESENTATION_CONTEXT('2D SPACE',''
  ) );
#2714 = ORIENTED_EDGE('',*,*,#2715,.T.);
#2715 = EDGE_CURVE('',#2683,#2430,#2716,.T.);
#2716 = SURFACE_CURVE('',#2717,(#2721,#2728),.PCURVE_S1.);
#2717 = LINE('',#2718,#2719);
#2718 = CARTESIAN_POINT('',(207.5,-124.,0.));
#2719 = VECTOR('',#2720,1.);
#2720 = DIRECTION('',(-0.,1.,0.));
#2721 = PCURVE('',#72,#2722);
#2722 = DEFINITIONAL_REPRESENTATION('',(#2723),#2727);
#2723 = LINE('',#2724,#2725);
#2724 = CARTESIAN_POINT('',(415.,0.));
#2725 = VECTOR('',#2726,1.);
#2726 = DIRECTION('',(0.,1.));
#2727 = ( GEOMETRIC_REPRESENTATION_CONTEXT(2) 
PARAMETRIC_REPRESENTATION_CONTEXT() REPRESENTATION_CONTEXT('2D SPACE',''
  ) );
#2728 = PCURVE('',#2447,#2729);
#2729 = DEFINITIONAL_REPRESENTATION('',(#2730),#2734);
#2730 = LINE('',#2731,#2732);
#2731 = CARTESIAN_POINT('',(0.,0.));
#2732 = VECTOR('',#2733,1.);
#2733 = DIRECTION('',(0.,-1.));
#2734 = ( GEOMETRIC_REPRESENTATION_CONTEXT(2) 
PARAMETRIC_REPRESENTATION_CONTEXT() REPRESENTATION_CONTEXT('2D SPACE',''
  ) );
#2735 = ORIENTED_EDGE('',*,*,#2459,.T.);
#2736 = ORIENTED_EDGE('',*,*,#56,.F.);
#2737 = ORIENTED_EDGE('',*,*,#2738,.F.);
#2738 = EDGE_CURVE('',#2598,#57,#2739,.T.);
#2739 = SURFACE_CURVE('',#2740,(#2745,#2756),.PCURVE_S1.);
#2740 = CIRCLE('',#2741,55.);
#2741 = AXIS2_PLACEMENT_3D('',#2742,#2743,#2744);
#2742 = CARTESIAN_POINT('',(-152.5,69.,0.));
#2743 = DIRECTION('',(-0.,-0.,-1.));
#2744 = DIRECTION('',(0.,-1.,0.));
#2745 = PCURVE('',#72,#2746);
#2746 = DEFINITIONAL_REPRESENTATION('',(#2747),#2755);
#2747 = ( BOUNDED_CURVE() B_SPLINE_CURVE(2,(#2748,#2749,#2750,#2751,
#2752,#2753,#2754),.UNSPECIFIED.,.T.,.F.) B_SPLINE_CURVE_WITH_KNOTS((1,2
    ,2,2,2,1),(-2.094395102393,0.,2.094395102393,4.188790204786,
6.28318530718,8.377580409573),.UNSPECIFIED.) CURVE() 
GEOMETRIC_REPRESENTATION_ITEM() RATIONAL_B_SPLINE_CURVE((1.,0.5,1.,0.5,
1.,0.5,1.)) REPRESENTATION_ITEM('') );
#2748 = CARTESIAN_POINT('',(55.,138.));
#2749 = CARTESIAN_POINT('',(-40.26279441628,138.));
#2750 = CARTESIAN_POINT('',(7.368602791856,220.5));
#2751 = CARTESIAN_POINT('',(55.,303.));
#2752 = CARTESIAN_POINT('',(102.63139720814,220.5));
#2753 = CARTESIAN_POINT('',(150.26279441628,138.));
#2754 = CARTESIAN_POINT('',(55.,138.));
#2755 = ( GEOMETRIC_REPRESENTATION_CONTEXT(2) 
PARAMETRIC_REPRESENTATION_CONTEXT() REPRESENTATION_CONTEXT('2D SPACE',''
  ) );
#2756 = PCURVE('',#100,#2757);
#2757 = DEFINITIONAL_REPRESENTATION('',(#2758),#2762);
#2758 = LINE('',#2759,#2760);
#2759 = CARTESIAN_POINT('',(1.570796326795,-0.));
#2760 = VECTOR('',#2761,1.);
#2761 = DIRECTION('',(-1.,0.));
#2762 = ( GEOMETRIC_REPRESENTATION_CONTEXT(2) 
PARAMETRIC_REPRESENTATION_CONTEXT() REPRESENTATION_CONTEXT('2D SPACE',''
  ) );
#2763 = ADVANCED_FACE('',(#2764),#1801,.T.);
#2764 = FACE_BOUND('',#2765,.T.);
#2765 = EDGE_LOOP('',(#2766,#3307,#3308));
#2766 = ORIENTED_EDGE('',*,*,#2767,.T.);
#2767 = EDGE_CURVE('',#1370,#2513,#2768,.T.);
#2768 = SURFACE_CURVE('',#2769,(#2967,#2974),.PCURVE_S1.);
#2769 = ( BOUNDED_CURVE() B_SPLINE_CURVE(14,(#2770,#2771,#2772,#2773,
    #2774,#2775,#2776,#2777,#2778,#2779,#2780,#2781,#2782,#2783,#2784,
    #2785,#2786,#2787,#2788,#2789,#2790,#2791,#2792,#2793,#2794,#2795,
    #2796,#2797,#2798,#2799,#2800,#2801,#2802,#2803,#2804,#2805,#2806,
    #2807,#2808,#2809,#2810,#2811,#2812,#2813,#2814,#2815,#2816,#2817,
    #2818,#2819,#2820,#2821,#2822,#2823,#2824,#2825,#2826,#2827,#2828,
    #2829,#2830,#2831,#2832,#2833,#2834,#2835,#2836,#2837,#2838,#2839,
    #2840,#2841,#2842,#2843,#2844,#2845,#2846,#2847,#2848,#2849,#2850,
    #2851,#2852,#2853,#2854,#2855,#2856,#2857,#2858,#2859,#2860,#2861,
    #2862,#2863,#2864,#2865,#2866,#2867,#2868,#2869,#2870,#2871,#2872,
    #2873,#2874,#2875,#2876,#2877,#2878,#2879,#2880,#2881,#2882,#2883,
    #2884,#2885,#2886,#2887,#2888,#2889,#2890,#2891,#2892,#2893,#2894,
    #2895,#2896,#2897,#2898,#2899,#2900,#2901,#2902,#2903,#2904,#2905,
    #2906,#2907,#2908,#2909,#2910,#2911,#2912,#2913,#2914,#2915,#2916,
    #2917,#2918,#2919,#2920,#2921,#2922,#2923,#2924,#2925,#2926,#2927,
    #2928,#2929,#2930,#2931,#2932,#2933,#2934,#2935,#2936,#2937,#2938,
    #2939,#2940,#2941,#2942,#2943,#2944,#2945,#2946,#2947,#2948,#2949,
    #2950,#2951,#2952,#2953,#2954,#2955,#2956,#2957,#2958,#2959,#2960,
    #2961,#2962,#2963,#2964,#2965,#2966),.UNSPECIFIED.,.F.,.F.) 
B_SPLINE_CURVE_WITH_KNOTS((15,13,13,13,13,13,13,13,13,13,13,13,13,13,13,
    15),(0.,1.285486611604E-02,2.570973223209E-02,5.141946446418E-02,
    0.102838928928,0.205677857857,0.411355715713,0.822711431427,
    1.645422862854,3.290845725708,6.581691451415,9.872537177123,
    13.16338290283,26.32676580566,52.134583815382,54.427243401312),
.UNSPECIFIED.) CURVE() GEOMETRIC_REPRESENTATION_ITEM() 
RATIONAL_B_SPLINE_CURVE((1.,1.,1.,1.,0.999999999999,1.000000000002,
    0.999999999998,1.000000000003,0.999999999997,1.000000000002,
    0.999999999999,1.000000000001,1.,1.,1.,1.,1.,0.999999999999,
    1.000000000001,0.999999999998,1.000000000002,0.999999999999,
    1.000000000001,1.,1.,1.,1.,1.,1.,1.000000000001,0.999999999998,
    1.000000000004,0.999999999994,1.000000000007,0.999999999993,
    1.000000000006,0.999999999996,1.000000000002,0.999999999999,1.,1.,1.
    ,1.,1.,1.,0.999999999999,1.000000000001,0.999999999999,
    1.000000000001,0.999999999999,1.,1.,1.,1.,1.000000000001,
    0.999999999998,1.000000000004,0.999999999993,1.000000000009,
    0.999999999989,1.00000000001,0.999999999993,1.000000000005,
    0.999999999998,1.000000000001,1.,1.,1.,1.000000000001,0.999999999998
    ,1.000000000003,0.999999999995,1.000000000005,0.999999999995,
    1.000000000004,0.999999999998,1.000000000001,1.,1.,1.,1.,1.,
    0.999999999999,1.000000000002,0.999999999996,1.000000000004,
    0.999999999996,1.000000000003,0.999999999998,1.000000000001,1.,1.,1.
    ,1.,1.,1.000000000001,0.999999999999,1.000000000001,0.999999999999,
    1.,1.,1.,1.,1.,1.,1.,1.000000000001,0.999999999999,1.000000000003,
    0.999999999995,1.000000000006,0.999999999994,1.000000000005,
    0.999999999996,1.000000000002,0.999999999999,1.,1.,1.,1.,
    0.999999999999,1.000000000002,0.999999999996,1.000000000005,
    0.999999999994,1.000000000005,0.999999999996,1.000000000003,
    0.999999999998,1.000000000001,1.,1.000000000001,0.999999999997,
    1.000000000009,0.999999999981,1.000000000031,0.99999999996,
    1.000000000043,0.999999999961,1.000000000028,0.999999999983,
    1.000000000008,0.999999999997,1.,1.,1.000000000001,0.999999999997,
    1.000000000006,0.999999999991,1.000000000011,0.999999999989,
    1.000000000009,0.999999999994,1.000000000003,0.999999999999,1.,1.,1.
    ,1.,1.,1.,1.,0.999999999999,1.000000000001,0.999999999998,
    1.000000000002,0.999999999999,1.000000000001,1.,1.,0.999999999999,
    1.000000000003,0.999999999992,1.000000000017,0.999999999973,
    1.000000000034,0.999999999966,1.000000000029,0.99999999998,
    1.000000000011,0.999999999995,1.000000000002,1.,1.,1.,1.,
    0.999999999999,1.000000000001,1.,1.,1.,1.,1.,1.,1.,1.,1.)) 
REPRESENTATION_ITEM('') );
#2770 = CARTESIAN_POINT('',(76.968279905777,124.,78.));
#2771 = CARTESIAN_POINT('',(76.96907275351,124.,77.999465474987));
#2772 = CARTESIAN_POINT('',(76.969184110856,123.99999998349,
    77.998388106496));
#2773 = CARTESIAN_POINT('',(76.97222716011,123.99999995051,
    77.999645929071));
#2774 = CARTESIAN_POINT('',(76.966837847048,123.99999990099,
    77.99418704944));
#2775 = CARTESIAN_POINT('',(76.979184804934,123.99999983505,
    78.002855760569));
#2776 = CARTESIAN_POINT('',(76.963116013251,123.99999975248,
    77.988890255785));
#2777 = CARTESIAN_POINT('',(76.982427448816,123.99999965358,
    78.00310641151));
#2778 = CARTESIAN_POINT('',(76.967233026619,123.99999953801,
    77.989837352671));
#2779 = CARTESIAN_POINT('',(76.97835520959,123.99999940609,
    77.997530441372));
#2780 = CARTESIAN_POINT('',(76.973963004862,123.99999925757,
    77.992865730027));
#2781 = CARTESIAN_POINT('',(76.976465921571,123.99999909261,
    77.993693229581));
#2782 = CARTESIAN_POINT('',(76.976767298085,123.99999891112,
    77.992767109169));
#2783 = CARTESIAN_POINT('',(76.977525631569,123.99999871314,
    77.992204961192));
#2784 = CARTESIAN_POINT('',(76.978948086033,123.99999828419,
    77.991005599653));
#2785 = CARTESIAN_POINT('',(76.979659315747,123.99999805322,
    77.990405909981));
#2786 = CARTESIAN_POINT('',(76.980370548023,123.99999780574,
    77.989806211422));
#2787 = CARTESIAN_POINT('',(76.981081782616,123.99999754178,
    77.98920650392));
#2788 = CARTESIAN_POINT('',(76.981793020051,123.99999726129,
    77.98860678764));
#2789 = CARTESIAN_POINT('',(76.98250425941,123.99999696436,
    77.988007062248));
#2790 = CARTESIAN_POINT('',(76.983215502002,123.99999665085,
    77.987407328313));
#2791 = CARTESIAN_POINT('',(76.98392674625,123.99999632092,
    77.986807585054));
#2792 = CARTESIAN_POINT('',(76.984637993744,123.99999597444,
    77.986207833373));
#2793 = CARTESIAN_POINT('',(76.985349243126,123.99999561149,
    77.985608072422));
#2794 = CARTESIAN_POINT('',(76.986060495358,123.99999523202,
    77.985008302864));
#2795 = CARTESIAN_POINT('',(76.986771749872,123.99999483607,
    77.984408524289));
#2796 = CARTESIAN_POINT('',(76.98748300693,123.99999442361,77.9838087369
    ));
#2797 = CARTESIAN_POINT('',(76.989616785454,123.99999313675,
    77.982009348096));
#2798 = CARTESIAN_POINT('',(76.991039314364,123.99999221285,
    77.980809720092));
#2799 = CARTESIAN_POINT('',(76.992461853068,123.99999122295,
    77.979610056665));
#2800 = CARTESIAN_POINT('',(76.993884401749,123.99999016708,
    77.978410357767));
#2801 = CARTESIAN_POINT('',(76.995306959987,123.99998904517,
    77.977210623578));
#2802 = CARTESIAN_POINT('',(76.996729528407,123.99998785733,
    77.976010853875));
#2803 = CARTESIAN_POINT('',(76.998152106125,123.99998660341,
    77.97481104898));
#2804 = CARTESIAN_POINT('',(76.999574694096,123.9999852836,
    77.973611208644));
#2805 = CARTESIAN_POINT('',(77.000997291371,123.99998389769,
    77.972411333066));
#2806 = CARTESIAN_POINT('',(77.002419898679,123.99998244587,
    77.971211422216));
#2807 = CARTESIAN_POINT('',(77.003842515492,123.999980928,
    77.970011476086));
#2808 = CARTESIAN_POINT('',(77.005265142079,123.99997934417,
    77.968811494759));
#2809 = CARTESIAN_POINT('',(77.006687778285,123.99997769432,
    77.967611478213));
#2810 = CARTESIAN_POINT('',(77.010955715852,123.99997254682,
    77.964011323058));
#2811 = CARTESIAN_POINT('',(77.013801046095,123.99996885118,
    77.961611078892));
#2812 = CARTESIAN_POINT('',(77.016646414829,123.99996489154,
    77.959210694274));
#2813 = CARTESIAN_POINT('',(77.019491821552,123.99996066795,
    77.95681016915));
#2814 = CARTESIAN_POINT('',(77.022337266827,123.99995618032,
    77.954409504222));
#2815 = CARTESIAN_POINT('',(77.025182749239,123.9999514288,
    77.952008698813));
#2816 = CARTESIAN_POINT('',(77.028028270406,123.99994641317,
    77.949607754323));
#2817 = CARTESIAN_POINT('',(77.030873828055,123.99994113369,
    77.947206669526));
#2818 = CARTESIAN_POINT('',(77.03371942412,123.9999355901,
    77.944805446005));
#2819 = CARTESIAN_POINT('',(77.036565056691,123.99992978261,
    77.942404082797));
#2820 = CARTESIAN_POINT('',(77.039410726821,123.99992371108,
    77.940002580888));
#2821 = CARTESIAN_POINT('',(77.042256433651,123.99991737559,
    77.937600940015));
#2822 = CARTESIAN_POINT('',(77.045102177336,123.99991077609,
    77.935199160572));
#2823 = CARTESIAN_POINT('',(77.053639518149,123.99989018564,
    77.9279934069));
#2824 = CARTESIAN_POINT('',(77.05933122519,123.99987540269,
    77.923189017412));
#2825 = CARTESIAN_POINT('',(77.065023077337,123.99985956379,
    77.918384075711));
#2826 = CARTESIAN_POINT('',(77.070715073242,123.99984266886,
    77.913578583241));
#2827 = CARTESIAN_POINT('',(77.076407211499,123.99982471802,
    77.908772541588));
#2828 = CARTESIAN_POINT('',(77.082099490775,123.99980571105,
    77.903965952051));
#2829 = CARTESIAN_POINT('',(77.087791909637,123.99978564825,
    77.899158816383));
#2830 = CARTESIAN_POINT('',(77.093484466793,123.99976452924,
    77.894351135748));
#2831 = CARTESIAN_POINT('',(77.09917716077,123.99974235439,
    77.889542911952));
#2832 = CARTESIAN_POINT('',(77.104869990292,123.99971912337,
    77.884734146207));
#2833 = CARTESIAN_POINT('',(77.110562953906,123.9996948364,
    77.879924840193));
#2834 = CARTESIAN_POINT('',(77.11625605029,123.99966949335,
    77.875114995276));
#2835 = CARTESIAN_POINT('',(77.121949278041,123.99964309426,77.870304613
    ));
#2836 = CARTESIAN_POINT('',(77.139029351313,123.9995607288,
    77.855871858478));
#2837 = CARTESIAN_POINT('',(77.150416587643,123.99950159419,
    77.846247879223));
#2838 = CARTESIAN_POINT('',(77.161804332928,123.99943823524,
    77.836621768274));
#2839 = CARTESIAN_POINT('',(77.1731925749,123.999370652,77.826993537092)
  );
#2840 = CARTESIAN_POINT('',(77.184581302273,123.99929884433,
    77.81736319655));
#2841 = CARTESIAN_POINT('',(77.195970501856,123.99922281242,
    77.807730758644));
#2842 = CARTESIAN_POINT('',(77.207360163524,123.99914255596,
    77.798096233591));
#2843 = CARTESIAN_POINT('',(77.218750273001,123.99905807531,
    77.788459633975));
#2844 = CARTESIAN_POINT('',(77.230140820768,123.99896937007,
    77.778820969721));
#2845 = CARTESIAN_POINT('',(77.241531792691,123.99887644055,
    77.769180253277));
#2846 = CARTESIAN_POINT('',(77.252923178406,123.9987792865,
    77.759537495078));
#2847 = CARTESIAN_POINT('',(77.264314964984,123.99867790806,
    77.749892706895));
#2848 = CARTESIAN_POINT('',(77.275707140921,123.99857230514,
    77.740245899777));
#2849 = CARTESIAN_POINT('',(77.309884800433,123.99824282296,
    77.711299455679));
#2850 = CARTESIAN_POINT('',(77.332671422715,123.99800626784,
    77.691993807236));
#2851 = CARTESIAN_POINT('',(77.355459454723,123.99775281401,
    77.672680219146));
#2852 = CARTESIAN_POINT('',(77.378248790483,123.99748246309,
    77.653358770827));
#2853 = CARTESIAN_POINT('',(77.401039323533,123.99719521668,
    77.63402954158));
#2854 = CARTESIAN_POINT('',(77.423830948258,123.99689107647,
    77.614692611023));
#2855 = CARTESIAN_POINT('',(77.446623557781,123.99657004398,
    77.595348058152));
#2856 = CARTESIAN_POINT('',(77.469417046834,123.99623212096,
    77.575995962936));
#2857 = CARTESIAN_POINT('',(77.492211308403,123.99587730889,
    77.55663640409));
#2858 = CARTESIAN_POINT('',(77.515006237078,123.99550560953,
    77.537269461673));
#2859 = CARTESIAN_POINT('',(77.537801726209,123.9951170244,
    77.517895214548));
#2860 = CARTESIAN_POINT('',(77.560597669945,123.99471155518,
    77.498513742452));
#2861 = CARTESIAN_POINT('',(77.583393962013,123.99428920348,
    77.47912512461));
#2862 = CARTESIAN_POINT('',(77.651783564925,123.99297150578,
    77.420938072209));
#2863 = CARTESIAN_POINT('',(77.697377582264,123.99202545393,
    77.382118583257));
#2864 = CARTESIAN_POINT('',(77.742971646344,123.99101187814,
    77.343271443876));
#2865 = CARTESIAN_POINT('',(77.788564855024,123.98993084115,
    77.30439712437));
#2866 = CARTESIAN_POINT('',(77.834156306511,123.98878240578,
    77.265496094892));
#2867 = CARTESIAN_POINT('',(77.879745098352,123.98756663469,
    77.226568825914));
#2868 = CARTESIAN_POINT('',(77.92533032915,123.98628359078,
    77.187615787382));
#2869 = CARTESIAN_POINT('',(77.970911096069,123.98493333666,
    77.148637449959));
#2870 = CARTESIAN_POINT('',(78.016486497947,123.98351593525,
    77.109634283479));
#2871 = CARTESIAN_POINT('',(78.062055631963,123.98203144918,
    77.070606758594));
#2872 = CARTESIAN_POINT('',(78.107617596687,123.9804799413,
    77.031555345272));
#2873 = CARTESIAN_POINT('',(78.153171489715,123.97886147433,
    76.992480513959));
#2874 = CARTESIAN_POINT('',(78.1987164092,123.97717611105,
    76.953382734827));
#2875 = CARTESIAN_POINT('',(78.335321540735,123.97191952057,
    76.836021964862));
#2876 = CARTESIAN_POINT('',(78.426352578949,123.96814808269,
    76.757691108605));
#2877 = CARTESIAN_POINT('',(78.517337094916,123.96411046573,
    76.679272654695));
#2878 = CARTESIAN_POINT('',(78.608267910704,123.95980765961,
    76.600769284008));
#2879 = CARTESIAN_POINT('',(78.699138142678,123.95524077899,
    76.522183613001));
#2880 = CARTESIAN_POINT('',(78.789941202483,123.95041106328,
    76.443518193772));
#2881 = CARTESIAN_POINT('',(78.880670795563,123.94531987663,
    76.364775513888));
#2882 = CARTESIAN_POINT('',(78.971320923045,123.93996870799,
    76.285957996713));
#2883 = CARTESIAN_POINT('',(79.061885879699,123.93435917098,
    76.207068000925));
#2884 = CARTESIAN_POINT('',(79.152360255825,123.92849300404,
    76.128107821089));
#2885 = CARTESIAN_POINT('',(79.242738935759,123.92237207033,
    76.0490796871));
#2886 = CARTESIAN_POINT('',(79.333017098884,123.91599835777,
    75.969985764628));
#2887 = CARTESIAN_POINT('',(79.42319021905,123.90937397902,
    75.890828154827));
#2888 = CARTESIAN_POINT('',(79.693381756454,123.88875555645,
    75.653170373816));
#2889 = CARTESIAN_POINT('',(79.873077666604,123.87401605953,
    75.49448850027));
#2890 = CARTESIAN_POINT('',(80.052305243247,123.85829962721,
    75.335578824274));
#2891 = CARTESIAN_POINT('',(80.231039455892,123.84162507199,
    75.176460027328));
#2892 = CARTESIAN_POINT('',(80.409266368528,123.82401219435,
    75.017153925628));
#2893 = CARTESIAN_POINT('',(80.586982711004,123.80548090432,
    74.857685473401));
#2894 = CARTESIAN_POINT('',(80.764195452966,123.78605034377,
    74.698082766716));
#2895 = CARTESIAN_POINT('',(80.940921374246,123.7657380076,
    74.538377046594));
#2896 = CARTESIAN_POINT('',(81.117186639415,123.74455886636,
    74.378602703039));
#2897 = CARTESIAN_POINT('',(81.293026368167,123.72252448729,
    74.218797277988));
#2898 = CARTESIAN_POINT('',(81.468484209283,123.69964215684,
    74.059001469382));
#2899 = CARTESIAN_POINT('',(81.643611911953,123.67591400199,
    73.899259134224));
#2900 = CARTESIAN_POINT('',(81.818468898763,123.65133611242,
    73.739617292427));
#2901 = CARTESIAN_POINT('',(82.16777477685,123.60045921193,
    73.42063496784));
#2902 = CARTESIAN_POINT('',(82.34221838036,123.57416037449,
    73.261291344617));
#2903 = CARTESIAN_POINT('',(82.516510985502,123.54699405632,
    73.10213980534));
#2904 = CARTESIAN_POINT('',(82.690712509184,123.51894568406,
    72.943224906939));
#2905 = CARTESIAN_POINT('',(82.864877872326,123.48999641231,
    72.784586418225));
#2906 = CARTESIAN_POINT('',(83.03905176164,123.46012612771,
    72.62625549363));
#2907 = CARTESIAN_POINT('',(83.213264733135,123.42931624805,
    72.468251816275));
#2908 = CARTESIAN_POINT('',(83.387530650902,123.39755231853,
    72.310581717204));
#2909 = CARTESIAN_POINT('',(83.561845469557,123.3648264023,
    72.153237262164));
#2910 = CARTESIAN_POINT('',(83.736187350968,123.33113926851,
    71.996196315189));
#2911 = CARTESIAN_POINT('',(83.910518124347,123.29650237472,
    71.83942357049));
#2912 = CARTESIAN_POINT('',(84.084786082084,123.26093964639,
    71.682872559315));
#2913 = CARTESIAN_POINT('',(84.258930116852,123.2244890514,
    71.526488627332));
#2914 = CARTESIAN_POINT('',(84.606840276222,123.14991889035,
    71.213937142744));
#2915 = CARTESIAN_POINT('',(84.780589865054,123.11181014235,
    71.057755243533));
#2916 = CARTESIAN_POINT('',(84.954138619638,123.07288513396,
    70.901666922682));
#2917 = CARTESIAN_POINT('',(85.127490332401,123.03315227078,
    70.745672133754));
#2918 = CARTESIAN_POINT('',(85.30064793096,122.99262095689,
    70.589771048729));
#2919 = CARTESIAN_POINT('',(85.473613479366,122.95130159496,
    70.433964057758));
#2920 = CARTESIAN_POINT('',(85.646388176092,122.90920558602,
    70.278251769547));
#2921 = CARTESIAN_POINT('',(85.818972356755,122.86634532983,
    70.122635010846));
#2922 = CARTESIAN_POINT('',(85.99136549101,122.82273422442,
    69.967114827036));
#2923 = CARTESIAN_POINT('',(86.163566185545,122.77838666656,
    69.811692481546));
#2924 = CARTESIAN_POINT('',(86.335572181646,122.73331805133,
    69.656369456351));
#2925 = CARTESIAN_POINT('',(86.507380356857,122.68754477248,
    69.501147451609));
#2926 = CARTESIAN_POINT('',(86.67898672404,122.64108422216,
    69.346028385884));
#2927 = CARTESIAN_POINT('',(87.535985262885,122.40543706685,
    68.570958436628));
#2928 = CARTESIAN_POINT('',(88.218300685846,122.20623199854,
    67.952572434305));
#2929 = CARTESIAN_POINT('',(88.897116895102,121.99750760148,
    67.335991449893));
#2930 = CARTESIAN_POINT('',(89.572192211712,121.78074699388,
    66.721265854197));
#2931 = CARTESIAN_POINT('',(90.243444589476,121.55771105715,
    66.108427979112));
#2932 = CARTESIAN_POINT('',(90.911284726904,121.33018482774,
    65.497400547686));
#2933 = CARTESIAN_POINT('',(91.576792536309,121.09973822165,
    64.887958497103));
#2934 = CARTESIAN_POINT('',(92.241583882335,120.86764016528,
    64.279851965237));
#2935 = CARTESIAN_POINT('',(92.907365639653,120.63497368091,
    63.673094361546));
#2936 = CARTESIAN_POINT('',(93.575328287894,120.40290794651,
    63.068315601966));
#2937 = CARTESIAN_POINT('',(94.24567639515,120.17299182528,
    62.466976736164));
#2938 = CARTESIAN_POINT('',(94.917748509236,119.94724183125,
    61.87113835455));
#2939 = CARTESIAN_POINT('',(95.591329114133,119.72770597258,
    61.282371312295));
#2940 = CARTESIAN_POINT('',(97.600309224622,119.09825016426,
    59.556127751261));
#2941 = CARTESIAN_POINT('',(98.979750265252,118.69019439953,
    58.415332537311));
#2942 = CARTESIAN_POINT('',(100.3542544344,118.32744983757,
    57.332324190672));
#2943 = CARTESIAN_POINT('',(101.76333552245,117.99847698922,
    56.292217818235));
#2944 = CARTESIAN_POINT('',(103.23502348318,117.68936714828,
    55.283599029492));
#2945 = CARTESIAN_POINT('',(104.7704700872,117.41786924805,
    54.325539823411));
#2946 = CARTESIAN_POINT('',(106.35169682849,117.18255055571,
    53.456381418799));
#2947 = CARTESIAN_POINT('',(107.9625219587,116.97381649064,
    52.680042655548));
#2948 = CARTESIAN_POINT('',(109.6157330097,116.78806599847,
    51.983337189479));
#2949 = CARTESIAN_POINT('',(111.33686036989,116.6213247389,
    51.376404312572));
#2950 = CARTESIAN_POINT('',(113.11654214182,116.47298581734,
    50.877139206535));
#2951 = CARTESIAN_POINT('',(114.91825136174,116.34222858877,
    50.498648760825));
#2952 = CARTESIAN_POINT('',(116.71479304711,116.2265982912,
    50.234199745147));
#2953 = CARTESIAN_POINT('',(118.72407379185,116.1124200034,
    50.077267433792));
#2954 = CARTESIAN_POINT('',(118.88863820223,116.10314993124,
    50.065395102848));
#2955 = CARTESIAN_POINT('',(119.05338345735,116.09397474153,
    50.054498504677));
#2956 = CARTESIAN_POINT('',(119.21812314601,116.08491303401,
    50.04459341334));
#2957 = CARTESIAN_POINT('',(119.3828119454,116.07596707689,
    50.035681603667));
#2958 = CARTESIAN_POINT('',(119.54746393963,116.06713237495,
    50.027760114331));
#2959 = CARTESIAN_POINT('',(119.71210462359,116.05840326161,
    50.020826301926));
#2960 = CARTESIAN_POINT('',(119.87674896326,116.04977541983,
    50.014879707997));
#2961 = CARTESIAN_POINT('',(120.04139784192,116.04124624374,
    50.009921783268));
#2962 = CARTESIAN_POINT('',(120.206045273,116.03281394442,50.00595448512
    ));
#2963 = CARTESIAN_POINT('',(120.37068870596,116.02447631228,
    50.002978795206));
#2964 = CARTESIAN_POINT('',(120.53533480132,116.01623003995,
    50.000994174872));
#2965 = CARTESIAN_POINT('',(120.69999301169,116.00807151663,
    50.000000000002));
#2966 = CARTESIAN_POINT('',(120.86464933237,116.,50.));
#2967 = PCURVE('',#1801,#2968);
#2968 = DEFINITIONAL_REPRESENTATION('',(#2969),#2973);
#2969 = LINE('',#2970,#2971);
#2970 = CARTESIAN_POINT('',(54.427243401312,0.));
#2971 = VECTOR('',#2972,1.);
#2972 = DIRECTION('',(0.,1.));
#2973 = ( GEOMETRIC_REPRESENTATION_CONTEXT(2) 
PARAMETRIC_REPRESENTATION_CONTEXT() REPRESENTATION_CONTEXT('2D SPACE',''
  ) );
#2974 = PCURVE('',#2975,#3042);
#2975 = ( BOUNDED_SURFACE() B_SPLINE_SURFACE(2,11,(
    (#2976,#2977,#2978,#2979,#2980,#2981,#2982,#2983,#2984,#2985,#2986
      ,#2987,#2988,#2989,#2990,#2991,#2992,#2993,#2994,#2995,#2996,#2997
      )
    ,(#2998,#2999,#3000,#3001,#3002,#3003,#3004,#3005,#3006,#3007,#3008
      ,#3009,#3010,#3011,#3012,#3013,#3014,#3015,#3016,#3017,#3018,#3019
      )
    ,(#3020,#3021,#3022,#3023,#3024,#3025,#3026,#3027,#3028,#3029,#3030
      ,#3031,#3032,#3033,#3034,#3035,#3036,#3037,#3038,#3039,#3040,#3041
)),.UNSPECIFIED.,.F.,.F.,.F.) B_SPLINE_SURFACE_WITH_KNOTS((3,3),(12,10,
    12),(0.,29.983502770184),(241.97933342636,265.95866685272,
271.96283619654),.UNSPECIFIED.) GEOMETRIC_REPRESENTATION_ITEM() 
RATIONAL_B_SPLINE_SURFACE((
    (1.,1.,1.,1.,1.,1.,1.,1.,1.,1.,1.,1.,1.,1.,1.,1.,1.,1.,1.,1.,1.,1.)
    ,(0.793353340291,0.793353340291,0.792928627519,0.792076123981
      ,0.79069830579,0.788569459227,0.785425684017,0.781050999405
      ,0.775297021645,0.768038902514,0.759135547447,0.745871444192
      ,0.743108124751,0.740238384875,0.737198737756,0.733939499433
      ,0.730297382376,0.726290676018,0.722035520944,0.7174837706
      ,0.712569298074,0.707106781187)
    ,(1.,1.,1.,1.,1.,1.,1.,1.,1.,1.,1.,1.,1.,1.,1.,1.,1.,1.,1.,1.,1.,1.
))) REPRESENTATION_ITEM('') SURFACE() );
#2976 = CARTESIAN_POINT('',(121.48515566341,108.99999999999,50.));
#2977 = CARTESIAN_POINT('',(121.48515566341,114.31827359742,50.));
#2978 = CARTESIAN_POINT('',(120.70262721265,119.63655747333,
    49.999999999999));
#2979 = CARTESIAN_POINT('',(119.13789363489,124.8351340993,
    50.000000000003));
#2980 = CARTESIAN_POINT('',(116.81497221626,129.79344529013,
    49.999999999996));
#2981 = CARTESIAN_POINT('',(113.78608955137,134.40238395036,
    50.000000000005));
#2982 = CARTESIAN_POINT('',(110.11586136097,138.57316866908,
    49.999999999995));
#2983 = CARTESIAN_POINT('',(105.86929736114,142.23301822665,
    50.000000000004));
#2984 = CARTESIAN_POINT('',(101.10981883337,145.31398074794,
    49.999999999998));
#2985 = CARTESIAN_POINT('',(95.903755919349,147.74594297587,
    50.000000000001));
#2986 = CARTESIAN_POINT('',(90.326323348172,149.45804894829,50.));
#2987 = CARTESIAN_POINT('',(83.004711043998,150.60396236668,50.));
#2988 = CARTESIAN_POINT('',(81.521186130555,150.78355186505,
    49.999999999999));
#2989 = CARTESIAN_POINT('',(80.022361277292,150.91213520009,
    50.000000000003));
#2990 = CARTESIAN_POINT('',(78.535139966696,150.99076590818,
    49.999999999994));
#2991 = CARTESIAN_POINT('',(77.103019227072,151.03169004089,
    50.000000000008));
#2992 = CARTESIAN_POINT('',(75.804642242669,151.04799004893,
    49.999999999992));
#2993 = CARTESIAN_POINT('',(74.71378283357,151.1109637312,
    50.000000000007));
#2994 = CARTESIAN_POINT('',(73.784489261859,151.19807659602,
    49.999999999996));
#2995 = CARTESIAN_POINT('',(72.96893436571,151.30168459034,
    50.000000000001));
#2996 = CARTESIAN_POINT('',(72.194594302011,151.39405011687,50.));
#2997 = CARTESIAN_POINT('',(71.392483657036,151.43921456952,50.));
#2998 = CARTESIAN_POINT('',(100.,108.99999999999,50.));
#2999 = CARTESIAN_POINT('',(100.,111.14198518531,50.));
#3000 = CARTESIAN_POINT('',(99.702945777523,113.28634932463,
    49.999999999998));
#3001 = CARTESIAN_POINT('',(99.107011032248,115.4009978695,
    50.000000000004));
#3002 = CARTESIAN_POINT('',(98.209078251601,117.45585820847,
    49.999999999992));
#3003 = CARTESIAN_POINT('',(96.99368349696,119.41119943336,
    50.00000000001));
#3004 = CARTESIAN_POINT('',(95.456672984419,121.20563185943,
    49.99999999999));
#3005 = CARTESIAN_POINT('',(93.620158154526,122.76566978784,
    50.000000000008));
#3006 = CARTESIAN_POINT('',(91.531296714742,124.02530071344,
    49.999999999996));
#3007 = CARTESIAN_POINT('',(89.25495048743,124.93492496772,
    50.000000000002));
#3008 = CARTESIAN_POINT('',(86.870935195365,125.45457028821,
    49.999999999999));
#3009 = CARTESIAN_POINT('',(83.859216402793,125.5993241141,50.));
#3010 = CARTESIAN_POINT('',(83.245595033791,125.60255209143,
    49.999999999997));
#3011 = CARTESIAN_POINT('',(82.631439367281,125.57930069704,
    50.000000000008));
#3012 = CARTESIAN_POINT('',(82.015962081838,125.52748001539,
    49.999999999985));
#3013 = CARTESIAN_POINT('',(81.395840325735,125.44553390242,
    50.000000000021));
#3014 = CARTESIAN_POINT('',(80.767183023775,125.32622583162,
    49.999999999978));
#3015 = CARTESIAN_POINT('',(80.127226544011,125.17040561239,
    50.000000000017));
#3016 = CARTESIAN_POINT('',(79.451417905781,124.97631443299,
    49.999999999991));
#3017 = CARTESIAN_POINT('',(78.718036627624,124.73300901677,
    50.000000000004));
#3018 = CARTESIAN_POINT('',(77.899310402386,124.42069500713,
    49.999999999999));
#3019 = CARTESIAN_POINT('',(76.968279905778,124.,50.));
#3020 = CARTESIAN_POINT('',(94.439232527317,109.,70.753066737129));
#3021 = CARTESIAN_POINT('',(94.439232527317,110.31990125151,
    70.75306673713));
#3022 = CARTESIAN_POINT('',(94.296898094087,111.6398172224,
    70.790799808566));
#3023 = CARTESIAN_POINT('',(94.011880436559,112.96757814825,
    70.866570853321));
#3024 = CARTESIAN_POINT('',(93.57356493505,114.31086873179,
    70.988871509258));
#3025 = CARTESIAN_POINT('',(92.957350588922,115.6702814664,
    71.177667595439));
#3026 = CARTESIAN_POINT('',(92.134936193496,117.02893640371,
    71.455931391974));
#3027 = CARTESIAN_POINT('',(91.085239061598,118.35499241338,
    71.841545583741));
#3028 = CARTESIAN_POINT('',(89.797985512559,119.6119799918,
    72.345211691442));
#3029 = CARTESIAN_POINT('',(88.268759350365,120.76419442727,
    72.973956161678));
#3030 = CARTESIAN_POINT('',(86.492375142678,121.77040061292,
    73.734241989483));
#3031 = CARTESIAN_POINT('',(83.964690784544,122.78123587213,
    74.846239249287));
#3032 = CARTESIAN_POINT('',(83.443138932612,122.97125465354,
    75.077033510903));
#3033 = CARTESIAN_POINT('',(82.90629625207,123.14805796955,
    75.315760486013));
#3034 = CARTESIAN_POINT('',(82.34813698109,123.3128412293,
    75.567637718622));
#3035 = CARTESIAN_POINT('',(81.760855146057,123.46662476509,
    75.836499855424));
#3036 = CARTESIAN_POINT('',(81.128607527807,123.61054680594,
    76.135804745878));
#3037 = CARTESIAN_POINT('',(80.446238195063,123.74035563091,
    76.462810791773));
#3038 = CARTESIAN_POINT('',(79.707640210789,123.85331268382,
    76.807900294558));
#3039 = CARTESIAN_POINT('',(78.896758660918,123.94353288862,
    77.174508972508));
#3040 = CARTESIAN_POINT('',(77.992650664291,124.,77.567390733845));
#3041 = CARTESIAN_POINT('',(76.968279905777,124.,78.));
#3042 = DEFINITIONAL_REPRESENTATION('',(#3043),#3306);
#3043 = B_SPLINE_CURVE_WITH_KNOTS('',11,(#3044,#3045,#3046,#3047,#3048,
    #3049,#3050,#3051,#3052,#3053,#3054,#3055,#3056,#3057,#3058,#3059,
    #3060,#3061,#3062,#3063,#3064,#3065,#3066,#3067,#3068,#3069,#3070,
    #3071,#3072,#3073,#3074,#3075,#3076,#3077,#3078,#3079,#3080,#3081,
    #3082,#3083,#3084,#3085,#3086,#3087,#3088,#3089,#3090,#3091,#3092,
    #3093,#3094,#3095,#3096,#3097,#3098,#3099,#3100,#3101,#3102,#3103,
    #3104,#3105,#3106,#3107,#3108,#3109,#3110,#3111,#3112,#3113,#3114,
    #3115,#3116,#3117,#3118,#3119,#3120,#3121,#3122,#3123,#3124,#3125,
    #3126,#3127,#3128,#3129,#3130,#3131,#3132,#3133,#3134,#3135,#3136,
    #3137,#3138,#3139,#3140,#3141,#3142,#3143,#3144,#3145,#3146,#3147,
    #3148,#3149,#3150,#3151,#3152,#3153,#3154,#3155,#3156,#3157,#3158,
    #3159,#3160,#3161,#3162,#3163,#3164,#3165,#3166,#3167,#3168,#3169,
    #3170,#3171,#3172,#3173,#3174,#3175,#3176,#3177,#3178,#3179,#3180,
    #3181,#3182,#3183,#3184,#3185,#3186,#3187,#3188,#3189,#3190,#3191,
    #3192,#3193,#3194,#3195,#3196,#3197,#3198,#3199,#3200,#3201,#3202,
    #3203,#3204,#3205,#3206,#3207,#3208,#3209,#3210,#3211,#3212,#3213,
    #3214,#3215,#3216,#3217,#3218,#3219,#3220,#3221,#3222,#3223,#3224,
    #3225,#3226,#3227,#3228,#3229,#3230,#3231,#3232,#3233,#3234,#3235,
    #3236,#3237,#3238,#3239,#3240,#3241,#3242,#3243,#3244,#3245,#3246,
    #3247,#3248,#3249,#3250,#3251,#3252,#3253,#3254,#3255,#3256,#3257,
    #3258,#3259,#3260,#3261,#3262,#3263,#3264,#3265,#3266,#3267,#3268,
    #3269,#3270,#3271,#3272,#3273,#3274,#3275,#3276,#3277,#3278,#3279,
    #3280,#3281,#3282,#3283,#3284,#3285,#3286,#3287,#3288,#3289,#3290,
    #3291,#3292,#3293,#3294,#3295,#3296,#3297,#3298,#3299,#3300,#3301,
    #3302,#3303,#3304,#3305),.UNSPECIFIED.,.F.,.F.,(12,10,10,10,10,10,10
    ,10,10,10,10,10,10,10,10,10,10,10,10,10,10,10,10,10,10,10,12),(0.,
    6.643950610512E-03,1.328790122102E-02,2.657580244205E-02,
    5.315160488409E-02,0.106303209768,0.212606419536,0.425212839073,
    0.850425678146,1.700851356291,3.401702712582,6.803405425164,
    8.504256781455,10.205108137746,13.606810850328,20.410216275492,
    23.811918988074,25.512770344365,26.363196022511,27.213621700656,
    40.820432550984,47.623837976148,51.02554068873,51.875966366876,
    52.301179205949,52.726392045021,54.427243401312),.UNSPECIFIED.);
#3044 = CARTESIAN_POINT('',(29.983502770184,271.96283619654));
#3045 = CARTESIAN_POINT('',(29.98340330664,271.96255829748));
#3046 = CARTESIAN_POINT('',(29.983040570234,271.9624323849));
#3047 = CARTESIAN_POINT('',(29.983305448249,271.96194410138));
#3048 = CARTESIAN_POINT('',(29.982733047552,271.96193920907));
#3049 = CARTESIAN_POINT('',(29.982741647255,271.9615988583));
#3050 = CARTESIAN_POINT('',(29.982736022343,271.96126670553));
#3051 = CARTESIAN_POINT('',(29.982356128439,271.96115062271));
#3052 = CARTESIAN_POINT('',(29.982353509192,271.9608167041));
#3053 = CARTESIAN_POINT('',(29.982150674699,271.96059836514));
#3054 = CARTESIAN_POINT('',(29.982012596212,271.96034262396));
#3055 = CARTESIAN_POINT('',(29.981715074245,271.95984344632));
#3056 = CARTESIAN_POINT('',(29.981568027699,271.95959285255));
#3057 = CARTESIAN_POINT('',(29.981403559526,271.95935230176));
#3058 = CARTESIAN_POINT('',(29.981274853806,271.95909108888));
#3059 = CARTESIAN_POINT('',(29.981129429038,271.95883951241));
#3060 = CARTESIAN_POINT('',(29.980957362322,271.95860330418));
#3061 = CARTESIAN_POINT('',(29.980811726376,271.95835181925));
#3062 = CARTESIAN_POINT('',(29.980687397589,271.95808801861));
#3063 = CARTESIAN_POINT('',(29.980514308286,271.95785235412));
#3064 = CARTESIAN_POINT('',(29.980372789203,271.95759844757));
#3065 = CARTESIAN_POINT('',(29.979925609315,271.95684974335));
#3066 = CARTESIAN_POINT('',(29.97962748436,271.9563505495));
#3067 = CARTESIAN_POINT('',(29.979329354339,271.95585129737));
#3068 = CARTESIAN_POINT('',(29.979031219367,271.95535198831));
#3069 = CARTESIAN_POINT('',(29.978733079253,271.95485261984));
#3070 = CARTESIAN_POINT('',(29.978434934276,271.95435319546));
#3071 = CARTESIAN_POINT('',(29.978136784151,271.95385371127));
#3072 = CARTESIAN_POINT('',(29.977838629131,271.95335417069));
#3073 = CARTESIAN_POINT('',(29.977540469058,271.95285457133));
#3074 = CARTESIAN_POINT('',(29.977242304024,271.95235491446));
#3075 = CARTESIAN_POINT('',(29.97634779396,271.95085576985));
#3076 = CARTESIAN_POINT('',(29.975751434006,271.94985610854));
#3077 = CARTESIAN_POINT('',(29.975155054168,271.94885621538));
#3078 = CARTESIAN_POINT('',(29.974558654557,271.9478560908));
#3079 = CARTESIAN_POINT('',(29.973962235118,271.94685573395));
#3080 = CARTESIAN_POINT('',(29.97336579606,271.94585514581));
#3081 = CARTESIAN_POINT('',(29.972769337261,271.94485432528));
#3082 = CARTESIAN_POINT('',(29.972172858925,271.94385327314));
#3083 = CARTESIAN_POINT('',(29.971576361002,271.9428519888));
#3084 = CARTESIAN_POINT('',(29.9709798436,271.94185047249));
#3085 = CARTESIAN_POINT('',(29.969190233046,271.93884522715));
#3086 = CARTESIAN_POINT('',(29.967997081578,271.93684080187));
#3087 = CARTESIAN_POINT('',(29.96680385271,271.93483544739));
#3088 = CARTESIAN_POINT('',(29.965610546967,271.93282916428));
#3089 = CARTESIAN_POINT('',(29.964417164555,271.93082195025));
#3090 = CARTESIAN_POINT('',(29.963223706178,271.92881380751));
#3091 = CARTESIAN_POINT('',(29.962030171921,271.92680473271));
#3092 = CARTESIAN_POINT('',(29.960836562486,271.92479472797));
#3093 = CARTESIAN_POINT('',(29.959642878083,271.9227837911));
#3094 = CARTESIAN_POINT('',(29.958449119233,271.92077192262));
#3095 = CARTESIAN_POINT('',(29.954867620448,271.91473351991));
#3096 = CARTESIAN_POINT('',(29.952479658331,271.9107041889));
#3097 = CARTESIAN_POINT('',(29.950091403039,271.9066711249));
#3098 = CARTESIAN_POINT('',(29.947702857855,271.90263432566));
#3099 = CARTESIAN_POINT('',(29.945314025673,271.89859378595));
#3100 = CARTESIAN_POINT('',(29.942924909984,271.89454950513));
#3101 = CARTESIAN_POINT('',(29.940535513553,271.89050147692));
#3102 = CARTESIAN_POINT('',(29.93814583985,271.88644970057));
#3103 = CARTESIAN_POINT('',(29.935755891797,271.88239417101));
#3104 = CARTESIAN_POINT('',(29.933365672655,271.87833488583));
#3105 = CARTESIAN_POINT('',(29.926194211258,271.86614575248));
#3106 = CARTESIAN_POINT('',(29.921412165139,271.85800462673));
#3107 = CARTESIAN_POINT('',(29.916629069822,271.8498484393));
#3108 = CARTESIAN_POINT('',(29.911844948058,271.84167716559));
#3109 = CARTESIAN_POINT('',(29.907059822413,271.83349078055));
#3110 = CARTESIAN_POINT('',(29.902273715737,271.8252892598));
#3111 = CARTESIAN_POINT('',(29.897486650536,271.8170725782));
#3112 = CARTESIAN_POINT('',(29.892698649645,271.80884071125));
#3113 = CARTESIAN_POINT('',(29.88790973565,271.80059363407));
#3114 = CARTESIAN_POINT('',(29.883119931286,271.79233132193));
#3115 = CARTESIAN_POINT('',(29.868747915085,271.76749860632));
#3116 = CARTESIAN_POINT('',(29.859163101863,271.75088242253));
#3117 = CARTESIAN_POINT('',(29.849574961173,271.73420502627));
#3118 = CARTESIAN_POINT('',(29.839983634753,271.71746624531));
#3119 = CARTESIAN_POINT('',(29.830389264097,271.70066590702));
#3120 = CARTESIAN_POINT('',(29.820791991085,271.68380383936));
#3121 = CARTESIAN_POINT('',(29.811191957116,271.66687986967));
#3122 = CARTESIAN_POINT('',(29.801589304068,271.64989382573));
#3123 = CARTESIAN_POINT('',(29.791984173437,271.63284553515));
#3124 = CARTESIAN_POINT('',(29.782376706961,271.61573482553));
#3125 = CARTESIAN_POINT('',(29.753547724855,271.56421492251));
#3126 = CARTESIAN_POINT('',(29.734319705442,271.52961791293));
#3127 = CARTESIAN_POINT('',(29.715083543412,271.4947694523));
#3128 = CARTESIAN_POINT('',(29.695839766528,271.45966851184));
#3129 = CARTESIAN_POINT('',(29.676588874495,271.42431407703));
#3130 = CARTESIAN_POINT('',(29.65733133969,271.38870514864));
#3131 = CARTESIAN_POINT('',(29.638067606168,271.35284074113));
#3132 = CARTESIAN_POINT('',(29.618798090751,271.31671988447));
#3133 = CARTESIAN_POINT('',(29.599523182065,271.28034162253));
#3134 = CARTESIAN_POINT('',(29.580243241226,271.24370501425));
#3135 = CARTESIAN_POINT('',(29.522389321902,271.13301737023));
#3136 = CARTESIAN_POINT('',(29.483799294718,271.05818973341));
#3137 = CARTESIAN_POINT('',(29.445188590842,270.98232014196));
#3138 = CARTESIAN_POINT('',(29.406555713621,270.90540344779));
#3139 = CARTESIAN_POINT('',(29.367897614279,270.82743528834));
#3140 = CARTESIAN_POINT('',(29.329209708244,270.7484119522));
#3141 = CARTESIAN_POINT('',(29.290485890228,270.66833022586));
#3142 = CARTESIAN_POINT('',(29.251718550778,270.58718726355));
#3143 = CARTESIAN_POINT('',(29.212898591414,270.50498043402));
#3144 = CARTESIAN_POINT('',(29.174015440875,270.42170718611));
#3145 = CARTESIAN_POINT('',(29.057140330234,270.16868033364));
#3146 = CARTESIAN_POINT('',(28.978922876334,269.99572074645));
#3147 = CARTESIAN_POINT('',(28.900317819223,269.81847715543));
#3148 = CARTESIAN_POINT('',(28.821203756704,269.63694555292));
#3149 = CARTESIAN_POINT('',(28.741458198444,269.45109632235));
#3150 = CARTESIAN_POINT('',(28.660959725176,269.26089841895));
#3151 = CARTESIAN_POINT('',(28.579590000407,269.06634389402));
#3152 = CARTESIAN_POINT('',(28.497249306708,268.8674495809));
#3153 = CARTESIAN_POINT('',(28.413881828511,268.66424390635));
#3154 = CARTESIAN_POINT('',(28.329489458055,268.45677803848));
#3155 = CARTESIAN_POINT('',(28.201398448284,268.1394585889));
#3156 = CARTESIAN_POINT('',(28.158450616853,268.03266494675));
#3157 = CARTESIAN_POINT('',(28.115255152801,267.92486899986));
#3158 = CARTESIAN_POINT('',(28.071817379608,267.81609557749));
#3159 = CARTESIAN_POINT('',(28.028144016556,267.70637553852));
#3160 = CARTESIAN_POINT('',(27.984242446909,267.5957451624));
#3161 = CARTESIAN_POINT('',(27.940119985619,267.48424553527));
#3162 = CARTESIAN_POINT('',(27.89578314764,267.37192194223));
#3163 = CARTESIAN_POINT('',(27.851236915593,267.25882325322));
#3164 = CARTESIAN_POINT('',(27.806484008005,267.14500131436));
#3165 = CARTESIAN_POINT('',(27.71656428626,266.91601935656));
#3166 = CARTESIAN_POINT('',(27.671395103312,266.8008614647));
#3167 = CARTESIAN_POINT('',(27.626034851163,266.68507030922));
#3168 = CARTESIAN_POINT('',(27.580420212574,266.56876371286));
#3169 = CARTESIAN_POINT('',(27.534658255626,266.45187818672));
#3170 = CARTESIAN_POINT('',(27.488623360865,266.33458272628));
#3171 = CARTESIAN_POINT('',(27.442324786338,266.21690447328));
#3172 = CARTESIAN_POINT('',(27.395855038536,266.09877170024));
#3173 = CARTESIAN_POINT('',(27.349020658934,265.98038302864));
#3174 = CARTESIAN_POINT('',(27.301895367215,265.86165654402));
#3175 = CARTESIAN_POINT('',(27.15959121136,265.50451352256));
#3176 = CARTESIAN_POINT('',(27.063485263641,265.26513324746));
#3177 = CARTESIAN_POINT('',(26.966097776589,265.02449645923));
#3178 = CARTESIAN_POINT('',(26.867381609537,264.782645715));
#3179 = CARTESIAN_POINT('',(26.767290439266,264.53963050967));
#3180 = CARTESIAN_POINT('',(26.665779257491,264.29550618253));
#3181 = CARTESIAN_POINT('',(26.562803549392,264.05033627328));
#3182 = CARTESIAN_POINT('',(26.458318271934,263.80419572463));
#3183 = CARTESIAN_POINT('',(26.352277743807,263.5571722618));
#3184 = CARTESIAN_POINT('',(26.244637565535,263.30936334152));
#3185 = CARTESIAN_POINT('',(25.916803917553,262.56387136244));
#3186 = CARTESIAN_POINT('',(25.691700013191,262.06411887135));
#3187 = CARTESIAN_POINT('',(25.459730593088,261.5623879152));
#3188 = CARTESIAN_POINT('',(25.220574396054,261.05961116893));
#3189 = CARTESIAN_POINT('',(24.973947143912,260.55678778657));
#3190 = CARTESIAN_POINT('',(24.719616908781,260.05492691116));
#3191 = CARTESIAN_POINT('',(24.45740436106,259.55501791605));
#3192 = CARTESIAN_POINT('',(24.187178281889,259.05802378321));
#3193 = CARTESIAN_POINT('',(23.908856720516,258.56489401436));
#3194 = CARTESIAN_POINT('',(23.622424180288,258.07659348261));
#3195 = CARTESIAN_POINT('',(23.18075073124,257.35291868969));
#3196 = CARTESIAN_POINT('',(23.031521556977,257.11315589238));
#3197 = CARTESIAN_POINT('',(22.880299092068,256.87498266012));
#3198 = CARTESIAN_POINT('',(22.72709984589,256.63852829448));
#3199 = CARTESIAN_POINT('',(22.571946710394,256.40392537136));
#3200 = CARTESIAN_POINT('',(22.414869577009,256.17131028903));
#3201 = CARTESIAN_POINT('',(22.25590529512,255.94082295745));
#3202 = CARTESIAN_POINT('',(22.09509697414,255.7126056326));
#3203 = CARTESIAN_POINT('',(21.932492626971,255.4868008915));
#3204 = CARTESIAN_POINT('',(21.768143156851,255.26354875196));
#3205 = CARTESIAN_POINT('',(21.519077950729,254.93270002522));
#3206 = CARTESIAN_POINT('',(21.435632716983,254.82308869823));
#3207 = CARTESIAN_POINT('',(21.351770176273,254.71416545052));
#3208 = CARTESIAN_POINT('',(21.267496617655,254.60594648724));
#3209 = CARTESIAN_POINT('',(21.182818244099,254.49844750138));
#3210 = CARTESIAN_POINT('',(21.097740987287,254.39168343952));
#3211 = CARTESIAN_POINT('',(21.012270324645,254.28566828893));
#3212 = CARTESIAN_POINT('',(20.926411093628,254.180414839));
#3213 = CARTESIAN_POINT('',(20.840167308769,254.07593446783));
#3214 = CARTESIAN_POINT('',(20.753541976446,253.97223690862));
#3215 = CARTESIAN_POINT('',(20.623034378557,253.81787658964));
#3216 = CARTESIAN_POINT('',(20.579437585821,253.7666221155));
#3217 = CARTESIAN_POINT('',(20.535740211912,253.71555515802));
#3218 = CARTESIAN_POINT('',(20.491972323122,253.66473341007));
#3219 = CARTESIAN_POINT('',(20.448045950075,253.61399067563));
#3220 = CARTESIAN_POINT('',(20.404145107454,253.56367616552));
#3221 = CARTESIAN_POINT('',(20.35998112151,253.51324465487));
#3222 = CARTESIAN_POINT('',(20.315901650249,253.46335345192));
#3223 = CARTESIAN_POINT('',(20.271578777869,253.41338521728));
#3224 = CARTESIAN_POINT('',(20.227253465098,253.36379438972));
#3225 = CARTESIAN_POINT('',(20.138317843644,253.26484337588));
#3226 = CARTESIAN_POINT('',(20.093723710571,253.21551337961));
#3227 = CARTESIAN_POINT('',(20.049006781858,253.16633495796));
#3228 = CARTESIAN_POINT('',(20.004170429353,253.11731381258));
#3229 = CARTESIAN_POINT('',(19.959217870092,253.0684552824));
#3230 = CARTESIAN_POINT('',(19.914152166231,253.01976434418));
#3231 = CARTESIAN_POINT('',(19.868976225128,252.9712456119));
#3232 = CARTESIAN_POINT('',(19.823692799264,252.92290333733));
#3233 = CARTESIAN_POINT('',(19.778304486303,252.87474140956));
#3234 = CARTESIAN_POINT('',(19.732813729056,252.82676335534));
#3235 = CARTESIAN_POINT('',(18.957768198572,252.01431607559));
#3236 = CARTESIAN_POINT('',(18.202680376665,251.29755775434));
#3237 = CARTESIAN_POINT('',(17.431440885368,250.64215205622));
#3238 = CARTESIAN_POINT('',(16.644650704578,250.0420193512));
#3239 = CARTESIAN_POINT('',(15.839644939938,249.49139168847));
#3240 = CARTESIAN_POINT('',(15.01642640701,248.98846412499));
#3241 = CARTESIAN_POINT('',(14.17742390965,248.53121761278));
#3242 = CARTESIAN_POINT('',(13.324952461481,248.11587195713));
#3243 = CARTESIAN_POINT('',(12.460028692497,247.73880792183));
#3244 = CARTESIAN_POINT('',(11.582386709564,247.39590681854));
#3245 = CARTESIAN_POINT('',(10.245545504429,246.92734807673));
#3246 = CARTESIAN_POINT('',(9.796535674922,246.77879266186));
#3247 = CARTESIAN_POINT('',(9.344020178169,246.63740960697));
#3248 = CARTESIAN_POINT('',(8.88785454066,246.50275830282));
#3249 = CARTESIAN_POINT('',(8.427875298363,246.37442939078));
#3250 = CARTESIAN_POINT('',(7.963931815879,246.25205221133));
#3251 = CARTESIAN_POINT('',(7.495920963919,246.13529673641));
#3252 = CARTESIAN_POINT('',(7.02381160515,246.02387040238));
#3253 = CARTESIAN_POINT('',(6.547645837607,245.91751026905));
#3254 = CARTESIAN_POINT('',(6.067503945733,245.81597091989));
#3255 = CARTESIAN_POINT('',(5.341378039716,245.6705273333));
#3256 = CARTESIAN_POINT('',(5.098350413395,245.62319040581));
#3257 = CARTESIAN_POINT('',(4.854341550778,245.57696732941));
#3258 = CARTESIAN_POINT('',(4.609352418979,245.53182786171));
#3259 = CARTESIAN_POINT('',(4.363378259117,245.48774147996));
#3260 = CARTESIAN_POINT('',(4.116405165655,245.4446769127));
#3261 = CARTESIAN_POINT('',(3.868405517452,245.40260169171));
#3262 = CARTESIAN_POINT('',(3.619332259733,245.36148168024));
#3263 = CARTESIAN_POINT('',(3.369112037822,245.32128062451));
#3264 = CARTESIAN_POINT('',(3.117637181889,245.28195968714));
#3265 = CARTESIAN_POINT('',(2.801536383607,245.23385631879));
#3266 = CARTESIAN_POINT('',(2.738228315406,245.22428803284));
#3267 = CARTESIAN_POINT('',(2.674830030066,245.2147714831));
#3268 = CARTESIAN_POINT('',(2.611339013706,245.2053060048));
#3269 = CARTESIAN_POINT('',(2.547752547145,245.19589091833));
#3270 = CARTESIAN_POINT('',(2.484067705929,245.18652553203));
#3271 = CARTESIAN_POINT('',(2.420281360288,245.17720913838));
#3272 = CARTESIAN_POINT('',(2.356390175189,245.16794101811));
#3273 = CARTESIAN_POINT('',(2.292390610285,245.1587204367));
#3274 = CARTESIAN_POINT('',(2.228278919953,245.14954664671));
#3275 = CARTESIAN_POINT('',(2.131937269935,245.13585500653));
#3276 = CARTESIAN_POINT('',(2.099795082325,245.13130274462));
#3277 = CARTESIAN_POINT('',(2.067621147244,245.12676169894));
#3278 = CARTESIAN_POINT('',(2.035408630443,245.12222942111));
#3279 = CARTESIAN_POINT('',(2.003235390995,245.11772399063));
#3280 = CARTESIAN_POINT('',(1.97082192286,245.11318593115));
#3281 = CARTESIAN_POINT('',(1.938733830247,245.10873127217));
#3282 = CARTESIAN_POINT('',(1.906255695189,245.10421649776));
#3283 = CARTESIAN_POINT('',(1.873924499445,245.09974765805));
#3284 = CARTESIAN_POINT('',(1.841507238392,245.09527890155));
#3285 = CARTESIAN_POINT('',(1.77662833803,245.08636628978));
#3286 = CARTESIAN_POINT('',(1.744159792232,245.08192108699));
#3287 = CARTESIAN_POINT('',(1.711664862792,245.07748741236));
#3288 = CARTESIAN_POINT('',(1.679145940333,245.07306563224));
#3289 = CARTESIAN_POINT('',(1.646605094149,245.06865606029));
#3290 = CARTESIAN_POINT('',(1.614044072163,245.06425894742));
#3291 = CARTESIAN_POINT('',(1.581464300983,245.05987449513));
#3292 = CARTESIAN_POINT('',(1.548866885844,245.05550284124));
#3293 = CARTESIAN_POINT('',(1.516252610657,245.05114407229));
#3294 = CARTESIAN_POINT('',(1.483621937975,245.04679821481));
#3295 = CARTESIAN_POINT('',(1.320387293155,245.02513334175));
#3296 = CARTESIAN_POINT('',(1.189542890644,245.00800819151));
#3297 = CARTESIAN_POINT('',(1.058468422142,244.99109114181));
#3298 = CARTESIAN_POINT('',(0.927149039697,244.97437646346));
#3299 = CARTESIAN_POINT('',(0.795564533974,244.95785787207));
#3300 = CARTESIAN_POINT('',(0.663702899286,244.94153084248));
#3301 = CARTESIAN_POINT('',(0.53155933466,244.92539224647));
#3302 = CARTESIAN_POINT('',(0.399128659204,244.90943883249));
#3303 = CARTESIAN_POINT('',(0.266399120014,244.8936660839));
#3304 = CARTESIAN_POINT('',(0.133355570874,244.87806897605));
#3305 = CARTESIAN_POINT('',(-8.244833987637E-17,244.86264616493));
#3306 = ( GEOMETRIC_REPRESENTATION_CONTEXT(2) 
PARAMETRIC_REPRESENTATION_CONTEXT() REPRESENTATION_CONTEXT('2D SPACE',''
  ) );
#3307 = ORIENTED_EDGE('',*,*,#2512,.F.);
#3308 = ORIENTED_EDGE('',*,*,#1397,.F.);
#3309 = ADVANCED_FACE('',(#3310),#100,.T.);
#3310 = FACE_BOUND('',#3311,.F.);
#3311 = EDGE_LOOP('',(#3312,#3335,#3336,#3337));
#3312 = ORIENTED_EDGE('',*,*,#3313,.F.);
#3313 = EDGE_CURVE('',#2598,#3314,#3316,.T.);
#3314 = VERTEX_POINT('',#3315);
#3315 = CARTESIAN_POINT('',(-207.5,69.,42.));
#3316 = SURFACE_CURVE('',#3317,(#3321,#3328),.PCURVE_S1.);
#3317 = LINE('',#3318,#3319);
#3318 = CARTESIAN_POINT('',(-207.5,69.,0.));
#3319 = VECTOR('',#3320,1.);
#3320 = DIRECTION('',(0.,0.,1.));
#3321 = PCURVE('',#100,#3322);
#3322 = DEFINITIONAL_REPRESENTATION('',(#3323),#3327);
#3323 = LINE('',#3324,#3325);
#3324 = CARTESIAN_POINT('',(-0.,0.));
#3325 = VECTOR('',#3326,1.);
#3326 = DIRECTION('',(-0.,1.));
#3327 = ( GEOMETRIC_REPRESENTATION_CONTEXT(2) 
PARAMETRIC_REPRESENTATION_CONTEXT() REPRESENTATION_CONTEXT('2D SPACE',''
  ) );
#3328 = PCURVE('',#2613,#3329);
#3329 = DEFINITIONAL_REPRESENTATION('',(#3330),#3334);
#3330 = LINE('',#3331,#3332);
#3331 = CARTESIAN_POINT('',(0.,-193.));
#3332 = VECTOR('',#3333,1.);
#3333 = DIRECTION('',(1.,0.));
#3334 = ( GEOMETRIC_REPRESENTATION_CONTEXT(2) 
PARAMETRIC_REPRESENTATION_CONTEXT() REPRESENTATION_CONTEXT('2D SPACE',''
  ) );
#3335 = ORIENTED_EDGE('',*,*,#2738,.T.);
#3336 = ORIENTED_EDGE('',*,*,#84,.T.);
#3337 = ORIENTED_EDGE('',*,*,#3338,.F.);
#3338 = EDGE_CURVE('',#3314,#85,#3339,.T.);
#3339 = SURFACE_CURVE('',#3340,(#3345,#3352),.PCURVE_S1.);
#3340 = CIRCLE('',#3341,55.);
#3341 = AXIS2_PLACEMENT_3D('',#3342,#3343,#3344);
#3342 = CARTESIAN_POINT('',(-152.5,69.,42.));
#3343 = DIRECTION('',(-0.,0.,-1.));
#3344 = DIRECTION('',(-1.,2.5837917664E-16,0.));
#3345 = PCURVE('',#100,#3346);
#3346 = DEFINITIONAL_REPRESENTATION('',(#3347),#3351);
#3347 = LINE('',#3348,#3349);
#3348 = CARTESIAN_POINT('',(-0.,42.));
#3349 = VECTOR('',#3350,1.);
#3350 = DIRECTION('',(-1.,0.));
#3351 = ( GEOMETRIC_REPRESENTATION_CONTEXT(2) 
PARAMETRIC_REPRESENTATION_CONTEXT() REPRESENTATION_CONTEXT('2D SPACE',''
  ) );
#3352 = PCURVE('',#3353,#3358);
#3353 = TOROIDAL_SURFACE('',#3354,47.,8.);
#3354 = AXIS2_PLACEMENT_3D('',#3355,#3356,#3357);
#3355 = CARTESIAN_POINT('',(-152.5,69.,42.));
#3356 = DIRECTION('',(0.,0.,1.));
#3357 = DIRECTION('',(-1.,2.5837917664E-16,0.));
#3358 = DEFINITIONAL_REPRESENTATION('',(#3359),#3363);
#3359 = LINE('',#3360,#3361);
#3360 = CARTESIAN_POINT('',(-0.,0.));
#3361 = VECTOR('',#3362,1.);
#3362 = DIRECTION('',(-1.,0.));
#3363 = ( GEOMETRIC_REPRESENTATION_CONTEXT(2) 
PARAMETRIC_REPRESENTATION_CONTEXT() REPRESENTATION_CONTEXT('2D SPACE',''
  ) );
#3364 = ADVANCED_FACE('',(#3365),#1385,.T.);
#3365 = FACE_BOUND('',#3366,.T.);
#3366 = EDGE_LOOP('',(#3367,#3397,#3471,#3472));
#3367 = ORIENTED_EDGE('',*,*,#3368,.F.);
#3368 = EDGE_CURVE('',#3369,#3371,#3373,.T.);
#3369 = VERTEX_POINT('',#3370);
#3370 = CARTESIAN_POINT('',(94.439232527317,109.,70.753066737129));
#3371 = VERTEX_POINT('',#3372);
#3372 = CARTESIAN_POINT('',(84.222539104473,109.,108.88228567653));
#3373 = SURFACE_CURVE('',#3374,(#3378,#3385),.PCURVE_S1.);
#3374 = LINE('',#3375,#3376);
#3375 = CARTESIAN_POINT('',(100.,109.,50.));
#3376 = VECTOR('',#3377,1.);
#3377 = DIRECTION('',(-0.258819045103,0.,0.965925826289));
#3378 = PCURVE('',#1385,#3379);
#3379 = DEFINITIONAL_REPRESENTATION('',(#3380),#3384);
#3380 = LINE('',#3381,#3382);
#3381 = CARTESIAN_POINT('',(0.,0.));
#3382 = VECTOR('',#3383,1.);
#3383 = DIRECTION('',(0.,1.));
#3384 = ( GEOMETRIC_REPRESENTATION_CONTEXT(2) 
PARAMETRIC_REPRESENTATION_CONTEXT() REPRESENTATION_CONTEXT('2D SPACE',''
  ) );
#3385 = PCURVE('',#3386,#3391);
#3386 = PLANE('',#3387);
#3387 = AXIS2_PLACEMENT_3D('',#3388,#3389,#3390);
#3388 = CARTESIAN_POINT('',(113.39745962155,0.,0.));
#3389 = DIRECTION('',(0.965925826289,0.,0.258819045103));
#3390 = DIRECTION('',(-0.258819045103,0.,0.965925826289));
#3391 = DEFINITIONAL_REPRESENTATION('',(#3392),#3396);
#3392 = LINE('',#3393,#3394);
#3393 = CARTESIAN_POINT('',(51.763809020504,-109.));
#3394 = VECTOR('',#3395,1.);
#3395 = DIRECTION('',(1.,0.));
#3396 = ( GEOMETRIC_REPRESENTATION_CONTEXT(2) 
PARAMETRIC_REPRESENTATION_CONTEXT() REPRESENTATION_CONTEXT('2D SPACE',''
  ) );
#3397 = ORIENTED_EDGE('',*,*,#3398,.T.);
#3398 = EDGE_CURVE('',#3369,#1370,#3399,.T.);
#3399 = SURFACE_CURVE('',#3400,(#3423,#3464),.PCURVE_S1.);
#3400 = ( BOUNDED_CURVE() B_SPLINE_CURVE(11,(#3401,#3402,#3403,#3404,
    #3405,#3406,#3407,#3408,#3409,#3410,#3411,#3412,#3413,#3414,#3415,
    #3416,#3417,#3418,#3419,#3420,#3421,#3422),.UNSPECIFIED.,.F.,.F.) 
B_SPLINE_CURVE_WITH_KNOTS((12,10,12),(241.97933342636,265.95866685272,
271.96283619654),.UNSPECIFIED.) CURVE() GEOMETRIC_REPRESENTATION_ITEM() 
RATIONAL_B_SPLINE_CURVE((1.,1.,1.,1.,1.,1.,1.,1.,1.,1.,1.,1.,1.,1.,1.,1.
,1.,1.,1.,1.,1.,1.)) REPRESENTATION_ITEM('') );
#3401 = CARTESIAN_POINT('',(94.439232527317,109.,70.753066737129));
#3402 = CARTESIAN_POINT('',(94.439232527317,110.31990125151,
    70.75306673713));
#3403 = CARTESIAN_POINT('',(94.296898094087,111.6398172224,
    70.790799808566));
#3404 = CARTESIAN_POINT('',(94.011880436559,112.96757814825,
    70.866570853321));
#3405 = CARTESIAN_POINT('',(93.57356493505,114.31086873179,
    70.988871509258));
#3406 = CARTESIAN_POINT('',(92.957350588922,115.6702814664,
    71.177667595439));
#3407 = CARTESIAN_POINT('',(92.134936193496,117.02893640371,
    71.455931391974));
#3408 = CARTESIAN_POINT('',(91.085239061598,118.35499241338,
    71.841545583741));
#3409 = CARTESIAN_POINT('',(89.797985512559,119.6119799918,
    72.345211691442));
#3410 = CARTESIAN_POINT('',(88.268759350365,120.76419442727,
    72.973956161678));
#3411 = CARTESIAN_POINT('',(86.492375142678,121.77040061292,
    73.734241989483));
#3412 = CARTESIAN_POINT('',(83.964690784544,122.78123587213,
    74.846239249287));
#3413 = CARTESIAN_POINT('',(83.443138932612,122.97125465354,
    75.077033510903));
#3414 = CARTESIAN_POINT('',(82.90629625207,123.14805796955,
    75.315760486013));
#3415 = CARTESIAN_POINT('',(82.34813698109,123.3128412293,
    75.567637718622));
#3416 = CARTESIAN_POINT('',(81.760855146057,123.46662476509,
    75.836499855424));
#3417 = CARTESIAN_POINT('',(81.128607527807,123.61054680594,
    76.135804745878));
#3418 = CARTESIAN_POINT('',(80.446238195063,123.74035563091,
    76.462810791773));
#3419 = CARTESIAN_POINT('',(79.707640210789,123.85331268382,
    76.807900294558));
#3420 = CARTESIAN_POINT('',(78.896758660918,123.94353288862,
    77.174508972508));
#3421 = CARTESIAN_POINT('',(77.992650664291,124.,77.567390733845));
#3422 = CARTESIAN_POINT('',(76.968279905777,124.,78.));
#3423 = PCURVE('',#1385,#3424);
#3424 = DEFINITIONAL_REPRESENTATION('',(#3425),#3463);
#3425 = B_SPLINE_CURVE_WITH_KNOTS('',8,(#3426,#3427,#3428,#3429,#3430,
    #3431,#3432,#3433,#3434,#3435,#3436,#3437,#3438,#3439,#3440,#3441,
    #3442,#3443,#3444,#3445,#3446,#3447,#3448,#3449,#3450,#3451,#3452,
    #3453,#3454,#3455,#3456,#3457,#3458,#3459,#3460,#3461,#3462),
  .UNSPECIFIED.,.F.,.F.,(9,7,7,7,7,9),(241.97933342636,256.97108481145,
    264.46696050399,266.34092942713,268.21489835027,271.96283619654),
  .UNSPECIFIED.);
#3426 = CARTESIAN_POINT('',(2.757067809294E-15,21.485155663411));
#3427 = CARTESIAN_POINT('',(7.564289552353E-02,21.485155663411));
#3428 = CARTESIAN_POINT('',(0.151286733174,21.541422616549));
#3429 = CARTESIAN_POINT('',(0.227964905463,21.654236632013));
#3430 = CARTESIAN_POINT('',(0.306715963882,21.831477114261));
#3431 = CARTESIAN_POINT('',(0.388340345601,22.091905893221));
#3432 = CARTESIAN_POINT('',(0.473155820608,22.453656963232));
#3433 = CARTESIAN_POINT('',(0.561334413298,22.931314696083));
#3434 = CARTESIAN_POINT('',(0.698924063561,23.837784763484));
#3435 = CARTESIAN_POINT('',(0.745674556562,24.171610412777));
#3436 = CARTESIAN_POINT('',(0.793334908796,24.538435442431));
#3437 = CARTESIAN_POINT('',(0.841930484358,24.939362693029));
#3438 = CARTESIAN_POINT('',(0.891494467164,25.375264701715));
#3439 = CARTESIAN_POINT('',(0.94207289966,25.846780978306));
#3440 = CARTESIAN_POINT('',(0.993729721539,26.354315281474));
#3441 = CARTESIAN_POINT('',(1.059757330176,27.033962298219));
#3442 = CARTESIAN_POINT('',(1.07303531886,27.172146751077));
#3443 = CARTESIAN_POINT('',(1.086389095847,27.312621092294));
#3444 = CARTESIAN_POINT('',(1.099815452485,27.4553081259));
#3445 = CARTESIAN_POINT('',(1.113320745141,27.600290020337));
#3446 = CARTESIAN_POINT('',(1.126907379946,27.747575808865));
#3447 = CARTESIAN_POINT('',(1.140567129308,27.896990798259));
#3448 = CARTESIAN_POINT('',(1.16806831511,28.200636587629));
#3449 = CARTESIAN_POINT('',(1.181909498033,28.354868141084));
#3450 = CARTESIAN_POINT('',(1.195856463247,28.511730015219));
#3451 = CARTESIAN_POINT('',(1.209936121347,28.671668405308));
#3452 = CARTESIAN_POINT('',(1.224184602414,28.835274601509));
#3453 = CARTESIAN_POINT('',(1.238644757163,29.003205550357));
#3454 = CARTESIAN_POINT('',(1.253363658106,29.176104416296));
#3455 = CARTESIAN_POINT('',(1.29844298589,29.71135459692));
#3456 = CARTESIAN_POINT('',(1.329727009518,30.090278997231));
#3457 = CARTESIAN_POINT('',(1.362633066424,30.495465357165));
#3458 = CARTESIAN_POINT('',(1.397614977075,30.93064465239));
#3459 = CARTESIAN_POINT('',(1.435100068127,31.393728971744));
#3460 = CARTESIAN_POINT('',(1.475777028023,31.887697135773));
#3461 = CARTESIAN_POINT('',(1.520585503137,32.420752128577));
#3462 = CARTESIAN_POINT('',(1.570796326795,33.006970937949));
#3463 = ( GEOMETRIC_REPRESENTATION_CONTEXT(2) 
PARAMETRIC_REPRESENTATION_CONTEXT() REPRESENTATION_CONTEXT('2D SPACE',''
  ) );
#3464 = PCURVE('',#2975,#3465);
#3465 = DEFINITIONAL_REPRESENTATION('',(#3466),#3470);
#3466 = LINE('',#3467,#3468);
#3467 = CARTESIAN_POINT('',(29.983502770184,0.));
#3468 = VECTOR('',#3469,1.);
#3469 = DIRECTION('',(0.,1.));
#3470 = ( GEOMETRIC_REPRESENTATION_CONTEXT(2) 
PARAMETRIC_REPRESENTATION_CONTEXT() REPRESENTATION_CONTEXT('2D SPACE',''
  ) );
#3471 = ORIENTED_EDGE('',*,*,#1369,.T.);
#3472 = ORIENTED_EDGE('',*,*,#3473,.F.);
#3473 = EDGE_CURVE('',#3371,#1342,#3474,.T.);
#3474 = SURFACE_CURVE('',#3475,(#3480,#3486),.PCURVE_S1.);
#3475 = CIRCLE('',#3476,15.);
#3476 = AXIS2_PLACEMENT_3D('',#3477,#3478,#3479);
#3477 = CARTESIAN_POINT('',(69.733651710137,109.,105.));
#3478 = DIRECTION('',(-0.258819045103,0.,0.965925826289));
#3479 = DIRECTION('',(0.965925826289,0.,0.258819045103));
#3480 = PCURVE('',#1385,#3481);
#3481 = DEFINITIONAL_REPRESENTATION('',(#3482),#3485);
#3482 = B_SPLINE_CURVE_WITH_KNOTS('',1,(#3483,#3484),.UNSPECIFIED.,.F.,
  .F.,(2,2),(0.,1.570796326795),.PIECEWISE_BEZIER_KNOTS.);
#3483 = CARTESIAN_POINT('',(0.,60.959427809021));
#3484 = CARTESIAN_POINT('',(1.570796326795,60.959427809021));
#3485 = ( GEOMETRIC_REPRESENTATION_CONTEXT(2) 
PARAMETRIC_REPRESENTATION_CONTEXT() REPRESENTATION_CONTEXT('2D SPACE',''
  ) );
#3486 = PCURVE('',#3487,#3521);
#3487 = ( BOUNDED_SURFACE() B_SPLINE_SURFACE(2,10,(
    (#3488,#3489,#3490,#3491,#3492,#3493,#3494,#3495,#3496,#3497,#3498)
    ,(#3499,#3500,#3501,#3502,#3503,#3504,#3505,#3506,#3507,#3508,#3509)
    ,(#3510,#3511,#3512,#3513,#3514,#3515,#3516,#3517,#3518,#3519,#3520
)),.UNSPECIFIED.,.F.,.F.,.F.) B_SPLINE_SURFACE_WITH_KNOTS((3,3),(11,11),
  (0.,91.895474075015),(60.962049552989,152.857523628),
.PIECEWISE_BEZIER_KNOTS.) GEOMETRIC_REPRESENTATION_ITEM() 
RATIONAL_B_SPLINE_SURFACE((
    (1.,1.,1.,1.,1.,1.,1.,1.,1.,1.,1.)
    ,(0.707106781187,0.721093394105,0.734628875021,0.747526396508
      ,0.759639347792,0.770535384159,0.779538658734,0.786474324654
      ,0.791086116162,0.793353340291,0.793353340291)
,(1.,1.,1.,1.,1.,1.,1.,1.,1.,1.,1.
  ))) REPRESENTATION_ITEM('') SURFACE() );
#3488 = CARTESIAN_POINT('',(84.227167008273,109.00001065749,
    108.86501410442));
#3489 = CARTESIAN_POINT('',(82.470379457428,109.00304767811,
    115.42143450228));
#3490 = CARTESIAN_POINT('',(80.734024266739,107.95553312828,
    121.90160029391));
#3491 = CARTESIAN_POINT('',(79.019423555513,105.8990504175,
    128.3005772629));
#3492 = CARTESIAN_POINT('',(77.332063562996,102.75089628059,
    134.59789048563));
#3493 = CARTESIAN_POINT('',(75.728056076112,98.328090954617,
    140.58412792241));
#3494 = CARTESIAN_POINT('',(74.327412681314,92.64204449371,
    145.81140023508));
#3495 = CARTESIAN_POINT('',(73.233801003341,85.949259638149,
    149.89281458103));
#3496 = CARTESIAN_POINT('',(72.511446158074,78.670811011801,
    152.58867956466));
#3497 = CARTESIAN_POINT('',(72.164825445072,71.241657884005,
    153.88228567653));
#3498 = CARTESIAN_POINT('',(72.164825445073,64.,153.88228567653));
#3499 = CARTESIAN_POINT('',(84.222539104473,124.,108.88228567653));
#3500 = CARTESIAN_POINT('',(81.853399560095,123.41810853786,
    117.72403482637));
#3501 = CARTESIAN_POINT('',(79.549250562954,121.38978796489,
    126.32323595191));
#3502 = CARTESIAN_POINT('',(77.342246924906,118.0065547047,
    134.5598856616));
#3503 = CARTESIAN_POINT('',(75.25958921203,113.296085396,142.33247006082
    ));
#3504 = CARTESIAN_POINT('',(73.344576626666,107.21803423761,
    149.47939432654));
#3505 = CARTESIAN_POINT('',(71.698555506603,99.794380849632,
    155.62242877694));
#3506 = CARTESIAN_POINT('',(70.429426578957,91.325628356225,
    160.35888241627));
#3507 = CARTESIAN_POINT('',(69.591082513742,82.258851344374,
    163.48762506188));
#3508 = CARTESIAN_POINT('',(69.185842870421,73.036245803206,165.));
#3509 = CARTESIAN_POINT('',(69.185842870421,64.,165.));
#3510 = CARTESIAN_POINT('',(69.733651710137,124.,105.));
#3511 = CARTESIAN_POINT('',(67.890649425294,124.,114.17090639264));
#3512 = CARTESIAN_POINT('',(66.066789141358,122.4425559806,
    123.24679243531));
#3513 = CARTESIAN_POINT('',(64.295662808691,119.38153427112,
    132.0663678852));
#3514 = CARTESIAN_POINT('',(62.610773705221,114.81928178676,
    140.4709602664));
#3515 = CARTESIAN_POINT('',(61.06345166035,108.71427135637,
    148.19047819016));
#3516 = CARTESIAN_POINT('',(59.731385948865,101.16840107146,
    154.79412525642));
#3517 = CARTESIAN_POINT('',(58.699662833629,92.49199437106,
    159.91416734438));
#3518 = CARTESIAN_POINT('',(58.012117538122,83.121872964375,
    163.32839409731));
#3519 = CARTESIAN_POINT('',(57.675938050736,73.500719334806,165.));
#3520 = CARTESIAN_POINT('',(57.675938050736,64.,165.));
#3521 = DEFINITIONAL_REPRESENTATION('',(#3522),#3529);
#3522 = B_SPLINE_CURVE_WITH_KNOTS('',5,(#3523,#3524,#3525,#3526,#3527,
    #3528),.UNSPECIFIED.,.F.,.F.,(6,6),(0.,1.570796326795),
  .PIECEWISE_BEZIER_KNOTS.);
#3523 = CARTESIAN_POINT('',(-7.105427357601E-15,60.962049552989));
#3524 = CARTESIAN_POINT('',(20.414041693093,60.962049552988));
#3525 = CARTESIAN_POINT('',(37.520455615659,60.962049552989));
#3526 = CARTESIAN_POINT('',(54.374974401981,60.962049552989));
#3527 = CARTESIAN_POINT('',(71.481432381922,60.962049552989));
#3528 = CARTESIAN_POINT('',(91.895474075015,60.962049552989));
#3529 = ( GEOMETRIC_REPRESENTATION_CONTEXT(2) 
PARAMETRIC_REPRESENTATION_CONTEXT() REPRESENTATION_CONTEXT('2D SPACE',''
  ) );
#3530 = ADVANCED_FACE('',(#3531),#128,.T.);
#3531 = FACE_BOUND('',#3532,.T.);
#3532 = EDGE_LOOP('',(#3533,#3555,#3583,#3635));
#3533 = ORIENTED_EDGE('',*,*,#3534,.T.);
#3534 = EDGE_CURVE('',#85,#3535,#3537,.T.);
#3535 = VERTEX_POINT('',#3536);
#3536 = CARTESIAN_POINT('',(-152.5,116.,50.));
#3537 = SURFACE_CURVE('',#3538,(#3543,#3549),.PCURVE_S1.);
#3538 = CIRCLE('',#3539,8.);
#3539 = AXIS2_PLACEMENT_3D('',#3540,#3541,#3542);
#3540 = CARTESIAN_POINT('',(-152.5,116.,42.));
#3541 = DIRECTION('',(1.,-1.971468366827E-16,0.));
#3542 = DIRECTION('',(1.971468366827E-16,1.,0.));
#3543 = PCURVE('',#128,#3544);
#3544 = DEFINITIONAL_REPRESENTATION('',(#3545),#3548);
#3545 = B_SPLINE_CURVE_WITH_KNOTS('',1,(#3546,#3547),.UNSPECIFIED.,.F.,
  .F.,(2,2),(0.,1.570796326795),.PIECEWISE_BEZIER_KNOTS.);
#3546 = CARTESIAN_POINT('',(0.,0.));
#3547 = CARTESIAN_POINT('',(1.570796326795,0.));
#3548 = ( GEOMETRIC_REPRESENTATION_CONTEXT(2) 
PARAMETRIC_REPRESENTATION_CONTEXT() REPRESENTATION_CONTEXT('2D SPACE',''
  ) );
#3549 = PCURVE('',#3353,#3550);
#3550 = DEFINITIONAL_REPRESENTATION('',(#3551),#3554);
#3551 = B_SPLINE_CURVE_WITH_KNOTS('',1,(#3552,#3553),.UNSPECIFIED.,.F.,
  .F.,(2,2),(0.,1.570796326795),.PIECEWISE_BEZIER_KNOTS.);
#3552 = CARTESIAN_POINT('',(-1.570796326795,0.));
#3553 = CARTESIAN_POINT('',(-1.570796326795,1.570796326795));
#3554 = ( GEOMETRIC_REPRESENTATION_CONTEXT(2) 
PARAMETRIC_REPRESENTATION_CONTEXT() REPRESENTATION_CONTEXT('2D SPACE',''
  ) );
#3555 = ORIENTED_EDGE('',*,*,#3556,.T.);
#3556 = EDGE_CURVE('',#3535,#3557,#3559,.T.);
#3557 = VERTEX_POINT('',#3558);
#3558 = CARTESIAN_POINT('',(-120.8646493323,116.,50.));
#3559 = SURFACE_CURVE('',#3560,(#3564,#3571),.PCURVE_S1.);
#3560 = LINE('',#3561,#3562);
#3561 = CARTESIAN_POINT('',(-152.5,116.,50.));
#3562 = VECTOR('',#3563,1.);
#3563 = DIRECTION('',(1.,0.,-0.));
#3564 = PCURVE('',#128,#3565);
#3565 = DEFINITIONAL_REPRESENTATION('',(#3566),#3570);
#3566 = LINE('',#3567,#3568);
#3567 = CARTESIAN_POINT('',(1.570796326795,0.));
#3568 = VECTOR('',#3569,1.);
#3569 = DIRECTION('',(0.,1.));
#3570 = ( GEOMETRIC_REPRESENTATION_CONTEXT(2) 
PARAMETRIC_REPRESENTATION_CONTEXT() REPRESENTATION_CONTEXT('2D SPACE',''
  ) );
#3571 = PCURVE('',#3572,#3577);
#3572 = PLANE('',#3573);
#3573 = AXIS2_PLACEMENT_3D('',#3574,#3575,#3576);
#3574 = CARTESIAN_POINT('',(-207.5,-124.,50.));
#3575 = DIRECTION('',(0.,0.,1.));
#3576 = DIRECTION('',(1.,0.,-0.));
#3577 = DEFINITIONAL_REPRESENTATION('',(#3578),#3582);
#3578 = LINE('',#3579,#3580);
#3579 = CARTESIAN_POINT('',(55.,240.));
#3580 = VECTOR('',#3581,1.);
#3581 = DIRECTION('',(1.,0.));
#3582 = ( GEOMETRIC_REPRESENTATION_CONTEXT(2) 
PARAMETRIC_REPRESENTATION_CONTEXT() REPRESENTATION_CONTEXT('2D SPACE',''
  ) );
#3583 = ORIENTED_EDGE('',*,*,#3584,.F.);
#3584 = EDGE_CURVE('',#113,#3557,#3585,.T.);
#3585 = SURFACE_CURVE('',#3586,(#3591,#3597),.PCURVE_S1.);
#3586 = CIRCLE('',#3587,8.);
#3587 = AXIS2_PLACEMENT_3D('',#3588,#3589,#3590);
#3588 = CARTESIAN_POINT('',(-120.8646493323,116.,42.));
#3589 = DIRECTION('',(1.,0.,-0.));
#3590 = DIRECTION('',(0.,1.,0.));
#3591 = PCURVE('',#128,#3592);
#3592 = DEFINITIONAL_REPRESENTATION('',(#3593),#3596);
#3593 = B_SPLINE_CURVE_WITH_KNOTS('',1,(#3594,#3595),.UNSPECIFIED.,.F.,
  .F.,(2,2),(0.,1.570796326795),.PIECEWISE_BEZIER_KNOTS.);
#3594 = CARTESIAN_POINT('',(0.,31.635350667629));
#3595 = CARTESIAN_POINT('',(1.570796326795,31.635350667629));
#3596 = ( GEOMETRIC_REPRESENTATION_CONTEXT(2) 
PARAMETRIC_REPRESENTATION_CONTEXT() REPRESENTATION_CONTEXT('2D SPACE',''
  ) );
#3597 = PCURVE('',#544,#3598);
#3598 = DEFINITIONAL_REPRESENTATION('',(#3599),#3634);
#3599 = B_SPLINE_CURVE_WITH_KNOTS('',9,(#3600,#3601,#3602,#3603,#3604,
    #3605,#3606,#3607,#3608,#3609,#3610,#3611,#3612,#3613,#3614,#3615,
    #3616,#3617,#3618,#3619,#3620,#3621,#3622,#3623,#3624,#3625,#3626,
    #3627,#3628,#3629,#3630,#3631,#3632,#3633),.UNSPECIFIED.,.F.,.F.,(10
    ,8,8,8,10),(0.,0.392699081699,0.785398163397,1.178097245096,
    1.570796326795),.UNSPECIFIED.);
#3600 = CARTESIAN_POINT('',(4.440892098501E-15,428.48554052993));
#3601 = CARTESIAN_POINT('',(1.67926298952,428.48554052993));
#3602 = CARTESIAN_POINT('',(3.324382682172,428.48554052995));
#3603 = CARTESIAN_POINT('',(4.938858493403,428.48554052989));
#3604 = CARTESIAN_POINT('',(6.52588246176,428.48554052999));
#3605 = CARTESIAN_POINT('',(8.088385133002,428.48554052988));
#3606 = CARTESIAN_POINT('',(9.629077088267,428.48554052997));
#3607 = CARTESIAN_POINT('',(11.150526608976,428.48554052992));
#3608 = CARTESIAN_POINT('',(12.655127341077,428.48554052994));
#3609 = CARTESIAN_POINT('',(15.635231942589,428.48554052993));
#3610 = CARTESIAN_POINT('',(17.110734435548,428.48554052995));
#3611 = CARTESIAN_POINT('',(18.573990333173,428.4855405299));
#3612 = CARTESIAN_POINT('',(20.027156499209,428.48554052998));
#3613 = CARTESIAN_POINT('',(21.472367947853,428.48554052989));
#3614 = CARTESIAN_POINT('',(22.911625595032,428.48554052996));
#3615 = CARTESIAN_POINT('',(24.346940409931,428.48554052992));
#3616 = CARTESIAN_POINT('',(25.780281011262,428.48554052994));
#3617 = CARTESIAN_POINT('',(28.64696225775,428.48554052993));
#3618 = CARTESIAN_POINT('',(30.080302859082,428.48554052995));
#3619 = CARTESIAN_POINT('',(31.515617673978,428.4855405299));
#3620 = CARTESIAN_POINT('',(32.954875321163,428.48554052998));
#3621 = CARTESIAN_POINT('',(34.400086769801,428.48554052989));
#3622 = CARTESIAN_POINT('',(35.853252935842,428.48554052996));
#3623 = CARTESIAN_POINT('',(37.316508833463,428.48554052992));
#3624 = CARTESIAN_POINT('',(38.792011326423,428.48554052994));
#3625 = CARTESIAN_POINT('',(41.772115927935,428.48554052993));
#3626 = CARTESIAN_POINT('',(43.276716660038,428.48554052996));
#3627 = CARTESIAN_POINT('',(44.798166180741,428.48554052988));
#3628 = CARTESIAN_POINT('',(46.338858136017,428.48554053001));
#3629 = CARTESIAN_POINT('',(47.901360807246,428.48554052987));
#3630 = CARTESIAN_POINT('',(49.488384775612,428.48554052997));
#3631 = CARTESIAN_POINT('',(51.102860586839,428.48554052992));
#3632 = CARTESIAN_POINT('',(52.747980279492,428.48554052994));
#3633 = CARTESIAN_POINT('',(54.427243269012,428.48554052993));
#3634 = ( GEOMETRIC_REPRESENTATION_CONTEXT(2) 
PARAMETRIC_REPRESENTATION_CONTEXT() REPRESENTATION_CONTEXT('2D SPACE',''
  ) );
#3635 = ORIENTED_EDGE('',*,*,#112,.F.);
#3636 = ADVANCED_FACE('',(#3637),#1357,.T.);
#3637 = FACE_BOUND('',#3638,.F.);
#3638 = EDGE_LOOP('',(#3639,#3640,#3679,#3707));
#3639 = ORIENTED_EDGE('',*,*,#1341,.F.);
#3640 = ORIENTED_EDGE('',*,*,#3641,.T.);
#3641 = EDGE_CURVE('',#1342,#3642,#3644,.T.);
#3642 = VERTEX_POINT('',#3643);
#3643 = CARTESIAN_POINT('',(57.675938050736,64.,165.));
#3644 = SURFACE_CURVE('',#3645,(#3657,#3672),.PCURVE_S1.);
#3645 = ( BOUNDED_CURVE() B_SPLINE_CURVE(10,(#3646,#3647,#3648,#3649,
    #3650,#3651,#3652,#3653,#3654,#3655,#3656),.UNSPECIFIED.,.F.,.F.) 
B_SPLINE_CURVE_WITH_KNOTS((11,11),(60.962049552989,152.857523628),
.PIECEWISE_BEZIER_KNOTS.) CURVE() GEOMETRIC_REPRESENTATION_ITEM() 
RATIONAL_B_SPLINE_CURVE((1.,1.,1.,1.,1.,1.,1.,1.,1.,1.,1.)) 
REPRESENTATION_ITEM('') );
#3646 = CARTESIAN_POINT('',(69.733651710137,124.,105.));
#3647 = CARTESIAN_POINT('',(67.890649425294,124.,114.17090639264));
#3648 = CARTESIAN_POINT('',(66.066789141358,122.4425559806,
    123.24679243531));
#3649 = CARTESIAN_POINT('',(64.295662808691,119.38153427112,
    132.0663678852));
#3650 = CARTESIAN_POINT('',(62.610773705221,114.81928178676,
    140.4709602664));
#3651 = CARTESIAN_POINT('',(61.06345166035,108.71427135637,
    148.19047819016));
#3652 = CARTESIAN_POINT('',(59.731385948865,101.16840107146,
    154.79412525642));
#3653 = CARTESIAN_POINT('',(58.699662833629,92.49199437106,
    159.91416734438));
#3654 = CARTESIAN_POINT('',(58.012117538122,83.121872964375,
    163.32839409731));
#3655 = CARTESIAN_POINT('',(57.675938050736,73.500719334806,165.));
#3656 = CARTESIAN_POINT('',(57.675938050736,64.,165.));
#3657 = PCURVE('',#1357,#3658);
#3658 = DEFINITIONAL_REPRESENTATION('',(#3659),#3671);
#3659 = B_SPLINE_CURVE_WITH_KNOTS('',10,(#3660,#3661,#3662,#3663,#3664,
    #3665,#3666,#3667,#3668,#3669,#3670),.UNSPECIFIED.,.F.,.F.,(11,11),(
    60.962049552989,152.857523628),.PIECEWISE_BEZIER_KNOTS.);
#3660 = CARTESIAN_POINT('',(-3.330669073875E-16,-0.547808839716));
#3661 = CARTESIAN_POINT('',(-0.152848439877,1.295193445126));
#3662 = CARTESIAN_POINT('',(-0.304113217818,3.119055403402));
#3663 = CARTESIAN_POINT('',(-0.456065789504,4.890173133892));
#3664 = CARTESIAN_POINT('',(-0.610625239251,6.575082510231));
#3665 = CARTESIAN_POINT('',(-0.768454253127,8.122376411886));
#3666 = CARTESIAN_POINT('',(-0.928713134032,9.454466707345));
#3667 = CARTESIAN_POINT('',(-1.090420108706,10.486176414185));
#3668 = CARTESIAN_POINT('',(-1.252097694419,11.17372591426));
#3669 = CARTESIAN_POINT('',(-1.412451004548,11.509904819684));
#3670 = CARTESIAN_POINT('',(-1.570796326795,11.509904819684));
#3671 = ( GEOMETRIC_REPRESENTATION_CONTEXT(2) 
PARAMETRIC_REPRESENTATION_CONTEXT() REPRESENTATION_CONTEXT('2D SPACE',''
  ) );
#3672 = PCURVE('',#3487,#3673);
#3673 = DEFINITIONAL_REPRESENTATION('',(#3674),#3678);
#3674 = LINE('',#3675,#3676);
#3675 = CARTESIAN_POINT('',(91.895474075015,0.));
#3676 = VECTOR('',#3677,1.);
#3677 = DIRECTION('',(0.,1.));
#3678 = ( GEOMETRIC_REPRESENTATION_CONTEXT(2) 
PARAMETRIC_REPRESENTATION_CONTEXT() REPRESENTATION_CONTEXT('2D SPACE',''
  ) );
#3679 = ORIENTED_EDGE('',*,*,#3680,.T.);
#3680 = EDGE_CURVE('',#3642,#3681,#3683,.T.);
#3681 = VERTEX_POINT('',#3682);
#3682 = CARTESIAN_POINT('',(39.,64.,165.));
#3683 = SURFACE_CURVE('',#3684,(#3688,#3695),.PCURVE_S1.);
#3684 = LINE('',#3685,#3686);
#3685 = CARTESIAN_POINT('',(69.185842870421,64.,165.));
#3686 = VECTOR('',#3687,1.);
#3687 = DIRECTION('',(-1.,0.,0.));
#3688 = PCURVE('',#1357,#3689);
#3689 = DEFINITIONAL_REPRESENTATION('',(#3690),#3694);
#3690 = LINE('',#3691,#3692);
#3691 = CARTESIAN_POINT('',(-1.570796326795,0.));
#3692 = VECTOR('',#3693,1.);
#3693 = DIRECTION('',(-0.,1.));
#3694 = ( GEOMETRIC_REPRESENTATION_CONTEXT(2) 
PARAMETRIC_REPRESENTATION_CONTEXT() REPRESENTATION_CONTEXT('2D SPACE',''
  ) );
#3695 = PCURVE('',#3696,#3701);
#3696 = PLANE('',#3697);
#3697 = AXIS2_PLACEMENT_3D('',#3698,#3699,#3700);
#3698 = CARTESIAN_POINT('',(69.185842870421,0.,165.));
#3699 = DIRECTION('',(0.,0.,1.));
#3700 = DIRECTION('',(-1.,0.,0.));
#3701 = DEFINITIONAL_REPRESENTATION('',(#3702),#3706);
#3702 = LINE('',#3703,#3704);
#3703 = CARTESIAN_POINT('',(1.42108547152E-14,-64.));
#3704 = VECTOR('',#3705,1.);
#3705 = DIRECTION('',(1.,0.));
#3706 = ( GEOMETRIC_REPRESENTATION_CONTEXT(2) 
PARAMETRIC_REPRESENTATION_CONTEXT() REPRESENTATION_CONTEXT('2D SPACE',''
  ) );
#3707 = ORIENTED_EDGE('',*,*,#3708,.T.);
#3708 = EDGE_CURVE('',#3681,#1314,#3709,.T.);
#3709 = SURFACE_CURVE('',#3710,(#3715,#3722),.PCURVE_S1.);
#3710 = CIRCLE('',#3711,60.);
#3711 = AXIS2_PLACEMENT_3D('',#3712,#3713,#3714);
#3712 = CARTESIAN_POINT('',(39.,64.,105.));
#3713 = DIRECTION('',(-1.,0.,0.));
#3714 = DIRECTION('',(0.,-1.184237892934E-16,1.));
#3715 = PCURVE('',#1357,#3716);
#3716 = DEFINITIONAL_REPRESENTATION('',(#3717),#3721);
#3717 = LINE('',#3718,#3719);
#3718 = CARTESIAN_POINT('',(-1.570796326795,30.185842870421));
#3719 = VECTOR('',#3720,1.);
#3720 = DIRECTION('',(1.,-0.));
#3721 = ( GEOMETRIC_REPRESENTATION_CONTEXT(2) 
PARAMETRIC_REPRESENTATION_CONTEXT() REPRESENTATION_CONTEXT('2D SPACE',''
  ) );
#3722 = PCURVE('',#3723,#3728);
#3723 = TOROIDAL_SURFACE('',#3724,54.,6.);
#3724 = AXIS2_PLACEMENT_3D('',#3725,#3726,#3727);
#3725 = CARTESIAN_POINT('',(39.,64.,105.));
#3726 = DIRECTION('',(1.,0.,-0.));
#3727 = DIRECTION('',(0.,-1.184237892934E-16,1.));
#3728 = DEFINITIONAL_REPRESENTATION('',(#3729),#3733);
#3729 = LINE('',#3730,#3731);
#3730 = CARTESIAN_POINT('',(-0.,6.28318530718));
#3731 = VECTOR('',#3732,1.);
#3732 = DIRECTION('',(-1.,0.));
#3733 = ( GEOMETRIC_REPRESENTATION_CONTEXT(2) 
PARAMETRIC_REPRESENTATION_CONTEXT() REPRESENTATION_CONTEXT('2D SPACE',''
  ) );
#3734 = ADVANCED_FACE('',(#3735),#544,.T.);
#3735 = FACE_BOUND('',#3736,.T.);
#3736 = EDGE_LOOP('',(#3737,#3738,#4244));
#3737 = ORIENTED_EDGE('',*,*,#3584,.T.);
#3738 = ORIENTED_EDGE('',*,*,#3739,.T.);
#3739 = EDGE_CURVE('',#3557,#141,#3740,.T.);
#3740 = SURFACE_CURVE('',#3741,(#3939,#3946),.PCURVE_S1.);
#3741 = ( BOUNDED_CURVE() B_SPLINE_CURVE(14,(#3742,#3743,#3744,#3745,
    #3746,#3747,#3748,#3749,#3750,#3751,#3752,#3753,#3754,#3755,#3756,
    #3757,#3758,#3759,#3760,#3761,#3762,#3763,#3764,#3765,#3766,#3767,
    #3768,#3769,#3770,#3771,#3772,#3773,#3774,#3775,#3776,#3777,#3778,
    #3779,#3780,#3781,#3782,#3783,#3784,#3785,#3786,#3787,#3788,#3789,
    #3790,#3791,#3792,#3793,#3794,#3795,#3796,#3797,#3798,#3799,#3800,
    #3801,#3802,#3803,#3804,#3805,#3806,#3807,#3808,#3809,#3810,#3811,
    #3812,#3813,#3814,#3815,#3816,#3817,#3818,#3819,#3820,#3821,#3822,
    #3823,#3824,#3825,#3826,#3827,#3828,#3829,#3830,#3831,#3832,#3833,
    #3834,#3835,#3836,#3837,#3838,#3839,#3840,#3841,#3842,#3843,#3844,
    #3845,#3846,#3847,#3848,#3849,#3850,#3851,#3852,#3853,#3854,#3855,
    #3856,#3857,#3858,#3859,#3860,#3861,#3862,#3863,#3864,#3865,#3866,
    #3867,#3868,#3869,#3870,#3871,#3872,#3873,#3874,#3875,#3876,#3877,
    #3878,#3879,#3880,#3881,#3882,#3883,#3884,#3885,#3886,#3887,#3888,
    #3889,#3890,#3891,#3892,#3893,#3894,#3895,#3896,#3897,#3898,#3899,
    #3900,#3901,#3902,#3903,#3904,#3905,#3906,#3907,#3908,#3909,#3910,
    #3911,#3912,#3913,#3914,#3915,#3916,#3917,#3918,#3919,#3920,#3921,
    #3922,#3923,#3924,#3925,#3926,#3927,#3928,#3929,#3930,#3931,#3932,
    #3933,#3934,#3935,#3936,#3937,#3938),.UNSPECIFIED.,.F.,.F.) 
B_SPLINE_CURVE_WITH_KNOTS((15,13,13,13,13,13,13,13,13,13,13,13,13,13,13,
    15),(428.48554052993,430.77822384459,456.58948524186,469.75113452041
    ,473.04154684004,476.33195915968,479.62237147931,481.26757763913,
    482.09018071904,482.50148225899,482.70713302897,482.80995841396,
    482.86137110645,482.8870774527,482.89993062582,482.91278379895),
.UNSPECIFIED.) CURVE() GEOMETRIC_REPRESENTATION_ITEM() 
RATIONAL_B_SPLINE_CURVE((1.,1.000000000001,0.999999999996,1.000000000011
    ,0.999999999978,1.000000000036,0.999999999953,1.00000000005,
    0.999999999956,1.000000000031,0.999999999982,1.000000000008,
    0.999999999998,1.,0.999999999999,1.000000000006,0.999999999985,
    1.00000000003,0.999999999952,1.000000000062,0.999999999934,
    1.000000000058,0.999999999958,1.000000000024,0.999999999989,
    1.000000000004,0.999999999999,1.,0.999999999999,1.000000000003,
    0.999999999994,1.00000000001,0.999999999987,1.000000000014,
    0.999999999988,1.000000000009,0.999999999994,1.000000000003,
    0.999999999999,1.,1.,1.000000000001,0.999999999996,1.000000000008,
    0.999999999985,1.000000000021,0.999999999976,1.000000000023,
    0.999999999983,1.00000000001,0.999999999995,1.000000000002,1.,1.,
    0.999999999999,1.000000000001,0.999999999997,1.000000000004,
    0.999999999995,1.000000000005,0.999999999996,1.000000000003,
    0.999999999998,1.000000000001,1.,1.,1.,0.999999999999,1.000000000004
    ,0.999999999991,1.000000000014,0.999999999981,1.00000000002,
    0.999999999982,1.000000000013,0.999999999992,1.000000000004,
    0.999999999999,1.,1.,1.000000000001,0.999999999999,1.000000000003,
    0.999999999995,1.000000000006,0.999999999993,1.000000000006,
    0.999999999995,1.000000000003,0.999999999998,1.000000000001,1.,1.,
    0.999999999997,1.000000000008,0.999999999985,1.000000000024,
    0.999999999971,1.000000000029,0.999999999976,1.000000000016,
    0.999999999991,1.000000000003,0.999999999999,1.,1.,0.999999999997,
    1.000000000008,0.999999999983,1.000000000029,0.999999999962,
    1.000000000041,0.999999999964,1.000000000026,0.999999999985,
    1.000000000007,0.999999999998,1.,1.,0.999999999999,1.000000000002,
    0.999999999995,1.000000000009,0.999999999987,1.000000000015,
    0.999999999986,1.000000000011,0.999999999993,1.000000000004,
    0.999999999999,1.,1.,1.000000000001,0.999999999997,1.000000000008,
    0.999999999986,1.000000000019,0.999999999978,1.000000000021,
    0.999999999984,1.00000000001,0.999999999995,1.000000000002,
    0.999999999999,1.,0.999999999997,1.000000000008,0.999999999982,
    1.000000000029,0.999999999962,1.00000000004,0.999999999966,
    1.000000000025,0.999999999986,1.000000000007,0.999999999998,
    1.000000000001,1.,1.000000000002,0.999999999994,1.000000000012,
    0.999999999982,1.000000000024,0.999999999976,1.000000000021,
    0.999999999985,1.000000000008,0.999999999996,1.000000000001,1.,1.,1.
    ,0.999999999998,1.000000000005,0.99999999999,1.000000000014,
    0.999999999984,1.000000000015,0.999999999988,1.000000000007,
    0.999999999997,1.000000000001,1.,1.,1.,1.000000000001,0.999999999998
    ,1.000000000005,0.999999999991,1.000000000011,0.999999999989,
    1.000000000009,0.999999999995,1.000000000003,0.999999999999,1.,1.)) 
REPRESENTATION_ITEM('') );
#3742 = CARTESIAN_POINT('',(-120.8646493323,116.,50.));
#3743 = CARTESIAN_POINT('',(-120.6999930116,116.00807151663,50.));
#3744 = CARTESIAN_POINT('',(-120.5353348083,116.01623003958,
    50.000994174386));
#3745 = CARTESIAN_POINT('',(-120.3706887217,116.02447631144,
    50.002978795073));
#3746 = CARTESIAN_POINT('',(-120.206045303,116.03281394289,
    50.005954485323));
#3747 = CARTESIAN_POINT('',(-120.0413978941,116.04124624104,
    50.009921782529));
#3748 = CARTESIAN_POINT('',(-119.8767490438,116.04977541565,
    50.01487970584));
#3749 = CARTESIAN_POINT('',(-119.7121047398,116.05840325524,
    50.020826297478));
#3750 = CARTESIAN_POINT('',(-119.5474641039,116.0671323658,
    50.02776010809));
#3751 = CARTESIAN_POINT('',(-119.3828121865,116.07596706355,
    50.03568159376));
#3752 = CARTESIAN_POINT('',(-119.2181235104,116.08491301491,
    50.04459339646));
#3753 = CARTESIAN_POINT('',(-119.0533839988,116.09397471486,
    50.054498474363));
#3754 = CARTESIAN_POINT('',(-118.8886389362,116.1031498969,
    50.065395054276));
#3755 = CARTESIAN_POINT('',(-118.7240745999,116.11241996595,
    50.077267373089));
#3756 = CARTESIAN_POINT('',(-116.7145624478,116.22661130496,
    50.234217728535));
#3757 = CARTESIAN_POINT('',(-114.9177356903,116.34226112939,
    50.498720060784));
#3758 = CARTESIAN_POINT('',(-113.1158079348,116.47304005756,
    50.877300317251));
#3759 = CARTESIAN_POINT('',(-111.3359440458,116.6214025315,
    51.37666851053));
#3760 = CARTESIAN_POINT('',(-109.6146155609,116.78817342299,
    51.983726028919));
#3761 = CARTESIAN_POINT('',(-107.9611812297,116.97396354808,
    52.680592681062));
#3762 = CARTESIAN_POINT('',(-106.3501566231,117.18274820983,
    53.457129238879));
#3763 = CARTESIAN_POINT('',(-104.7687866539,117.41812755038,
    54.326482668402));
#3764 = CARTESIAN_POINT('',(-103.2332270846,117.68968832666,
    55.284716765336));
#3765 = CARTESIAN_POINT('',(-101.7614070668,117.99886697548,
    56.293529468104));
#3766 = CARTESIAN_POINT('',(-100.3521660249,118.32793899394,
    57.33386686001));
#3767 = CARTESIAN_POINT('',(-98.97750491486,118.69079524921,
    58.417103055727));
#3768 = CARTESIAN_POINT('',(-97.59796933827,119.09893380244,
    59.558066783547));
#3769 = CARTESIAN_POINT('',(-95.58894778569,119.72847931131,
    61.284452730764));
#3770 = CARTESIAN_POINT('',(-94.91545919796,119.94800671313,
    61.873167669065));
#3771 = CARTESIAN_POINT('',(-94.24348130497,120.17374122457,
    62.468944752559));
#3772 = CARTESIAN_POINT('',(-93.57323067681,120.40363450513,
    63.070212967798));
#3773 = CARTESIAN_POINT('',(-92.90536485632,120.63567189937,
    63.674915690529));
#3774 = CARTESIAN_POINT('',(-92.23967544479,120.86830664497,
    64.281595990976));
#3775 = CARTESIAN_POINT('',(-91.57497028093,121.10037091558,
    64.889626478393));
#3776 = CARTESIAN_POINT('',(-90.90954314081,121.33078205797,
    65.498994378686));
#3777 = CARTESIAN_POINT('',(-90.24178033412,121.55827083264,
    66.109948819018));
#3778 = CARTESIAN_POINT('',(-89.57060452504,121.78126691388,
    66.722713580432));
#3779 = CARTESIAN_POINT('',(-88.89560705267,121.99798535501,
    67.337364857696));
#3780 = CARTESIAN_POINT('',(-88.21687097852,122.2066661718,
    67.953869853871));
#3781 = CARTESIAN_POINT('',(-87.53463803651,122.40582764594,
    68.572178315358));
#3782 = CARTESIAN_POINT('',(-86.67774500593,122.6414210868,
    69.347149671266));
#3783 = CARTESIAN_POINT('',(-86.50615987926,122.68787092857,
    69.502248945084));
#3784 = CARTESIAN_POINT('',(-86.33437306219,122.73363355618,
    69.657451085374));
#3785 = CARTESIAN_POINT('',(-86.1623885228,122.77869159808,
    69.812754176216));
#3786 = CARTESIAN_POINT('',(-85.99020936676,122.82302867882,
    69.968156522141));
#3787 = CARTESIAN_POINT('',(-85.81783783812,122.86662941919,
    70.123656647695));
#3788 = CARTESIAN_POINT('',(-85.64527531786,122.90947943606,
    70.279253298188));
#3789 = CARTESIAN_POINT('',(-85.47252232608,122.95156534254,
    70.43494543862));
#3790 = CARTESIAN_POINT('',(-85.29957851923,122.99287474787,
    70.590732254987));
#3791 = CARTESIAN_POINT('',(-85.12644269307,123.03339625743,
    70.746613152926));
#3792 = CARTESIAN_POINT('',(-84.95311278,123.07311947282,70.902587758912
    ));
#3793 = CARTESIAN_POINT('',(-84.77958585108,123.11203499176,
    71.058655919366));
#3794 = CARTESIAN_POINT('',(-84.60585811474,123.15013440816,
    71.214817701205));
#3795 = CARTESIAN_POINT('',(-84.25799172025,123.22468621598,
    71.527329081939));
#3796 = CARTESIAN_POINT('',(-84.08386990805,123.26112760241,
    71.683693275668));
#3797 = CARTESIAN_POINT('',(-83.90962443949,123.29668118368,
    71.840224807399));
#3798 = CARTESIAN_POINT('',(-83.73531634624,123.3313090687,
    71.996978273822));
#3799 = CARTESIAN_POINT('',(-83.56099726062,123.36498739334,
    72.154000085173));
#3800 = CARTESIAN_POINT('',(-83.38670528,123.39770474674,72.311325486897
    ));
#3801 = CARTESIAN_POINT('',(-83.2124621748,123.42946039335,
    72.468976557926));
#3802 = CARTESIAN_POINT('',(-83.03827192938,123.46026229121,
    72.626961175087));
#3803 = CARTESIAN_POINT('',(-82.86412063028,123.4901249056,
    72.785272958117));
#3804 = CARTESIAN_POINT('',(-82.68997768491,123.51906681931,
    72.943892178138));
#3805 = CARTESIAN_POINT('',(-82.51579838785,123.54710813799,
    73.102787647104));
#3806 = CARTESIAN_POINT('',(-82.3415278197,123.57426769217,
    73.261919572784));
#3807 = CARTESIAN_POINT('',(-82.16710608981,123.60056003463,
    73.421243390988));
#3808 = CARTESIAN_POINT('',(-81.81784374149,123.65142443333,
    73.740185743918));
#3809 = CARTESIAN_POINT('',(-81.64300839879,123.67599632213,
    73.899807407889));
#3810 = CARTESIAN_POINT('',(-81.46790226457,123.69971870201,
    74.059529380127));
#3811 = CARTESIAN_POINT('',(-81.2924659675,123.72259546454,
    74.219304647056));
#3812 = CARTESIAN_POINT('',(-81.11664781403,123.74462446891,
    74.379089356549));
#3813 = CARTESIAN_POINT('',(-80.94040421158,123.76579841994,
    74.538842816886));
#3814 = CARTESIAN_POINT('',(-80.76370009732,123.78610574544,
    74.698527490094));
#3815 = CARTESIAN_POINT('',(-80.58650935792,123.80553147454,
    74.858108993671));
#3816 = CARTESIAN_POINT('',(-80.4088152616,123.82405811473,
    75.01755609165));
#3817 = CARTESIAN_POINT('',(-80.23061087599,123.84166653046,
    75.176840697274));
#3818 = CARTESIAN_POINT('',(-80.05189949996,123.85833682011,
    75.335937864815));
#3819 = CARTESIAN_POINT('',(-79.87269508368,123.87404919436,
    75.494825790093));
#3820 = CARTESIAN_POINT('',(-79.69302265713,123.88878485359,
    75.653485805054));
#3821 = CARTESIAN_POINT('',(-79.42286680169,123.90939787195,
    75.891110661122));
#3822 = CARTESIAN_POINT('',(-79.33270565144,123.91602050742,
    75.97025727518));
#3823 = CARTESIAN_POINT('',(-79.24243953315,123.92239253662,
    76.049340183062));
#3824 = CARTESIAN_POINT('',(-79.15207297077,123.92851184854,
    76.128357286251));
#3825 = CARTESIAN_POINT('',(-79.06161078112,123.93437645699,
    76.207306423044));
#3826 = CARTESIAN_POINT('',(-78.9710580752,123.93998450015,
    76.286185367638));
#3827 = CARTESIAN_POINT('',(-78.88042025608,123.94533424134,
    76.364991831663));
#3828 = CARTESIAN_POINT('',(-78.78970302176,123.95042406793,
    76.443723462025));
#3829 = CARTESIAN_POINT('',(-78.69891236191,123.95525249263,
    76.522377843472));
#3830 = CARTESIAN_POINT('',(-78.60805456098,123.95981815221,
    76.600952495998));
#3831 = CARTESIAN_POINT('',(-78.51713619574,123.96411980857,
    76.679444877085));
#3832 = CARTESIAN_POINT('',(-78.42616413689,123.968156348,
    76.757852380048));
#3833 = CARTESIAN_POINT('',(-78.33514554818,123.97192678158,
    76.836172335077));
#3834 = CARTESIAN_POINT('',(-78.19855905611,123.97718197674,
    76.953516845481));
#3835 = CARTESIAN_POINT('',(-78.15302034517,123.97886689355,
    76.99260921926));
#3836 = CARTESIAN_POINT('',(-78.10747265325,123.98048493269,
    77.031678661844));
#3837 = CARTESIAN_POINT('',(-78.0619168796,123.98203603139,
    77.070724705437));
#3838 = CARTESIAN_POINT('',(-78.01635392353,123.98352012687,
    77.109746881373));
#3839 = CARTESIAN_POINT('',(-77.97078468426,123.98493715638,
    77.148744722567));
#3840 = CARTESIAN_POINT('',(-77.9252100611,123.98628705714,
    77.187717759591));
#3841 = CARTESIAN_POINT('',(-77.87963095332,123.98756976639,
    77.226665525907));
#3842 = CARTESIAN_POINT('',(-77.83404826012,123.98878522137,
    77.265587551979));
#3843 = CARTESIAN_POINT('',(-77.78846288089,123.98993335929,
    77.304483370894));
#3844 = CARTESIAN_POINT('',(-77.74287571477,123.9910141174,
    77.34335251381));
#3845 = CARTESIAN_POINT('',(-77.69728766114,123.99202743292,
    77.382194513064));
#3846 = CARTESIAN_POINT('',(-77.6516996192,123.9929732431,
    77.421008900409));
#3847 = CARTESIAN_POINT('',(-77.58331892277,123.99429060618,
    77.479188361525));
#3848 = CARTESIAN_POINT('',(-77.5605255898,123.99471285097,
    77.498574459346));
#3849 = CARTESIAN_POINT('',(-77.53773259506,123.99511821785,
    77.517953422213));
#3850 = CARTESIAN_POINT('',(-77.51494004397,123.99550670524,
    77.537325171383));
#3851 = CARTESIAN_POINT('',(-77.49214804265,123.99587831136,
    77.556689627295));
#3852 = CARTESIAN_POINT('',(-77.46935669593,123.9962330348,
    77.576046711981));
#3853 = CARTESIAN_POINT('',(-77.44656611064,123.99657087357,
    77.595396344939));
#3854 = CARTESIAN_POINT('',(-77.42377639099,123.99689182645,
    77.614738449031));
#3855 = CARTESIAN_POINT('',(-77.40098764407,123.99719589136,
    77.634072943361));
#3856 = CARTESIAN_POINT('',(-77.37819997433,123.99748306702,
    77.653399750571));
#3857 = CARTESIAN_POINT('',(-77.35541348823,123.99775335153,
    77.672718790506));
#3858 = CARTESIAN_POINT('',(-77.33262829096,123.9980067434,
    77.692029984849));
#3859 = CARTESIAN_POINT('',(-77.30984448837,123.99824324091,
    77.711333254299));
#3860 = CARTESIAN_POINT('',(-77.27567103488,123.9985726432,
    77.740276152802));
#3861 = CARTESIAN_POINT('',(-77.26428025703,123.99867822057,
    77.749921781878));
#3862 = CARTESIAN_POINT('',(-77.25288986448,123.99877957456,
    77.759565395916));
#3863 = CARTESIAN_POINT('',(-77.24149986884,123.99887670518,
    77.769206983902));
#3864 = CARTESIAN_POINT('',(-77.23011028263,123.99896961244,
    77.778846534166));
#3865 = CARTESIAN_POINT('',(-77.21872111664,123.99905829634,
    77.788484036278));
#3866 = CARTESIAN_POINT('',(-77.20733238436,123.99914275691,
    77.798119477903));
#3867 = CARTESIAN_POINT('',(-77.19594409573,123.99922299413,
    77.807752849151));
#3868 = CARTESIAN_POINT('',(-77.18455626464,123.99929900804,
    77.817384137471));
#3869 = CARTESIAN_POINT('',(-77.17316890127,123.99937079862,
    77.827013332786));
#3870 = CARTESIAN_POINT('',(-77.16178201874,123.9994383659,
    77.836640423053));
#3871 = CARTESIAN_POINT('',(-77.15039562821,123.99950170988,
    77.846265397557));
#3872 = CARTESIAN_POINT('',(-77.13900974192,123.99956083058,
    77.855888244829));
#3873 = CARTESIAN_POINT('',(-77.1219316865,123.9996431767,
    77.870319308215));
#3874 = CARTESIAN_POINT('',(-77.11623913016,123.99966956961,
    77.8751291279));
#3875 = CARTESIAN_POINT('',(-77.110546704,123.99969490672,
    77.879938411445));
#3876 = CARTESIAN_POINT('',(-77.10485440931,123.99971918805,
    77.884747157041));
#3877 = CARTESIAN_POINT('',(-77.09916224765,123.99974241358,
    77.889555363944));
#3878 = CARTESIAN_POINT('',(-77.09347022003,123.99976458336,
    77.894363029384));
#3879 = CARTESIAN_POINT('',(-77.0877783283,123.99978569735,
    77.899170153774));
#3880 = CARTESIAN_POINT('',(-77.08208657329,123.9998057556,
    77.903976733327));
#3881 = CARTESIAN_POINT('',(-77.07639495685,123.99982475807,
    77.908782768944));
#3882 = CARTESIAN_POINT('',(-77.07070347998,123.99984270482,
    77.913588257093));
#3883 = CARTESIAN_POINT('',(-77.06501214427,123.99985959581,
    77.918393197781));
#3884 = CARTESIAN_POINT('',(-77.05932095096,123.99987543108,
    77.92319758865));
#3885 = CARTESIAN_POINT('',(-77.05362990149,123.99989021061,
    77.928001428645));
#3886 = CARTESIAN_POINT('',(-77.04509354502,123.99991079633,
    77.93520635988));
#3887 = CARTESIAN_POINT('',(-77.04224812915,123.99991739431,
    77.937607865517));
#3888 = CARTESIAN_POINT('',(-77.03940274969,123.99992372836,
    77.940009232774));
#3889 = CARTESIAN_POINT('',(-77.03655740689,123.99992979848,
    77.942410461691));
#3890 = CARTESIAN_POINT('',(-77.03371210072,123.99993560467,
    77.944811551595));
#3891 = CARTESIAN_POINT('',(-77.03086683169,123.99994114694,
    77.947212503127));
#3892 = CARTESIAN_POINT('',(-77.02802159946,123.99994642528,
    77.949613314922));
#3893 = CARTESIAN_POINT('',(-77.02517640478,123.9999514397,
    77.952013988195));
#3894 = CARTESIAN_POINT('',(-77.02233124722,123.9999561902,
    77.954414521337));
#3895 = CARTESIAN_POINT('',(-77.01948612746,123.99996067677,
    77.95681491538));
#3896 = CARTESIAN_POINT('',(-77.01664104527,123.99996489942,
    77.959215169251));
#3897 = CARTESIAN_POINT('',(-77.01379600106,123.99996885815,
    77.961615283292));
#3898 = CARTESIAN_POINT('',(-77.01095099486,123.99997255296,
    77.96401525706));
#3899 = CARTESIAN_POINT('',(-77.0066835429,123.99997769929,
    77.967615007155));
#3900 = CARTESIAN_POINT('',(-77.00526106846,123.99997934876,
    77.968814888759));
#3901 = CARTESIAN_POINT('',(-77.00383860361,123.99998093224,
    77.970014735218));
#3902 = CARTESIAN_POINT('',(-77.00241614829,123.99998244975,
    77.971214546597));
#3903 = CARTESIAN_POINT('',(-77.00099370272,123.99998390127,
    77.972414322678));
#3904 = CARTESIAN_POINT('',(-76.99957126654,123.99998528683,
    77.973614063761));
#3905 = CARTESIAN_POINT('',(-76.99814884034,123.99998660639,
    77.974813769395));
#3906 = CARTESIAN_POINT('',(-76.99672642345,123.99998785999,
    77.976013440008));
#3907 = CARTESIAN_POINT('',(-76.99530401657,123.99998904759,
    77.977213075191));
#3908 = CARTESIAN_POINT('',(-76.99388161915,123.99999016923,
    77.978412675184));
#3909 = CARTESIAN_POINT('',(-76.99245923162,123.99999122488,
    77.97961223982));
#3910 = CARTESIAN_POINT('',(-76.99103685375,123.99999221455,
    77.980811769136));
#3911 = CARTESIAN_POINT('',(-76.98961448569,123.99999313825,
    77.982011263087));
#3912 = CARTESIAN_POINT('',(-76.98748094825,123.99999442482,
    77.983810450941));
#3913 = CARTESIAN_POINT('',(-76.98676977157,123.99999483719,
    77.984410171378));
#3914 = CARTESIAN_POINT('',(-76.98605859729,123.99999523306,
    77.985009882976));
#3915 = CARTESIAN_POINT('',(-76.98534742556,123.99999561243,
    77.985609585692));
#3916 = CARTESIAN_POINT('',(-76.98463625609,123.99999597532,
    77.986209279625));
#3917 = CARTESIAN_POINT('',(-76.9839250894,123.99999632169,
    77.986808964559));
#3918 = CARTESIAN_POINT('',(-76.98321392472,123.9999966516,
    77.987408640855));
#3919 = CARTESIAN_POINT('',(-76.98250276302,123.99999696497,
    77.988008308003));
#3920 = CARTESIAN_POINT('',(-76.98179160328,123.99999726189,
    77.98860796658));
#3921 = CARTESIAN_POINT('',(-76.98108044641,123.99999754229,
    77.989207616036));
#3922 = CARTESIAN_POINT('',(-76.98036929174,123.99999780621,
    77.989807256791));
#3923 = CARTESIAN_POINT('',(-76.97965813969,123.99999805362,
    77.990406888577));
#3924 = CARTESIAN_POINT('',(-76.97894699005,123.99999828455,
    77.991006511522));
#3925 = CARTESIAN_POINT('',(-76.97752469575,123.99999871341,
    77.992205739629));
#3926 = CARTESIAN_POINT('',(-76.97676655949,123.99999891134,
    77.992767913621));
#3927 = CARTESIAN_POINT('',(-76.97646424984,123.99999909278,
    77.993693165837));
#3928 = CARTESIAN_POINT('',(-76.97396580909,123.99999925772,
    77.992869076991));
#3929 = CARTESIAN_POINT('',(-76.97834568417,123.99999940622,
    77.997523905987));
#3930 = CARTESIAN_POINT('',(-76.96724862133,123.99999953805,
    77.989850555098));
#3931 = CARTESIAN_POINT('',(-76.98240539135,123.99999965372,
    78.003089707916));
#3932 = CARTESIAN_POINT('',(-76.9631373733,123.99999975243,
    77.98890775336));
#3933 = CARTESIAN_POINT('',(-76.97916809762,123.99999983515,
    78.002843033517));
#3934 = CARTESIAN_POINT('',(-76.9668467425,123.99999990095,
    77.994194427928));
#3935 = CARTESIAN_POINT('',(-76.972223495,123.99999995053,
    77.999643255254));
#3936 = CARTESIAN_POINT('',(-76.96918487639,123.99999998349,
    77.998388800146));
#3937 = CARTESIAN_POINT('',(-76.96907273428,123.99999999999,
    77.999465421645));
#3938 = CARTESIAN_POINT('',(-76.96827990577,124.,78.));
#3939 = PCURVE('',#544,#3940);
#3940 = DEFINITIONAL_REPRESENTATION('',(#3941),#3945);
#3941 = LINE('',#3942,#3943);
#3942 = CARTESIAN_POINT('',(54.427243269012,0.));
#3943 = VECTOR('',#3944,1.);
#3944 = DIRECTION('',(0.,1.));
#3945 = ( GEOMETRIC_REPRESENTATION_CONTEXT(2) 
PARAMETRIC_REPRESENTATION_CONTEXT() REPRESENTATION_CONTEXT('2D SPACE',''
  ) );
#3946 = PCURVE('',#3947,#4014);
#3947 = ( BOUNDED_SURFACE() B_SPLINE_SURFACE(2,11,(
    (#3948,#3949,#3950,#3951,#3952,#3953,#3954,#3955,#3956,#3957,#3958
      ,#3959,#3960,#3961,#3962,#3963,#3964,#3965,#3966,#3967,#3968,#3969
      )
    ,(#3970,#3971,#3972,#3973,#3974,#3975,#3976,#3977,#3978,#3979,#3980
      ,#3981,#3982,#3983,#3984,#3985,#3986,#3987,#3988,#3989,#3990,#3991
      )
    ,(#3992,#3993,#3994,#3995,#3996,#3997,#3998,#3999,#4000,#4001,#4002
      ,#4003,#4004,#4005,#4006,#4007,#4008,#4009,#4010,#4011,#4012,#4013
)),.UNSPECIFIED.,.F.,.F.,.F.) B_SPLINE_SURFACE_WITH_KNOTS((3,3),(12,10,
    12),(0.,29.983502770184),(-6.004169343821,0.,23.979333426363),
.UNSPECIFIED.) GEOMETRIC_REPRESENTATION_ITEM() RATIONAL_B_SPLINE_SURFACE
((
    (1.,1.,1.,1.000000000001,0.999999999999,1.000000000001
      ,0.999999999999,1.000000000001,1.,1.,1.,1.,1.,0.999999999999
      ,1.000000000001,0.999999999999,1.000000000001,0.999999999999
      ,1.000000000001,1.,1.,1.)
    ,(0.707106781187,0.712569298074,0.7174837706,0.722035520944
      ,0.726290676016,0.730297382377,0.733939499432,0.737198737757
      ,0.740238384874,0.743108124751,0.745871444192,0.759135547446
      ,0.768038902514,0.775297021645,0.781050999405,0.785425684016
      ,0.788569459228,0.790698305789,0.792076123981,0.792928627519
      ,0.793353340291,0.793353340291)
    ,(1.,1.,1.,1.000000000001,0.999999999999,1.000000000001
      ,0.999999999999,1.000000000001,1.,1.,1.,1.,1.,0.999999999999
      ,1.000000000001,0.999999999999,1.000000000001,0.999999999999
,1.000000000001,1.,1.,1.))) REPRESENTATION_ITEM('') SURFACE() );
#3948 = CARTESIAN_POINT('',(-71.39248365703,151.43921456952,50.));
#3949 = CARTESIAN_POINT('',(-72.194594302,151.39405011687,50.));
#3950 = CARTESIAN_POINT('',(-72.9689343657,151.30168459034,
    50.000000000001));
#3951 = CARTESIAN_POINT('',(-73.78448926185,151.19807659602,
    49.999999999999));
#3952 = CARTESIAN_POINT('',(-74.71378283357,151.1109637312,
    50.000000000002));
#3953 = CARTESIAN_POINT('',(-75.80464224266,151.04799004892,
    49.999999999997));
#3954 = CARTESIAN_POINT('',(-77.10301922708,151.03169004089,
    50.000000000003));
#3955 = CARTESIAN_POINT('',(-78.53513996668,150.99076590818,
    49.999999999998));
#3956 = CARTESIAN_POINT('',(-80.0223612773,150.91213520009,
    50.000000000001));
#3957 = CARTESIAN_POINT('',(-81.52118613055,150.78355186505,50.));
#3958 = CARTESIAN_POINT('',(-83.00471104399,150.60396236668,50.));
#3959 = CARTESIAN_POINT('',(-90.32632334814,149.45804894829,50.));
#3960 = CARTESIAN_POINT('',(-95.90375591939,147.74594297587,
    50.000000000001));
#3961 = CARTESIAN_POINT('',(-101.1098188333,145.31398074794,
    49.999999999998));
#3962 = CARTESIAN_POINT('',(-105.8692973611,142.23301822666,
    50.000000000004));
#3963 = CARTESIAN_POINT('',(-110.1158613609,138.57316866908,
    49.999999999994));
#3964 = CARTESIAN_POINT('',(-113.7860895513,134.40238395035,
    50.000000000006));
#3965 = CARTESIAN_POINT('',(-116.8149722162,129.79344529013,
    49.999999999995));
#3966 = CARTESIAN_POINT('',(-119.1378936349,124.83513409933,
    50.000000000003));
#3967 = CARTESIAN_POINT('',(-120.7026272126,119.63655747328,
    49.999999999999));
#3968 = CARTESIAN_POINT('',(-121.4851556634,114.31827359746,50.));
#3969 = CARTESIAN_POINT('',(-121.4851556634,108.99999999998,50.));
#3970 = CARTESIAN_POINT('',(-76.96827990577,124.,50.));
#3971 = CARTESIAN_POINT('',(-77.89931040238,124.42069500713,
    50.000000000001));
#3972 = CARTESIAN_POINT('',(-78.71803662762,124.73300901677,
    49.999999999998));
#3973 = CARTESIAN_POINT('',(-79.45141790578,124.97631443299,
    50.000000000006));
#3974 = CARTESIAN_POINT('',(-80.12722654399,125.17040561239,
    49.99999999999));
#3975 = CARTESIAN_POINT('',(-80.76718302378,125.32622583162,
    50.000000000012));
#3976 = CARTESIAN_POINT('',(-81.39584032572,125.44553390242,
    49.999999999988));
#3977 = CARTESIAN_POINT('',(-82.01596208184,125.52748001539,
    50.000000000009));
#3978 = CARTESIAN_POINT('',(-82.63143936728,125.57930069704,
    49.999999999995));
#3979 = CARTESIAN_POINT('',(-83.24559503379,125.60255209143,
    50.000000000002));
#3980 = CARTESIAN_POINT('',(-83.85921640279,125.5993241141,50.));
#3981 = CARTESIAN_POINT('',(-86.87093519536,125.45457028821,
    50.000000000001));
#3982 = CARTESIAN_POINT('',(-89.25495048743,124.93492496772,
    49.999999999998));
#3983 = CARTESIAN_POINT('',(-91.53129671473,124.02530071345,
    50.000000000003));
#3984 = CARTESIAN_POINT('',(-93.62015815452,122.76566978784,
    49.999999999995));
#3985 = CARTESIAN_POINT('',(-95.45667298442,121.20563185943,
    50.000000000005));
#3986 = CARTESIAN_POINT('',(-96.99368349695,119.41119943335,
    49.999999999996));
#3987 = CARTESIAN_POINT('',(-98.2090782516,117.45585820847,
    50.000000000002));
#3988 = CARTESIAN_POINT('',(-99.10701103224,115.40099786951,
    49.999999999999));
#3989 = CARTESIAN_POINT('',(-99.70294577752,113.28634932463,50.));
#3990 = CARTESIAN_POINT('',(-100.,111.14198518531,50.));
#3991 = CARTESIAN_POINT('',(-100.,108.99999999999,50.));
#3992 = CARTESIAN_POINT('',(-76.96827990577,124.,78.));
#3993 = CARTESIAN_POINT('',(-77.99265066429,124.,77.567390733845));
#3994 = CARTESIAN_POINT('',(-78.89675866091,123.94353288862,
    77.174508972508));
#3995 = CARTESIAN_POINT('',(-79.70764021079,123.85331268382,
    76.807900294559));
#3996 = CARTESIAN_POINT('',(-80.44623819505,123.74035563091,
    76.462810791771));
#3997 = CARTESIAN_POINT('',(-81.12860752781,123.61054680593,
    76.135804745881));
#3998 = CARTESIAN_POINT('',(-81.76085514605,123.46662476509,
    75.836499855418));
#3999 = CARTESIAN_POINT('',(-82.34813698109,123.3128412293,
    75.567637718628));
#4000 = CARTESIAN_POINT('',(-82.90629625207,123.14805796955,
    75.315760486009));
#4001 = CARTESIAN_POINT('',(-83.44313893261,122.97125465354,
    75.077033510905));
#4002 = CARTESIAN_POINT('',(-83.96469078454,122.78123587213,
    74.846239249288));
#4003 = CARTESIAN_POINT('',(-86.49237514267,121.77040061292,
    73.734241989486));
#4004 = CARTESIAN_POINT('',(-88.26875935037,120.76419442726,
    72.973956161671));
#4005 = CARTESIAN_POINT('',(-89.79798551255,119.6119799918,
    72.345211691446));
#4006 = CARTESIAN_POINT('',(-91.08523906159,118.35499241338,
    71.841545583739));
#4007 = CARTESIAN_POINT('',(-92.13493619349,117.02893640371,
    71.455931391976));
#4008 = CARTESIAN_POINT('',(-92.95735058892,115.6702814664,
    71.177667595437));
#4009 = CARTESIAN_POINT('',(-93.57356493504,114.31086873179,
    70.988871509261));
#4010 = CARTESIAN_POINT('',(-94.01188043656,112.96757814825,
    70.866570853317));
#4011 = CARTESIAN_POINT('',(-94.29689809408,111.6398172224,
    70.790799808568));
#4012 = CARTESIAN_POINT('',(-94.43923252731,110.31990125151,
    70.75306673713));
#4013 = CARTESIAN_POINT('',(-94.43923252731,109.,70.753066737129));
#4014 = DEFINITIONAL_REPRESENTATION('',(#4015),#4243);
#4015 = B_SPLINE_CURVE_WITH_KNOTS('',10,(#4016,#4017,#4018,#4019,#4020,
    #4021,#4022,#4023,#4024,#4025,#4026,#4027,#4028,#4029,#4030,#4031,
    #4032,#4033,#4034,#4035,#4036,#4037,#4038,#4039,#4040,#4041,#4042,
    #4043,#4044,#4045,#4046,#4047,#4048,#4049,#4050,#4051,#4052,#4053,
    #4054,#4055,#4056,#4057,#4058,#4059,#4060,#4061,#4062,#4063,#4064,
    #4065,#4066,#4067,#4068,#4069,#4070,#4071,#4072,#4073,#4074,#4075,
    #4076,#4077,#4078,#4079,#4080,#4081,#4082,#4083,#4084,#4085,#4086,
    #4087,#4088,#4089,#4090,#4091,#4092,#4093,#4094,#4095,#4096,#4097,
    #4098,#4099,#4100,#4101,#4102,#4103,#4104,#4105,#4106,#4107,#4108,
    #4109,#4110,#4111,#4112,#4113,#4114,#4115,#4116,#4117,#4118,#4119,
    #4120,#4121,#4122,#4123,#4124,#4125,#4126,#4127,#4128,#4129,#4130,
    #4131,#4132,#4133,#4134,#4135,#4136,#4137,#4138,#4139,#4140,#4141,
    #4142,#4143,#4144,#4145,#4146,#4147,#4148,#4149,#4150,#4151,#4152,
    #4153,#4154,#4155,#4156,#4157,#4158,#4159,#4160,#4161,#4162,#4163,
    #4164,#4165,#4166,#4167,#4168,#4169,#4170,#4171,#4172,#4173,#4174,
    #4175,#4176,#4177,#4178,#4179,#4180,#4181,#4182,#4183,#4184,#4185,
    #4186,#4187,#4188,#4189,#4190,#4191,#4192,#4193,#4194,#4195,#4196,
    #4197,#4198,#4199,#4200,#4201,#4202,#4203,#4204,#4205,#4206,#4207,
    #4208,#4209,#4210,#4211,#4212,#4213,#4214,#4215,#4216,#4217,#4218,
    #4219,#4220,#4221,#4222,#4223,#4224,#4225,#4226,#4227,#4228,#4229,
    #4230,#4231,#4232,#4233,#4234,#4235,#4236,#4237,#4238,#4239,#4240,
    #4241,#4242),.UNSPECIFIED.,.F.,.F.,(11,9,9,9,9,9,9,9,9,9,9,9,9,9,9,9
    ,9,9,9,9,9,9,9,9,9,11),(428.48554052993,430.18639188209,
    430.61160472013,431.03681755817,431.88724323425,435.28894593856,
    442.09235134719,455.69916216444,456.54958784052,457.4000135166,
    459.10086486875,462.50256757307,469.30597298169,472.70767568601,
    476.10937839032,479.51108109463,481.21193244679,482.06235812287,
    482.48757096091,482.70017737993,482.80648058944,482.85963219419,
    482.88620799657,482.89949589776,482.90613984835,482.91278379895),
  .UNSPECIFIED.);
#4016 = CARTESIAN_POINT('',(8.553452942952E-14,21.096020687788));
#4017 = CARTESIAN_POINT('',(0.146689609368,21.079055771145));
#4018 = CARTESIAN_POINT('',(0.292992273321,21.06187890292));
#4019 = CARTESIAN_POINT('',(0.438924565372,21.044484531111));
#4020 = CARTESIAN_POINT('',(0.584492755679,21.026868458503));
#4021 = CARTESIAN_POINT('',(0.729704079353,21.009026148607));
#4022 = CARTESIAN_POINT('',(0.874572344916,20.99095188194));
#4023 = CARTESIAN_POINT('',(1.019117882929,20.97263876277));
#4024 = CARTESIAN_POINT('',(1.163361834774,20.954079576232));
#4025 = CARTESIAN_POINT('',(1.307314781604,20.935268495859));
#4026 = CARTESIAN_POINT('',(1.486870946407,20.911437427947));
#4027 = CARTESIAN_POINT('',(1.522762313652,20.906655468732));
#4028 = CARTESIAN_POINT('',(1.558633620376,20.901857724082));
#4029 = CARTESIAN_POINT('',(1.594484167305,20.89704424318));
#4030 = CARTESIAN_POINT('',(1.630312750699,20.89221516427));
#4031 = CARTESIAN_POINT('',(1.666117662339,20.887370714534));
#4032 = CARTESIAN_POINT('',(1.701896689548,20.882511210244));
#4033 = CARTESIAN_POINT('',(1.737647115167,20.877637056621));
#4034 = CARTESIAN_POINT('',(1.773365717576,20.872748747934));
#4035 = CARTESIAN_POINT('',(1.844731823788,20.862944986957));
#4036 = CARTESIAN_POINT('',(1.880382852454,20.858028891075));
#4037 = CARTESIAN_POINT('',(1.915959031,20.853106402911));
#4038 = CARTESIAN_POINT('',(1.951635090586,20.848144656887));
#4039 = CARTESIAN_POINT('',(1.986918548554,20.843236768245));
#4040 = CARTESIAN_POINT('',(2.02259604842,20.838232063011));
#4041 = CARTESIAN_POINT('',(2.057915596735,20.833275850641));
#4042 = CARTESIAN_POINT('',(2.093349823815,20.828276281156));
#4043 = CARTESIAN_POINT('',(2.12870460104,20.823271252319));
#4044 = CARTESIAN_POINT('',(2.234679987378,20.808210542804));
#4045 = CARTESIAN_POINT('',(2.305188480037,20.798113796636));
#4046 = CARTESIAN_POINT('',(2.375560625825,20.787959732016));
#4047 = CARTESIAN_POINT('',(2.445801521546,20.77774732508));
#4048 = CARTESIAN_POINT('',(2.515915942796,20.767475573518));
#4049 = CARTESIAN_POINT('',(2.585908343942,20.757143496383));
#4050 = CARTESIAN_POINT('',(2.655782858143,20.74675013432));
#4051 = CARTESIAN_POINT('',(2.725543297332,20.736294549348));
#4052 = CARTESIAN_POINT('',(2.795193152229,20.725775825023));
#4053 = CARTESIAN_POINT('',(3.142905352754,20.672862031637));
#4054 = CARTESIAN_POINT('',(3.41935998924,20.629506411359));
#4055 = CARTESIAN_POINT('',(3.694300521467,20.585068679123));
#4056 = CARTESIAN_POINT('',(3.96786794888,20.539496068909));
#4057 = CARTESIAN_POINT('',(4.240153702986,20.49273973587));
#4058 = CARTESIAN_POINT('',(4.511210099607,20.444753917096));
#4059 = CARTESIAN_POINT('',(4.781060791187,20.395495092429));
#4060 = CARTESIAN_POINT('',(5.04971121904,20.344921145219));
#4061 = CARTESIAN_POINT('',(5.317159065649,20.29299052314));
#4062 = CARTESIAN_POINT('',(6.115895989494,20.133003150582));
#4063 = CARTESIAN_POINT('',(6.643568555286,20.020751016645));
#4064 = CARTESIAN_POINT('',(7.166376083783,19.902569663238));
#4065 = CARTESIAN_POINT('',(7.684199713604,19.778121204932));
#4066 = CARTESIAN_POINT('',(8.197002414338,19.647036062034));
#4067 = CARTESIAN_POINT('',(8.704875074919,19.508892227809));
#4068 = CARTESIAN_POINT('',(9.208010100059,19.363204104065));
#4069 = CARTESIAN_POINT('',(9.706638306215,19.209422062423));
#4070 = CARTESIAN_POINT('',(10.20096490864,19.046943889843));
#4071 = CARTESIAN_POINT('',(11.671491355648,18.531530047698));
#4072 = CARTESIAN_POINT('',(12.63523644001,18.150608666241));
#4073 = CARTESIAN_POINT('',(13.583567109028,17.727378147056));
#4074 = CARTESIAN_POINT('',(14.516730109115,17.256082740374));
#4075 = CARTESIAN_POINT('',(15.432787646755,16.731999498613));
#4076 = CARTESIAN_POINT('',(16.327815078481,16.14964830286));
#4077 = CARTESIAN_POINT('',(17.199065748835,15.508941175952));
#4078 = CARTESIAN_POINT('',(18.051086634263,14.803396193988));
#4079 = CARTESIAN_POINT('',(18.884796098844,14.020846218244));
#4080 = CARTESIAN_POINT('',(19.737350303398,13.127149822718));
#4081 = CARTESIAN_POINT('',(19.787378232632,13.074350709996));
#4082 = CARTESIAN_POINT('',(19.83728071093,13.021327191716));
#4083 = CARTESIAN_POINT('',(19.88705436206,12.968084167503));
#4084 = CARTESIAN_POINT('',(19.936695566346,12.914627105626));
#4085 = CARTESIAN_POINT('',(19.986200460769,12.860962043047));
#4086 = CARTESIAN_POINT('',(20.035564938821,12.807095585349));
#4087 = CARTESIAN_POINT('',(20.084784650672,12.753034906817));
#4088 = CARTESIAN_POINT('',(20.133855003021,12.698787750368));
#4089 = CARTESIAN_POINT('',(20.231687315377,12.589937104822));
#4090 = CARTESIAN_POINT('',(20.280430742032,12.535368197682));
#4091 = CARTESIAN_POINT('',(20.329165706387,12.480348504845));
#4092 = CARTESIAN_POINT('',(20.377620324684,12.425390801109));
#4093 = CARTESIAN_POINT('',(20.426143832568,12.369838434534));
#4094 = CARTESIAN_POINT('',(20.474395362628,12.31433505308));
#4095 = CARTESIAN_POINT('',(20.52262768316,12.258404755674));
#4096 = CARTESIAN_POINT('',(20.570702750944,12.202309027053));
#4097 = CARTESIAN_POINT('',(20.618673363197,12.145948977391));
#4098 = CARTESIAN_POINT('',(20.762232442392,11.976152657724));
#4099 = CARTESIAN_POINT('',(20.857474184865,11.861988862976));
#4100 = CARTESIAN_POINT('',(20.952249174507,11.746869591207));
#4101 = CARTESIAN_POINT('',(21.046553094942,11.630808542789));
#4102 = CARTESIAN_POINT('',(21.14038008946,11.513821941227));
#4103 = CARTESIAN_POINT('',(21.233723094147,11.395928126986));
#4104 = CARTESIAN_POINT('',(21.326574171587,11.277147151618));
#4105 = CARTESIAN_POINT('',(21.418924843923,11.157500371561));
#4106 = CARTESIAN_POINT('',(21.510766426494,11.037010042226));
#4107 = CARTESIAN_POINT('',(21.784738230189,10.673076651191));
#4108 = CARTESIAN_POINT('',(21.965316954685,10.427169303788));
#4109 = CARTESIAN_POINT('',(22.143752678448,10.178165447739));
#4110 = CARTESIAN_POINT('',(22.319976526725,9.926257487382));
#4111 = CARTESIAN_POINT('',(22.49392589142,9.671639512309));
#4112 = CARTESIAN_POINT('',(22.665545716672,9.414505156388));
#4113 = CARTESIAN_POINT('',(22.834789784107,9.155045456754));
#4114 = CARTESIAN_POINT('',(23.001621998411,8.893446712813));
#4115 = CARTESIAN_POINT('',(23.166017672651,8.629888345251));
#4116 = CARTESIAN_POINT('',(23.651859095945,7.833845574583));
#4117 = CARTESIAN_POINT('',(23.965955942441,7.295998890478));
#4118 = CARTESIAN_POINT('',(24.27012525453,6.752405353788));
#4119 = CARTESIAN_POINT('',(24.564409924485,6.204380261815));
#4120 = CARTESIAN_POINT('',(24.848945725173,5.653226030869));
#4121 = CARTESIAN_POINT('',(25.12393950057,5.100280561939));
#4122 = CARTESIAN_POINT('',(25.389677019948,4.546928071078));
#4123 = CARTESIAN_POINT('',(25.646531857363,3.994562956573));
#4124 = CARTESIAN_POINT('',(25.894946659382,3.444497274741));
#4125 = CARTESIAN_POINT('',(26.255563914431,2.624454957177));
#4126 = CARTESIAN_POINT('',(26.373766380853,2.351949094584));
#4127 = CARTESIAN_POINT('',(26.490022297499,2.080420694675));
#4128 = CARTESIAN_POINT('',(26.604391223033,1.809998377769));
#4129 = CARTESIAN_POINT('',(26.716934450864,1.540798036053));
#4130 = CARTESIAN_POINT('',(26.827714221887,1.272919550006));
#4131 = CARTESIAN_POINT('',(26.936793237553,1.006445683511));
#4132 = CARTESIAN_POINT('',(27.044234474237,0.741443157775));
#4133 = CARTESIAN_POINT('',(27.150101298009,0.477965903949));
#4134 = CARTESIAN_POINT('',(27.358814462942,-4.584491489849E-02));
#4135 = CARTESIAN_POINT('',(27.461688366351,-0.306149030095));
#4136 = CARTESIAN_POINT('',(27.56284042217,-0.56511145153));
#4137 = CARTESIAN_POINT('',(27.66354047553,-0.821694573266));
#4138 = CARTESIAN_POINT('',(27.762576813637,-1.076031488793));
#4139 = CARTESIAN_POINT('',(27.861290543987,-1.326758692306));
#4140 = CARTESIAN_POINT('',(27.958618176531,-1.573721661807));
#4141 = CARTESIAN_POINT('',(28.055006667958,-1.816167846378));
#4142 = CARTESIAN_POINT('',(28.150159769199,-2.053862864186));
#4143 = CARTESIAN_POINT('',(28.338027659626,-2.519267207103));
#4144 = CARTESIAN_POINT('',(28.430739293177,-2.746976633679));
#4145 = CARTESIAN_POINT('',(28.522189192785,-2.96947540512));
#4146 = CARTESIAN_POINT('',(28.612392011461,-3.186669923551));
#4147 = CARTESIAN_POINT('',(28.701439155271,-3.398538076953));
#4148 = CARTESIAN_POINT('',(28.789483703471,-3.605093396518));
#4149 = CARTESIAN_POINT('',(28.876706039789,-3.806362654941));
#4150 = CARTESIAN_POINT('',(28.963278666064,-4.002373363118));
#4151 = CARTESIAN_POINT('',(29.049348666967,-4.19314762231));
#4152 = CARTESIAN_POINT('',(29.177910111443,-4.471474372581));
#4153 = CARTESIAN_POINT('',(29.220672273071,-4.56294487202));
#4154 = CARTESIAN_POINT('',(29.263359246172,-4.65311237119));
#4155 = CARTESIAN_POINT('',(29.305985165186,-4.741979733586));
#4156 = CARTESIAN_POINT('',(29.348561834255,-4.829550602473));
#4157 = CARTESIAN_POINT('',(29.391098727328,-4.915829400901));
#4158 = CARTESIAN_POINT('',(29.433602988039,-5.000821331686));
#4159 = CARTESIAN_POINT('',(29.476079429817,-5.08453237743));
#4160 = CARTESIAN_POINT('',(29.518530535807,-5.166969300503));
#4161 = CARTESIAN_POINT('',(29.58216942047,-5.288724814333));
#4162 = CARTESIAN_POINT('',(29.60337686151,-5.328993027727));
#4163 = CARTESIAN_POINT('',(29.624578171926,-5.368945638184));
#4164 = CARTESIAN_POINT('',(29.64577274157,-5.408584000645));
#4165 = CARTESIAN_POINT('',(29.666959960361,-5.447909470063));
#4166 = CARTESIAN_POINT('',(29.688139218128,-5.486923401374));
#4167 = CARTESIAN_POINT('',(29.709309904796,-5.525627149533));
#4168 = CARTESIAN_POINT('',(29.730471410208,-5.564022069476));
#4169 = CARTESIAN_POINT('',(29.751623124263,-5.602109516155));
#4170 = CARTESIAN_POINT('',(29.783335093113,-5.658781508691));
#4171 = CARTESIAN_POINT('',(29.79390308605,-5.677595703468));
#4172 = CARTESIAN_POINT('',(29.804468217938,-5.696333660607));
#4173 = CARTESIAN_POINT('',(29.815030291065,-5.71499561186));
#4174 = CARTESIAN_POINT('',(29.825589107736,-5.733581788998));
#4175 = CARTESIAN_POINT('',(29.836144470235,-5.752092423765));
#4176 = CARTESIAN_POINT('',(29.846696180864,-5.770527747938));
#4177 = CARTESIAN_POINT('',(29.857244041914,-5.788887993263));
#4178 = CARTESIAN_POINT('',(29.867787855682,-5.807173391506));
#4179 = CARTESIAN_POINT('',(29.88359720885,-5.834489565885));
#4180 = CARTESIAN_POINT('',(29.888865960105,-5.843576352978));
#4181 = CARTESIAN_POINT('',(29.894133641329,-5.85264455993));
#4182 = CARTESIAN_POINT('',(29.899400215625,-5.861694210963));
#4183 = CARTESIAN_POINT('',(29.904665646094,-5.870725330308));
#4184 = CARTESIAN_POINT('',(29.909929895847,-5.879737942181));
#4185 = CARTESIAN_POINT('',(29.915192927976,-5.888732070817));
#4186 = CARTESIAN_POINT('',(29.920454705595,-5.897707740433));
#4187 = CARTESIAN_POINT('',(29.925715191801,-5.906664975258));
#4188 = CARTESIAN_POINT('',(29.933603928648,-5.920073211644));
#4189 = CARTESIAN_POINT('',(29.936233157719,-5.924537991137));
#4190 = CARTESIAN_POINT('',(29.938862035255,-5.928998147132));
#4191 = CARTESIAN_POINT('',(29.941490559609,-5.933453688773));
#4192 = CARTESIAN_POINT('',(29.944118729116,-5.937904625193));
#4193 = CARTESIAN_POINT('',(29.946746542136,-5.942350965537));
#4194 = CARTESIAN_POINT('',(29.949373997004,-5.94679271894));
#4195 = CARTESIAN_POINT('',(29.952001092073,-5.951229894545));
#4196 = CARTESIAN_POINT('',(29.954627825686,-5.955662501488));
#4197 = CARTESIAN_POINT('',(29.958567381444,-5.962304572621));
#4198 = CARTESIAN_POINT('',(29.959880479168,-5.964517461931));
#4199 = CARTESIAN_POINT('',(29.961193489982,-5.966729219405));
#4200 = CARTESIAN_POINT('',(29.962506414504,-5.968939847602));
#4201 = CARTESIAN_POINT('',(29.963819253351,-5.971149349092));
#4202 = CARTESIAN_POINT('',(29.965132007146,-5.973357726432));
#4203 = CARTESIAN_POINT('',(29.966444676497,-5.975564982191));
#4204 = CARTESIAN_POINT('',(29.967757262034,-5.977771118928));
#4205 = CARTESIAN_POINT('',(29.969069764365,-5.97997613921));
#4206 = CARTESIAN_POINT('',(29.971038393989,-5.983281998792));
#4207 = CARTESIAN_POINT('',(29.971694583217,-5.984383673508));
#4208 = CARTESIAN_POINT('',(29.972350751872,-5.985485070065));
#4209 = CARTESIAN_POINT('',(29.973006900033,-5.986586188781));
#4210 = CARTESIAN_POINT('',(29.973663027768,-5.987687029972));
#4211 = CARTESIAN_POINT('',(29.974319135164,-5.988787593962));
#4212 = CARTESIAN_POINT('',(29.974975222282,-5.989887881062));
#4213 = CARTESIAN_POINT('',(29.975631289208,-5.990987891597));
#4214 = CARTESIAN_POINT('',(29.976287336012,-5.99208762588));
#4215 = CARTESIAN_POINT('',(29.977271376151,-5.993736813409));
#4216 = CARTESIAN_POINT('',(29.977599384521,-5.994286473602));
#4217 = CARTESIAN_POINT('',(29.977927387889,-5.994836064851));
#4218 = CARTESIAN_POINT('',(29.978255386267,-5.995385587199));
#4219 = CARTESIAN_POINT('',(29.97858337966,-5.995935040678));
#4220 = CARTESIAN_POINT('',(29.978911368081,-5.996484425339));
#4221 = CARTESIAN_POINT('',(29.979239351534,-5.997033741209));
#4222 = CARTESIAN_POINT('',(29.979567330034,-5.997582988339));
#4223 = CARTESIAN_POINT('',(29.979895303582,-5.998132166761));
#4224 = CARTESIAN_POINT('',(29.980387256501,-5.998955831397));
#4225 = CARTESIAN_POINT('',(29.980542383403,-5.999235482189));
#4226 = CARTESIAN_POINT('',(29.980739763143,-5.999490720577));
#4227 = CARTESIAN_POINT('',(29.980854643789,-5.999793571653));
#4228 = CARTESIAN_POINT('',(29.981040995538,-6.000055141325));
#4229 = CARTESIAN_POINT('',(29.98123293862,-6.000313464893));
#4230 = CARTESIAN_POINT('',(29.981351255502,-6.000614278576));
#4231 = CARTESIAN_POINT('',(29.981538630603,-6.000875203792));
#4232 = CARTESIAN_POINT('',(29.9816999133,-6.001151175569));
#4233 = CARTESIAN_POINT('',(29.982027236876,-6.001700336317));
#4234 = CARTESIAN_POINT('',(29.982177847747,-6.001982433769));
#4235 = CARTESIAN_POINT('',(29.982419087688,-6.002212188956));
#4236 = CARTESIAN_POINT('',(29.982319917513,-6.002638461118));
#4237 = CARTESIAN_POINT('',(29.983082284917,-6.002567309237));
#4238 = CARTESIAN_POINT('',(29.982332760589,-6.003369025863));
#4239 = CARTESIAN_POINT('',(29.983433585073,-6.003102431136));
#4240 = CARTESIAN_POINT('',(29.982962332919,-6.003743452526));
#4241 = CARTESIAN_POINT('',(29.983393279832,-6.003863574087));
#4242 = CARTESIAN_POINT('',(29.983502702622,-6.004169308886));
#4243 = ( GEOMETRIC_REPRESENTATION_CONTEXT(2) 
PARAMETRIC_REPRESENTATION_CONTEXT() REPRESENTATION_CONTEXT('2D SPACE',''
  ) );
#4244 = ORIENTED_EDGE('',*,*,#140,.F.);
#4245 = ADVANCED_FACE('',(#4246),#1329,.T.);
#4246 = FACE_BOUND('',#4247,.T.);
#4247 = EDGE_LOOP('',(#4248,#4270,#4271,#4293));
#4248 = ORIENTED_EDGE('',*,*,#4249,.T.);
#4249 = EDGE_CURVE('',#4250,#1314,#4252,.T.);
#4250 = VERTEX_POINT('',#4251);
#4251 = CARTESIAN_POINT('',(33.,118.,105.));
#4252 = SURFACE_CURVE('',#4253,(#4258,#4264),.PCURVE_S1.);
#4253 = CIRCLE('',#4254,6.);
#4254 = AXIS2_PLACEMENT_3D('',#4255,#4256,#4257);
#4255 = CARTESIAN_POINT('',(39.,118.,105.));
#4256 = DIRECTION('',(0.,-2.644330805993E-16,-1.));
#4257 = DIRECTION('',(-0.,1.,-2.644330805993E-16));
#4258 = PCURVE('',#1329,#4259);
#4259 = DEFINITIONAL_REPRESENTATION('',(#4260),#4263);
#4260 = B_SPLINE_CURVE_WITH_KNOTS('',1,(#4261,#4262),.UNSPECIFIED.,.F.,
  .F.,(2,2),(4.712388980385,6.28318530718),.PIECEWISE_BEZIER_KNOTS.);
#4261 = CARTESIAN_POINT('',(0.,0.));
#4262 = CARTESIAN_POINT('',(1.570796326795,0.));
#4263 = ( GEOMETRIC_REPRESENTATION_CONTEXT(2) 
PARAMETRIC_REPRESENTATION_CONTEXT() REPRESENTATION_CONTEXT('2D SPACE',''
  ) );
#4264 = PCURVE('',#3723,#4265);
#4265 = DEFINITIONAL_REPRESENTATION('',(#4266),#4269);
#4266 = B_SPLINE_CURVE_WITH_KNOTS('',1,(#4267,#4268),.UNSPECIFIED.,.F.,
  .F.,(2,2),(4.712388980385,6.28318530718),.PIECEWISE_BEZIER_KNOTS.);
#4267 = CARTESIAN_POINT('',(-1.570796326795,4.712388980385));
#4268 = CARTESIAN_POINT('',(-1.570796326795,6.28318530718));
#4269 = ( GEOMETRIC_REPRESENTATION_CONTEXT(2) 
PARAMETRIC_REPRESENTATION_CONTEXT() REPRESENTATION_CONTEXT('2D SPACE',''
  ) );
#4270 = ORIENTED_EDGE('',*,*,#1313,.T.);
#4271 = ORIENTED_EDGE('',*,*,#4272,.F.);
#4272 = EDGE_CURVE('',#4273,#1285,#4275,.T.);
#4273 = VERTEX_POINT('',#4274);
#4274 = CARTESIAN_POINT('',(33.,118.,53.));
#4275 = SURFACE_CURVE('',#4276,(#4281,#4287),.PCURVE_S1.);
#4276 = CIRCLE('',#4277,6.);
#4277 = AXIS2_PLACEMENT_3D('',#4278,#4279,#4280);
#4278 = CARTESIAN_POINT('',(39.,118.,53.));
#4279 = DIRECTION('',(-0.,0.,-1.));
#4280 = DIRECTION('',(-1.,-0.,0.));
#4281 = PCURVE('',#1329,#4282);
#4282 = DEFINITIONAL_REPRESENTATION('',(#4283),#4286);
#4283 = B_SPLINE_CURVE_WITH_KNOTS('',1,(#4284,#4285),.UNSPECIFIED.,.F.,
  .F.,(2,2),(0.,1.570796326795),.PIECEWISE_BEZIER_KNOTS.);
#4284 = CARTESIAN_POINT('',(0.,52.));
#4285 = CARTESIAN_POINT('',(1.570796326795,52.));
#4286 = ( GEOMETRIC_REPRESENTATION_CONTEXT(2) 
PARAMETRIC_REPRESENTATION_CONTEXT() REPRESENTATION_CONTEXT('2D SPACE',''
  ) );
#4287 = PCURVE('',#1301,#4288);
#4288 = DEFINITIONAL_REPRESENTATION('',(#4289),#4292);
#4289 = B_SPLINE_CURVE_WITH_KNOTS('',1,(#4290,#4291),.UNSPECIFIED.,.F.,
  .F.,(2,2),(0.,1.570796326795),.PIECEWISE_BEZIER_KNOTS.);
#4290 = CARTESIAN_POINT('',(0.,3.14159265359));
#4291 = CARTESIAN_POINT('',(0.,4.712388980385));
#4292 = ( GEOMETRIC_REPRESENTATION_CONTEXT(2) 
PARAMETRIC_REPRESENTATION_CONTEXT() REPRESENTATION_CONTEXT('2D SPACE',''
  ) );
#4293 = ORIENTED_EDGE('',*,*,#4294,.F.);
#4294 = EDGE_CURVE('',#4250,#4273,#4295,.T.);
#4295 = SURFACE_CURVE('',#4296,(#4300,#4307),.PCURVE_S1.);
#4296 = LINE('',#4297,#4298);
#4297 = CARTESIAN_POINT('',(33.,118.,105.));
#4298 = VECTOR('',#4299,1.);
#4299 = DIRECTION('',(-0.,0.,-1.));
#4300 = PCURVE('',#1329,#4301);
#4301 = DEFINITIONAL_REPRESENTATION('',(#4302),#4306);
#4302 = LINE('',#4303,#4304);
#4303 = CARTESIAN_POINT('',(0.,0.));
#4304 = VECTOR('',#4305,1.);
#4305 = DIRECTION('',(0.,1.));
#4306 = ( GEOMETRIC_REPRESENTATION_CONTEXT(2) 
PARAMETRIC_REPRESENTATION_CONTEXT() REPRESENTATION_CONTEXT('2D SPACE',''
  ) );
#4307 = PCURVE('',#4308,#4313);
#4308 = PLANE('',#4309);
#4309 = AXIS2_PLACEMENT_3D('',#4310,#4311,#4312);
#4310 = CARTESIAN_POINT('',(33.,-134.,45.));
#4311 = DIRECTION('',(1.,0.,-0.));
#4312 = DIRECTION('',(0.,0.,1.));
#4313 = DEFINITIONAL_REPRESENTATION('',(#4314),#4318);
#4314 = LINE('',#4315,#4316);
#4315 = CARTESIAN_POINT('',(60.,-252.));
#4316 = VECTOR('',#4317,1.);
#4317 = DIRECTION('',(-1.,-0.));
#4318 = ( GEOMETRIC_REPRESENTATION_CONTEXT(2) 
PARAMETRIC_REPRESENTATION_CONTEXT() REPRESENTATION_CONTEXT('2D SPACE',''
  ) );
#4319 = ADVANCED_FACE('',(#4320),#1159,.T.);
#4320 = FACE_BOUND('',#4321,.T.);
#4321 = EDGE_LOOP('',(#4322,#4352,#4407,#4408));
#4322 = ORIENTED_EDGE('',*,*,#4323,.F.);
#4323 = EDGE_CURVE('',#4324,#4326,#4328,.T.);
#4324 = VERTEX_POINT('',#4325);
#4325 = CARTESIAN_POINT('',(-84.22716700827,109.00001065749,
    108.86501410442));
#4326 = VERTEX_POINT('',#4327);
#4327 = CARTESIAN_POINT('',(-94.43923252731,109.,70.753066737129));
#4328 = SURFACE_CURVE('',#4329,(#4333,#4340),.PCURVE_S1.);
#4329 = LINE('',#4330,#4331);
#4330 = CARTESIAN_POINT('',(-85.26279441628,109.,105.));
#4331 = VECTOR('',#4332,1.);
#4332 = DIRECTION('',(-0.258819045103,-0.,-0.965925826289));
#4333 = PCURVE('',#1159,#4334);
#4334 = DEFINITIONAL_REPRESENTATION('',(#4335),#4339);
#4335 = LINE('',#4336,#4337);
#4336 = CARTESIAN_POINT('',(0.,0.));
#4337 = VECTOR('',#4338,1.);
#4338 = DIRECTION('',(0.,1.));
#4339 = ( GEOMETRIC_REPRESENTATION_CONTEXT(2) 
PARAMETRIC_REPRESENTATION_CONTEXT() REPRESENTATION_CONTEXT('2D SPACE',''
  ) );
#4340 = PCURVE('',#4341,#4346);
#4341 = PLANE('',#4342);
#4342 = AXIS2_PLACEMENT_3D('',#4343,#4344,#4345);
#4343 = CARTESIAN_POINT('',(-69.18584287042,0.,165.));
#4344 = DIRECTION('',(-0.965925826289,0.,0.258819045103));
#4345 = DIRECTION('',(-0.258819045103,0.,-0.965925826289));
#4346 = DEFINITIONAL_REPRESENTATION('',(#4347),#4351);
#4347 = LINE('',#4348,#4349);
#4348 = CARTESIAN_POINT('',(62.116570824605,-109.));
#4349 = VECTOR('',#4350,1.);
#4350 = DIRECTION('',(1.,0.));
#4351 = ( GEOMETRIC_REPRESENTATION_CONTEXT(2) 
PARAMETRIC_REPRESENTATION_CONTEXT() REPRESENTATION_CONTEXT('2D SPACE',''
  ) );
#4352 = ORIENTED_EDGE('',*,*,#4353,.T.);
#4353 = EDGE_CURVE('',#4324,#1144,#4354,.T.);
#4354 = SURFACE_CURVE('',#4355,(#4359,#4367),.PCURVE_S1.);
#4355 = ( BOUNDED_CURVE() B_SPLINE_CURVE(2,(#4356,#4357,#4358),
.UNSPECIFIED.,.F.,.F.) B_SPLINE_CURVE_WITH_KNOTS((3,3),(0.,
91.895474075015),.PIECEWISE_BEZIER_KNOTS.) CURVE() 
GEOMETRIC_REPRESENTATION_ITEM() RATIONAL_B_SPLINE_CURVE((1.,
0.707106781187,1.)) REPRESENTATION_ITEM('') );
#4356 = CARTESIAN_POINT('',(-84.22716700827,109.00001065749,
    108.86501410442));
#4357 = CARTESIAN_POINT('',(-84.22253910447,124.,108.88228567653));
#4358 = CARTESIAN_POINT('',(-69.73365171013,124.,105.));
#4359 = PCURVE('',#1159,#4360);
#4360 = DEFINITIONAL_REPRESENTATION('',(#4361),#4366);
#4361 = B_SPLINE_CURVE_WITH_KNOTS('',3,(#4362,#4363,#4364,#4365),
  .UNSPECIFIED.,.F.,.F.,(4,4),(0.,91.895474075015),
  .PIECEWISE_BEZIER_KNOTS.);
#4362 = CARTESIAN_POINT('',(0.,-4.019237886467));
#4363 = CARTESIAN_POINT('',(0.471404520791,-4.019237886467));
#4364 = CARTESIAN_POINT('',(1.099391806004,-4.019237886467));
#4365 = CARTESIAN_POINT('',(1.570796326795,-4.019237886467));
#4366 = ( GEOMETRIC_REPRESENTATION_CONTEXT(2) 
PARAMETRIC_REPRESENTATION_CONTEXT() REPRESENTATION_CONTEXT('2D SPACE',''
  ) );
#4367 = PCURVE('',#4368,#4402);
#4368 = ( BOUNDED_SURFACE() B_SPLINE_SURFACE(2,10,(
    (#4369,#4370,#4371,#4372,#4373,#4374,#4375,#4376,#4377,#4378,#4379)
    ,(#4380,#4381,#4382,#4383,#4384,#4385,#4386,#4387,#4388,#4389,#4390)
    ,(#4391,#4392,#4393,#4394,#4395,#4396,#4397,#4398,#4399,#4400,#4401
)),.UNSPECIFIED.,.F.,.F.,.F.) B_SPLINE_SURFACE_WITH_KNOTS((3,3),(11,11),
  (0.,91.895474075015),(280.857523628,372.75299770301),
.PIECEWISE_BEZIER_KNOTS.) GEOMETRIC_REPRESENTATION_ITEM() 
RATIONAL_B_SPLINE_SURFACE((
    (1.,1.,1.,1.,1.,1.,1.,1.,1.,1.,1.)
    ,(0.793353340291,0.793353340291,0.791086116162,0.786474324654
      ,0.779538658734,0.770535384159,0.759639347791,0.747526396508
      ,0.734628875021,0.721093394105,0.707106781187)
,(1.,1.,1.,1.,1.,1.,1.,1.,1.,1.,1.
  ))) REPRESENTATION_ITEM('') SURFACE() );
#4369 = CARTESIAN_POINT('',(-72.16482544507,64.,153.88228567653));
#4370 = CARTESIAN_POINT('',(-72.16482544507,71.241657884005,
    153.88228567653));
#4371 = CARTESIAN_POINT('',(-72.51144615807,78.670811011801,
    152.58867956466));
#4372 = CARTESIAN_POINT('',(-73.23380100334,85.949259638151,
    149.89281458103));
#4373 = CARTESIAN_POINT('',(-74.32741268131,92.64204449371,
    145.81140023508));
#4374 = CARTESIAN_POINT('',(-75.72805607611,98.328090954617,
    140.58412792241));
#4375 = CARTESIAN_POINT('',(-77.33206356299,102.75089628059,
    134.59789048563));
#4376 = CARTESIAN_POINT('',(-79.01942355551,105.8990504175,
    128.3005772629));
#4377 = CARTESIAN_POINT('',(-80.73402426674,107.95553312828,
    121.90160029391));
#4378 = CARTESIAN_POINT('',(-82.47037945742,109.00304767811,
    115.42143450228));
#4379 = CARTESIAN_POINT('',(-84.22716700827,109.00001065749,
    108.86501410442));
#4380 = CARTESIAN_POINT('',(-69.18584287042,64.,165.));
#4381 = CARTESIAN_POINT('',(-69.18584287042,73.036245803206,
    164.99999999999));
#4382 = CARTESIAN_POINT('',(-69.59108251374,82.258851344373,
    163.48762506188));
#4383 = CARTESIAN_POINT('',(-70.42942657895,91.325628356225,
    160.35888241627));
#4384 = CARTESIAN_POINT('',(-71.6985555066,99.794380849635,
    155.62242877695));
#4385 = CARTESIAN_POINT('',(-73.34457662666,107.2180342376,
    149.47939432653));
#4386 = CARTESIAN_POINT('',(-75.25958921203,113.296085396,
    142.33247006082));
#4387 = CARTESIAN_POINT('',(-77.3422469249,118.0065547047,134.5598856616
    ));
#4388 = CARTESIAN_POINT('',(-79.54925056295,121.3897879649,
    126.32323595191));
#4389 = CARTESIAN_POINT('',(-81.85339956009,123.41810853786,
    117.72403482637));
#4390 = CARTESIAN_POINT('',(-84.22253910447,124.,108.88228567653));
#4391 = CARTESIAN_POINT('',(-57.67593805073,64.,165.));
#4392 = CARTESIAN_POINT('',(-57.67593805073,73.500719334806,165.));
#4393 = CARTESIAN_POINT('',(-58.01211753812,83.121872964374,
    163.32839409731));
#4394 = CARTESIAN_POINT('',(-58.69966283363,92.491994371061,
    159.91416734438));
#4395 = CARTESIAN_POINT('',(-59.73138594886,101.16840107145,
    154.79412525642));
#4396 = CARTESIAN_POINT('',(-61.06345166035,108.71427135637,
    148.19047819016));
#4397 = CARTESIAN_POINT('',(-62.61077370521,114.81928178676,
    140.4709602664));
#4398 = CARTESIAN_POINT('',(-64.29566280869,119.38153427112,
    132.0663678852));
#4399 = CARTESIAN_POINT('',(-66.06678914135,122.4425559806,
    123.24679243531));
#4400 = CARTESIAN_POINT('',(-67.89064942529,124.,114.17090639264));
#4401 = CARTESIAN_POINT('',(-69.73365171013,124.,105.));
#4402 = DEFINITIONAL_REPRESENTATION('',(#4403),#4406);
#4403 = B_SPLINE_CURVE_WITH_KNOTS('',1,(#4404,#4405),.UNSPECIFIED.,.F.,
  .F.,(2,2),(0.,91.895474075015),.PIECEWISE_BEZIER_KNOTS.);
#4404 = CARTESIAN_POINT('',(0.,372.75299770301));
#4405 = CARTESIAN_POINT('',(91.895474075015,372.75299770301));
#4406 = ( GEOMETRIC_REPRESENTATION_CONTEXT(2) 
PARAMETRIC_REPRESENTATION_CONTEXT() REPRESENTATION_CONTEXT('2D SPACE',''
  ) );
#4407 = ORIENTED_EDGE('',*,*,#1143,.T.);
#4408 = ORIENTED_EDGE('',*,*,#4409,.T.);
#4409 = EDGE_CURVE('',#141,#4326,#4410,.T.);
#4410 = SURFACE_CURVE('',#4411,(#4434,#4475),.PCURVE_S1.);
#4411 = ( BOUNDED_CURVE() B_SPLINE_CURVE(11,(#4412,#4413,#4414,#4415,
    #4416,#4417,#4418,#4419,#4420,#4421,#4422,#4423,#4424,#4425,#4426,
    #4427,#4428,#4429,#4430,#4431,#4432,#4433),.UNSPECIFIED.,.F.,.F.) 
B_SPLINE_CURVE_WITH_KNOTS((12,10,12),(-6.004169343821,0.,23.979333426363
),.UNSPECIFIED.) CURVE() GEOMETRIC_REPRESENTATION_ITEM() 
RATIONAL_B_SPLINE_CURVE((1.,1.,1.,1.000000000001,0.999999999999,
    1.000000000001,0.999999999999,1.000000000001,1.,1.,1.,1.,1.,
    0.999999999999,1.000000000001,0.999999999999,1.000000000001,
0.999999999999,1.000000000001,1.,1.,1.)) REPRESENTATION_ITEM('') );
#4412 = CARTESIAN_POINT('',(-76.96827990577,124.,78.));
#4413 = CARTESIAN_POINT('',(-77.99265066429,124.,77.567390733845));
#4414 = CARTESIAN_POINT('',(-78.89675866091,123.94353288862,
    77.174508972508));
#4415 = CARTESIAN_POINT('',(-79.70764021079,123.85331268382,
    76.807900294559));
#4416 = CARTESIAN_POINT('',(-80.44623819505,123.74035563091,
    76.462810791771));
#4417 = CARTESIAN_POINT('',(-81.12860752781,123.61054680593,
    76.135804745881));
#4418 = CARTESIAN_POINT('',(-81.76085514605,123.46662476509,
    75.836499855418));
#4419 = CARTESIAN_POINT('',(-82.34813698109,123.3128412293,
    75.567637718628));
#4420 = CARTESIAN_POINT('',(-82.90629625207,123.14805796955,
    75.315760486009));
#4421 = CARTESIAN_POINT('',(-83.44313893261,122.97125465354,
    75.077033510905));
#4422 = CARTESIAN_POINT('',(-83.96469078454,122.78123587213,
    74.846239249288));
#4423 = CARTESIAN_POINT('',(-86.49237514267,121.77040061292,
    73.734241989486));
#4424 = CARTESIAN_POINT('',(-88.26875935037,120.76419442726,
    72.973956161671));
#4425 = CARTESIAN_POINT('',(-89.79798551255,119.6119799918,
    72.345211691446));
#4426 = CARTESIAN_POINT('',(-91.08523906159,118.35499241338,
    71.841545583739));
#4427 = CARTESIAN_POINT('',(-92.13493619349,117.02893640371,
    71.455931391976));
#4428 = CARTESIAN_POINT('',(-92.95735058892,115.6702814664,
    71.177667595437));
#4429 = CARTESIAN_POINT('',(-93.57356493504,114.31086873179,
    70.988871509261));
#4430 = CARTESIAN_POINT('',(-94.01188043656,112.96757814825,
    70.866570853317));
#4431 = CARTESIAN_POINT('',(-94.29689809408,111.6398172224,
    70.790799808568));
#4432 = CARTESIAN_POINT('',(-94.43923252731,110.31990125151,
    70.75306673713));
#4433 = CARTESIAN_POINT('',(-94.43923252731,109.,70.753066737129));
#4434 = PCURVE('',#1159,#4435);
#4435 = DEFINITIONAL_REPRESENTATION('',(#4436),#4474);
#4436 = B_SPLINE_CURVE_WITH_KNOTS('',8,(#4437,#4438,#4439,#4440,#4441,
    #4442,#4443,#4444,#4445,#4446,#4447,#4448,#4449,#4450,#4451,#4452,
    #4453,#4454,#4455,#4456,#4457,#4458,#4459,#4460,#4461,#4462,#4463,
    #4464,#4465,#4466,#4467,#4468,#4469,#4470,#4471,#4472,#4473),
  .UNSPECIFIED.,.F.,.F.,(9,7,7,7,7,9),(-6.004169343821,-2.256231497548,
    -0.382262574411,1.491706348725,8.987582041271,23.979333426363),
  .UNSPECIFIED.);
#4437 = CARTESIAN_POINT('',(1.570796326795,23.933218984605));
#4438 = CARTESIAN_POINT('',(1.520585503137,24.519437793978));
#4439 = CARTESIAN_POINT('',(1.475777028023,25.052492786776));
#4440 = CARTESIAN_POINT('',(1.435100068127,25.546460950816));
#4441 = CARTESIAN_POINT('',(1.397614977075,26.009545270157));
#4442 = CARTESIAN_POINT('',(1.362633066424,26.444724565393));
#4443 = CARTESIAN_POINT('',(1.329727009519,26.849910925322));
#4444 = CARTESIAN_POINT('',(1.29844298589,27.228835325633));
#4445 = CARTESIAN_POINT('',(1.253363658106,27.764085506257));
#4446 = CARTESIAN_POINT('',(1.238644757164,27.936984372196));
#4447 = CARTESIAN_POINT('',(1.224184602414,28.104915321044));
#4448 = CARTESIAN_POINT('',(1.209936121348,28.268521517246));
#4449 = CARTESIAN_POINT('',(1.195856463247,28.428459907333));
#4450 = CARTESIAN_POINT('',(1.181909498033,28.585321781469));
#4451 = CARTESIAN_POINT('',(1.16806831511,28.739553334923));
#4452 = CARTESIAN_POINT('',(1.140567129308,29.043199124292));
#4453 = CARTESIAN_POINT('',(1.126907379946,29.192614113686));
#4454 = CARTESIAN_POINT('',(1.113320745141,29.339899902214));
#4455 = CARTESIAN_POINT('',(1.099815452485,29.484881796651));
#4456 = CARTESIAN_POINT('',(1.086389095847,29.627568830258));
#4457 = CARTESIAN_POINT('',(1.07303531886,29.768043171474));
#4458 = CARTESIAN_POINT('',(1.059757330176,29.906227624332));
#4459 = CARTESIAN_POINT('',(0.993729721539,30.585874641079));
#4460 = CARTESIAN_POINT('',(0.94207289966,31.093408944249));
#4461 = CARTESIAN_POINT('',(0.891494467164,31.564925220839));
#4462 = CARTESIAN_POINT('',(0.841930484358,32.000827229526));
#4463 = CARTESIAN_POINT('',(0.793334908796,32.401754480123));
#4464 = CARTESIAN_POINT('',(0.745674556562,32.768579509777));
#4465 = CARTESIAN_POINT('',(0.698924063561,33.102405159071));
#4466 = CARTESIAN_POINT('',(0.561334413298,34.008875226471));
#4467 = CARTESIAN_POINT('',(0.473155820608,34.486532959323));
#4468 = CARTESIAN_POINT('',(0.388340345601,34.848284029334));
#4469 = CARTESIAN_POINT('',(0.306715963882,35.10871280829));
#4470 = CARTESIAN_POINT('',(0.227964905463,35.285953290548));
#4471 = CARTESIAN_POINT('',(0.151286733174,35.398767306002));
#4472 = CARTESIAN_POINT('',(7.564289552356E-02,35.455034259145));
#4473 = CARTESIAN_POINT('',(-2.33464723528E-17,35.455034259144));
#4474 = ( GEOMETRIC_REPRESENTATION_CONTEXT(2) 
PARAMETRIC_REPRESENTATION_CONTEXT() REPRESENTATION_CONTEXT('2D SPACE',''
  ) );
#4475 = PCURVE('',#3947,#4476);
#4476 = DEFINITIONAL_REPRESENTATION('',(#4477),#4481);
#4477 = LINE('',#4478,#4479);
#4478 = CARTESIAN_POINT('',(29.983502770184,0.));
#4479 = VECTOR('',#4480,1.);
#4480 = DIRECTION('',(0.,1.));
#4481 = ( GEOMETRIC_REPRESENTATION_CONTEXT(2) 
PARAMETRIC_REPRESENTATION_CONTEXT() REPRESENTATION_CONTEXT('2D SPACE',''
  ) );
#4482 = ADVANCED_FACE('',(#4483),#1301,.T.);
#4483 = FACE_BOUND('',#4484,.F.);
#4484 = EDGE_LOOP('',(#4485,#4486,#4515,#4535));
#4485 = ORIENTED_EDGE('',*,*,#4272,.F.);
#4486 = ORIENTED_EDGE('',*,*,#4487,.T.);
#4487 = EDGE_CURVE('',#4273,#4488,#4490,.T.);
#4488 = VERTEX_POINT('',#4489);
#4489 = CARTESIAN_POINT('',(25.,118.,45.));
#4490 = SURFACE_CURVE('',#4491,(#4496,#4503),.PCURVE_S1.);
#4491 = CIRCLE('',#4492,8.);
#4492 = AXIS2_PLACEMENT_3D('',#4493,#4494,#4495);
#4493 = CARTESIAN_POINT('',(25.,118.,53.));
#4494 = DIRECTION('',(-0.,1.,0.));
#4495 = DIRECTION('',(1.,0.,0.));
#4496 = PCURVE('',#1301,#4497);
#4497 = DEFINITIONAL_REPRESENTATION('',(#4498),#4502);
#4498 = LINE('',#4499,#4500);
#4499 = CARTESIAN_POINT('',(-0.,3.14159265359));
#4500 = VECTOR('',#4501,1.);
#4501 = DIRECTION('',(-1.,0.));
#4502 = ( GEOMETRIC_REPRESENTATION_CONTEXT(2) 
PARAMETRIC_REPRESENTATION_CONTEXT() REPRESENTATION_CONTEXT('2D SPACE',''
  ) );
#4503 = PCURVE('',#4504,#4509);
#4504 = CYLINDRICAL_SURFACE('',#4505,8.);
#4505 = AXIS2_PLACEMENT_3D('',#4506,#4507,#4508);
#4506 = CARTESIAN_POINT('',(25.,-134.,53.));
#4507 = DIRECTION('',(-0.,1.,0.));
#4508 = DIRECTION('',(1.,0.,-0.));
#4509 = DEFINITIONAL_REPRESENTATION('',(#4510),#4514);
#4510 = LINE('',#4511,#4512);
#4511 = CARTESIAN_POINT('',(0.,252.));
#4512 = VECTOR('',#4513,1.);
#4513 = DIRECTION('',(1.,0.));
#4514 = ( GEOMETRIC_REPRESENTATION_CONTEXT(2) 
PARAMETRIC_REPRESENTATION_CONTEXT() REPRESENTATION_CONTEXT('2D SPACE',''
  ) );
#4515 = ORIENTED_EDGE('',*,*,#4516,.T.);
#4516 = EDGE_CURVE('',#4488,#1257,#4517,.T.);
#4517 = SURFACE_CURVE('',#4518,(#4523,#4529),.PCURVE_S1.);
#4518 = CIRCLE('',#4519,6.);
#4519 = AXIS2_PLACEMENT_3D('',#4520,#4521,#4522);
#4520 = CARTESIAN_POINT('',(25.,118.,39.));
#4521 = DIRECTION('',(-1.,0.,-6.123233995737E-17));
#4522 = DIRECTION('',(6.123233995737E-17,0.,-1.));
#4523 = PCURVE('',#1301,#4524);
#4524 = DEFINITIONAL_REPRESENTATION('',(#4525),#4528);
#4525 = B_SPLINE_CURVE_WITH_KNOTS('',1,(#4526,#4527),.UNSPECIFIED.,.F.,
  .F.,(2,2),(3.14159265359,4.712388980385),.PIECEWISE_BEZIER_KNOTS.);
#4526 = CARTESIAN_POINT('',(-1.570796326795,3.14159265359));
#4527 = CARTESIAN_POINT('',(-1.570796326795,4.712388980385));
#4528 = ( GEOMETRIC_REPRESENTATION_CONTEXT(2) 
PARAMETRIC_REPRESENTATION_CONTEXT() REPRESENTATION_CONTEXT('2D SPACE',''
  ) );
#4529 = PCURVE('',#1272,#4530);
#4530 = DEFINITIONAL_REPRESENTATION('',(#4531),#4534);
#4531 = B_SPLINE_CURVE_WITH_KNOTS('',1,(#4532,#4533),.UNSPECIFIED.,.F.,
  .F.,(2,2),(3.14159265359,4.712388980385),.PIECEWISE_BEZIER_KNOTS.);
#4532 = CARTESIAN_POINT('',(0.,0.));
#4533 = CARTESIAN_POINT('',(1.570796326795,0.));
#4534 = ( GEOMETRIC_REPRESENTATION_CONTEXT(2) 
PARAMETRIC_REPRESENTATION_CONTEXT() REPRESENTATION_CONTEXT('2D SPACE',''
  ) );
#4535 = ORIENTED_EDGE('',*,*,#1284,.F.);
#4536 = ADVANCED_FACE('',(#4537),#1187,.T.);
#4537 = FACE_BOUND('',#4538,.F.);
#4538 = EDGE_LOOP('',(#4539,#4540,#4569,#4597));
#4539 = ORIENTED_EDGE('',*,*,#1171,.F.);
#4540 = ORIENTED_EDGE('',*,*,#4541,.T.);
#4541 = EDGE_CURVE('',#1172,#4542,#4544,.T.);
#4542 = VERTEX_POINT('',#4543);
#4543 = CARTESIAN_POINT('',(-39.,64.,165.));
#4544 = SURFACE_CURVE('',#4545,(#4550,#4557),.PCURVE_S1.);
#4545 = CIRCLE('',#4546,60.);
#4546 = AXIS2_PLACEMENT_3D('',#4547,#4548,#4549);
#4547 = CARTESIAN_POINT('',(-39.,64.,105.));
#4548 = DIRECTION('',(1.,0.,-0.));
#4549 = DIRECTION('',(0.,1.,0.));
#4550 = PCURVE('',#1187,#4551);
#4551 = DEFINITIONAL_REPRESENTATION('',(#4552),#4556);
#4552 = LINE('',#4553,#4554);
#4553 = CARTESIAN_POINT('',(-0.,6.));
#4554 = VECTOR('',#4555,1.);
#4555 = DIRECTION('',(-1.,0.));
#4556 = ( GEOMETRIC_REPRESENTATION_CONTEXT(2) 
PARAMETRIC_REPRESENTATION_CONTEXT() REPRESENTATION_CONTEXT('2D SPACE',''
  ) );
#4557 = PCURVE('',#4558,#4563);
#4558 = TOROIDAL_SURFACE('',#4559,54.,6.);
#4559 = AXIS2_PLACEMENT_3D('',#4560,#4561,#4562);
#4560 = CARTESIAN_POINT('',(-39.,64.,105.));
#4561 = DIRECTION('',(-1.,-0.,0.));
#4562 = DIRECTION('',(0.,1.,0.));
#4563 = DEFINITIONAL_REPRESENTATION('',(#4564),#4568);
#4564 = LINE('',#4565,#4566);
#4565 = CARTESIAN_POINT('',(-0.,6.28318530718));
#4566 = VECTOR('',#4567,1.);
#4567 = DIRECTION('',(-1.,0.));
#4568 = ( GEOMETRIC_REPRESENTATION_CONTEXT(2) 
PARAMETRIC_REPRESENTATION_CONTEXT() REPRESENTATION_CONTEXT('2D SPACE',''
  ) );
#4569 = ORIENTED_EDGE('',*,*,#4570,.T.);
#4570 = EDGE_CURVE('',#4542,#4571,#4573,.T.);
#4571 = VERTEX_POINT('',#4572);
#4572 = CARTESIAN_POINT('',(-57.67593805073,64.,165.));
#4573 = SURFACE_CURVE('',#4574,(#4578,#4585),.PCURVE_S1.);
#4574 = LINE('',#4575,#4576);
#4575 = CARTESIAN_POINT('',(-33.,64.,165.));
#4576 = VECTOR('',#4577,1.);
#4577 = DIRECTION('',(-1.,0.,0.));
#4578 = PCURVE('',#1187,#4579);
#4579 = DEFINITIONAL_REPRESENTATION('',(#4580),#4584);
#4580 = LINE('',#4581,#4582);
#4581 = CARTESIAN_POINT('',(-1.570796326795,0.));
#4582 = VECTOR('',#4583,1.);
#4583 = DIRECTION('',(-0.,1.));
#4584 = ( GEOMETRIC_REPRESENTATION_CONTEXT(2) 
PARAMETRIC_REPRESENTATION_CONTEXT() REPRESENTATION_CONTEXT('2D SPACE',''
  ) );
#4585 = PCURVE('',#4586,#4591);
#4586 = PLANE('',#4587);
#4587 = AXIS2_PLACEMENT_3D('',#4588,#4589,#4590);
#4588 = CARTESIAN_POINT('',(69.185842870421,0.,165.));
#4589 = DIRECTION('',(0.,0.,1.));
#4590 = DIRECTION('',(-1.,0.,0.));
#4591 = DEFINITIONAL_REPRESENTATION('',(#4592),#4596);
#4592 = LINE('',#4593,#4594);
#4593 = CARTESIAN_POINT('',(102.18584287042,-64.));
#4594 = VECTOR('',#4595,1.);
#4595 = DIRECTION('',(1.,0.));
#4596 = ( GEOMETRIC_REPRESENTATION_CONTEXT(2) 
PARAMETRIC_REPRESENTATION_CONTEXT() REPRESENTATION_CONTEXT('2D SPACE',''
  ) );
#4597 = ORIENTED_EDGE('',*,*,#4598,.T.);
#4598 = EDGE_CURVE('',#4571,#1144,#4599,.T.);
#4599 = SURFACE_CURVE('',#4600,(#4612,#4627),.PCURVE_S1.);
#4600 = ( BOUNDED_CURVE() B_SPLINE_CURVE(10,(#4601,#4602,#4603,#4604,
    #4605,#4606,#4607,#4608,#4609,#4610,#4611),.UNSPECIFIED.,.F.,.F.) 
B_SPLINE_CURVE_WITH_KNOTS((11,11),(280.857523628,372.75299770301),
.PIECEWISE_BEZIER_KNOTS.) CURVE() GEOMETRIC_REPRESENTATION_ITEM() 
RATIONAL_B_SPLINE_CURVE((1.,1.,1.,1.,1.,1.,1.,1.,1.,1.,1.)) 
REPRESENTATION_ITEM('') );
#4601 = CARTESIAN_POINT('',(-57.67593805073,64.,165.));
#4602 = CARTESIAN_POINT('',(-57.67593805073,73.500719334806,165.));
#4603 = CARTESIAN_POINT('',(-58.01211753812,83.121872964374,
    163.32839409731));
#4604 = CARTESIAN_POINT('',(-58.69966283363,92.491994371061,
    159.91416734438));
#4605 = CARTESIAN_POINT('',(-59.73138594886,101.16840107145,
    154.79412525642));
#4606 = CARTESIAN_POINT('',(-61.06345166035,108.71427135637,
    148.19047819016));
#4607 = CARTESIAN_POINT('',(-62.61077370521,114.81928178676,
    140.4709602664));
#4608 = CARTESIAN_POINT('',(-64.29566280869,119.38153427112,
    132.0663678852));
#4609 = CARTESIAN_POINT('',(-66.06678914135,122.4425559806,
    123.24679243531));
#4610 = CARTESIAN_POINT('',(-67.89064942529,124.,114.17090639264));
#4611 = CARTESIAN_POINT('',(-69.73365171013,124.,105.));
#4612 = PCURVE('',#1187,#4613);
#4613 = DEFINITIONAL_REPRESENTATION('',(#4614),#4626);
#4614 = B_SPLINE_CURVE_WITH_KNOTS('',10,(#4615,#4616,#4617,#4618,#4619,
    #4620,#4621,#4622,#4623,#4624,#4625),.UNSPECIFIED.,.F.,.F.,(11,11),(
    280.857523628,372.75299770301),.PIECEWISE_BEZIER_KNOTS.);
#4615 = CARTESIAN_POINT('',(-1.570796326795,24.675938050736));
#4616 = CARTESIAN_POINT('',(-1.412451004548,24.675938050738));
#4617 = CARTESIAN_POINT('',(-1.252097694419,25.012116956157));
#4618 = CARTESIAN_POINT('',(-1.090420108705,25.699666456246));
#4619 = CARTESIAN_POINT('',(-0.928713134032,26.731376163062));
#4620 = CARTESIAN_POINT('',(-0.768454253126,28.063466458548));
#4621 = CARTESIAN_POINT('',(-0.610625239251,29.61076036018));
#4622 = CARTESIAN_POINT('',(-0.456065789504,31.295669736534));
#4623 = CARTESIAN_POINT('',(-0.304113217818,33.066787467017));
#4624 = CARTESIAN_POINT('',(-0.152848439877,34.890649425295));
#4625 = CARTESIAN_POINT('',(5.36137091096E-16,36.733651710137));
#4626 = ( GEOMETRIC_REPRESENTATION_CONTEXT(2) 
PARAMETRIC_REPRESENTATION_CONTEXT() REPRESENTATION_CONTEXT('2D SPACE',''
  ) );
#4627 = PCURVE('',#4368,#4628);
#4628 = DEFINITIONAL_REPRESENTATION('',(#4629),#4633);
#4629 = LINE('',#4630,#4631);
#4630 = CARTESIAN_POINT('',(91.895474075015,0.));
#4631 = VECTOR('',#4632,1.);
#4632 = DIRECTION('',(0.,1.));
#4633 = ( GEOMETRIC_REPRESENTATION_CONTEXT(2) 
PARAMETRIC_REPRESENTATION_CONTEXT() REPRESENTATION_CONTEXT('2D SPACE',''
  ) );
#4634 = ADVANCED_FACE('',(#4635),#1272,.T.);
#4635 = FACE_BOUND('',#4636,.T.);
#4636 = EDGE_LOOP('',(#4637,#4638,#4639,#4661));
#4637 = ORIENTED_EDGE('',*,*,#4516,.T.);
#4638 = ORIENTED_EDGE('',*,*,#1256,.T.);
#4639 = ORIENTED_EDGE('',*,*,#4640,.F.);
#4640 = EDGE_CURVE('',#4641,#1228,#4643,.T.);
#4641 = VERTEX_POINT('',#4642);
#4642 = CARTESIAN_POINT('',(-25.,118.,45.));
#4643 = SURFACE_CURVE('',#4644,(#4649,#4655),.PCURVE_S1.);
#4644 = CIRCLE('',#4645,6.);
#4645 = AXIS2_PLACEMENT_3D('',#4646,#4647,#4648);
#4646 = CARTESIAN_POINT('',(-25.,118.,39.));
#4647 = DIRECTION('',(-1.,-0.,0.));
#4648 = DIRECTION('',(0.,0.,1.));
#4649 = PCURVE('',#1272,#4650);
#4650 = DEFINITIONAL_REPRESENTATION('',(#4651),#4654);
#4651 = B_SPLINE_CURVE_WITH_KNOTS('',1,(#4652,#4653),.UNSPECIFIED.,.F.,
  .F.,(2,2),(0.,1.570796326795),.PIECEWISE_BEZIER_KNOTS.);
#4652 = CARTESIAN_POINT('',(0.,50.));
#4653 = CARTESIAN_POINT('',(1.570796326795,50.));
#4654 = ( GEOMETRIC_REPRESENTATION_CONTEXT(2) 
PARAMETRIC_REPRESENTATION_CONTEXT() REPRESENTATION_CONTEXT('2D SPACE',''
  ) );
#4655 = PCURVE('',#1244,#4656);
#4656 = DEFINITIONAL_REPRESENTATION('',(#4657),#4660);
#4657 = B_SPLINE_CURVE_WITH_KNOTS('',1,(#4658,#4659),.UNSPECIFIED.,.F.,
  .F.,(2,2),(0.,1.570796326795),.PIECEWISE_BEZIER_KNOTS.);
#4658 = CARTESIAN_POINT('',(0.,3.14159265359));
#4659 = CARTESIAN_POINT('',(0.,4.712388980385));
#4660 = ( GEOMETRIC_REPRESENTATION_CONTEXT(2) 
PARAMETRIC_REPRESENTATION_CONTEXT() REPRESENTATION_CONTEXT('2D SPACE',''
  ) );
#4661 = ORIENTED_EDGE('',*,*,#4662,.F.);
#4662 = EDGE_CURVE('',#4488,#4641,#4663,.T.);
#4663 = SURFACE_CURVE('',#4664,(#4668,#4675),.PCURVE_S1.);
#4664 = LINE('',#4665,#4666);
#4665 = CARTESIAN_POINT('',(25.,118.,45.));
#4666 = VECTOR('',#4667,1.);
#4667 = DIRECTION('',(-1.,-0.,0.));
#4668 = PCURVE('',#1272,#4669);
#4669 = DEFINITIONAL_REPRESENTATION('',(#4670),#4674);
#4670 = LINE('',#4671,#4672);
#4671 = CARTESIAN_POINT('',(0.,0.));
#4672 = VECTOR('',#4673,1.);
#4673 = DIRECTION('',(0.,1.));
#4674 = ( GEOMETRIC_REPRESENTATION_CONTEXT(2) 
PARAMETRIC_REPRESENTATION_CONTEXT() REPRESENTATION_CONTEXT('2D SPACE',''
  ) );
#4675 = PCURVE('',#4676,#4681);
#4676 = PLANE('',#4677);
#4677 = AXIS2_PLACEMENT_3D('',#4678,#4679,#4680);
#4678 = CARTESIAN_POINT('',(-33.,-134.,45.));
#4679 = DIRECTION('',(0.,0.,1.));
#4680 = DIRECTION('',(1.,0.,-0.));
#4681 = DEFINITIONAL_REPRESENTATION('',(#4682),#4686);
#4682 = LINE('',#4683,#4684);
#4683 = CARTESIAN_POINT('',(58.,252.));
#4684 = VECTOR('',#4685,1.);
#4685 = DIRECTION('',(-1.,0.));
#4686 = ( GEOMETRIC_REPRESENTATION_CONTEXT(2) 
PARAMETRIC_REPRESENTATION_CONTEXT() REPRESENTATION_CONTEXT('2D SPACE',''
  ) );
#4687 = ADVANCED_FACE('',(#4688),#1215,.T.);
#4688 = FACE_BOUND('',#4689,.T.);
#4689 = EDGE_LOOP('',(#4690,#4712,#4713,#4735));
#4690 = ORIENTED_EDGE('',*,*,#4691,.T.);
#4691 = EDGE_CURVE('',#4692,#1200,#4694,.T.);
#4692 = VERTEX_POINT('',#4693);
#4693 = CARTESIAN_POINT('',(-33.,118.,53.));
#4694 = SURFACE_CURVE('',#4695,(#4700,#4706),.PCURVE_S1.);
#4695 = CIRCLE('',#4696,6.);
#4696 = AXIS2_PLACEMENT_3D('',#4697,#4698,#4699);
#4697 = CARTESIAN_POINT('',(-39.,118.,53.));
#4698 = DIRECTION('',(-6.123233995737E-17,-0.,1.));
#4699 = DIRECTION('',(-1.,0.,-6.123233995737E-17));
#4700 = PCURVE('',#1215,#4701);
#4701 = DEFINITIONAL_REPRESENTATION('',(#4702),#4705);
#4702 = B_SPLINE_CURVE_WITH_KNOTS('',1,(#4703,#4704),.UNSPECIFIED.,.F.,
  .F.,(2,2),(3.14159265359,4.712388980385),.PIECEWISE_BEZIER_KNOTS.);
#4703 = CARTESIAN_POINT('',(0.,-1.7763568394E-15));
#4704 = CARTESIAN_POINT('',(1.570796326795,-1.7763568394E-15));
#4705 = ( GEOMETRIC_REPRESENTATION_CONTEXT(2) 
PARAMETRIC_REPRESENTATION_CONTEXT() REPRESENTATION_CONTEXT('2D SPACE',''
  ) );
#4706 = PCURVE('',#1244,#4707);
#4707 = DEFINITIONAL_REPRESENTATION('',(#4708),#4711);
#4708 = B_SPLINE_CURVE_WITH_KNOTS('',1,(#4709,#4710),.UNSPECIFIED.,.F.,
  .F.,(2,2),(3.14159265359,4.712388980385),.PIECEWISE_BEZIER_KNOTS.);
#4709 = CARTESIAN_POINT('',(-1.570796326795,3.14159265359));
#4710 = CARTESIAN_POINT('',(-1.570796326795,4.712388980385));
#4711 = ( GEOMETRIC_REPRESENTATION_CONTEXT(2) 
PARAMETRIC_REPRESENTATION_CONTEXT() REPRESENTATION_CONTEXT('2D SPACE',''
  ) );
#4712 = ORIENTED_EDGE('',*,*,#1199,.T.);
#4713 = ORIENTED_EDGE('',*,*,#4714,.F.);
#4714 = EDGE_CURVE('',#4715,#1172,#4717,.T.);
#4715 = VERTEX_POINT('',#4716);
#4716 = CARTESIAN_POINT('',(-33.,118.,105.));
#4717 = SURFACE_CURVE('',#4718,(#4723,#4729),.PCURVE_S1.);
#4718 = CIRCLE('',#4719,6.);
#4719 = AXIS2_PLACEMENT_3D('',#4720,#4721,#4722);
#4720 = CARTESIAN_POINT('',(-39.,118.,105.));
#4721 = DIRECTION('',(0.,-0.,1.));
#4722 = DIRECTION('',(1.,0.,0.));
#4723 = PCURVE('',#1215,#4724);
#4724 = DEFINITIONAL_REPRESENTATION('',(#4725),#4728);
#4725 = B_SPLINE_CURVE_WITH_KNOTS('',1,(#4726,#4727),.UNSPECIFIED.,.F.,
  .F.,(2,2),(0.,1.570796326795),.PIECEWISE_BEZIER_KNOTS.);
#4726 = CARTESIAN_POINT('',(0.,52.));
#4727 = CARTESIAN_POINT('',(1.570796326795,52.));
#4728 = ( GEOMETRIC_REPRESENTATION_CONTEXT(2) 
PARAMETRIC_REPRESENTATION_CONTEXT() REPRESENTATION_CONTEXT('2D SPACE',''
  ) );
#4729 = PCURVE('',#4558,#4730);
#4730 = DEFINITIONAL_REPRESENTATION('',(#4731),#4734);
#4731 = B_SPLINE_CURVE_WITH_KNOTS('',1,(#4732,#4733),.UNSPECIFIED.,.F.,
  .F.,(2,2),(0.,1.570796326795),.PIECEWISE_BEZIER_KNOTS.);
#4732 = CARTESIAN_POINT('',(0.,4.712388980385));
#4733 = CARTESIAN_POINT('',(0.,6.28318530718));
#4734 = ( GEOMETRIC_REPRESENTATION_CONTEXT(2) 
PARAMETRIC_REPRESENTATION_CONTEXT() REPRESENTATION_CONTEXT('2D SPACE',''
  ) );
#4735 = ORIENTED_EDGE('',*,*,#4736,.F.);
#4736 = EDGE_CURVE('',#4692,#4715,#4737,.T.);
#4737 = SURFACE_CURVE('',#4738,(#4742,#4749),.PCURVE_S1.);
#4738 = LINE('',#4739,#4740);
#4739 = CARTESIAN_POINT('',(-33.,118.,53.));
#4740 = VECTOR('',#4741,1.);
#4741 = DIRECTION('',(0.,-0.,1.));
#4742 = PCURVE('',#1215,#4743);
#4743 = DEFINITIONAL_REPRESENTATION('',(#4744),#4748);
#4744 = LINE('',#4745,#4746);
#4745 = CARTESIAN_POINT('',(0.,0.));
#4746 = VECTOR('',#4747,1.);
#4747 = DIRECTION('',(0.,1.));
#4748 = ( GEOMETRIC_REPRESENTATION_CONTEXT(2) 
PARAMETRIC_REPRESENTATION_CONTEXT() REPRESENTATION_CONTEXT('2D SPACE',''
  ) );
#4749 = PCURVE('',#4750,#4755);
#4750 = PLANE('',#4751);
#4751 = AXIS2_PLACEMENT_3D('',#4752,#4753,#4754);
#4752 = CARTESIAN_POINT('',(-33.,-134.,45.));
#4753 = DIRECTION('',(1.,0.,-0.));
#4754 = DIRECTION('',(0.,0.,1.));
#4755 = DEFINITIONAL_REPRESENTATION('',(#4756),#4760);
#4756 = LINE('',#4757,#4758);
#4757 = CARTESIAN_POINT('',(8.,-252.));
#4758 = VECTOR('',#4759,1.);
#4759 = DIRECTION('',(1.,0.));
#4760 = ( GEOMETRIC_REPRESENTATION_CONTEXT(2) 
PARAMETRIC_REPRESENTATION_CONTEXT() REPRESENTATION_CONTEXT('2D SPACE',''
  ) );
#4761 = ADVANCED_FACE('',(#4762),#1244,.T.);
#4762 = FACE_BOUND('',#4763,.F.);
#4763 = EDGE_LOOP('',(#4764,#4765,#4792,#4793));
#4764 = ORIENTED_EDGE('',*,*,#4640,.F.);
#4765 = ORIENTED_EDGE('',*,*,#4766,.T.);
#4766 = EDGE_CURVE('',#4641,#4692,#4767,.T.);
#4767 = SURFACE_CURVE('',#4768,(#4773,#4780),.PCURVE_S1.);
#4768 = CIRCLE('',#4769,8.);
#4769 = AXIS2_PLACEMENT_3D('',#4770,#4771,#4772);
#4770 = CARTESIAN_POINT('',(-25.,118.,53.));
#4771 = DIRECTION('',(0.,1.,0.));
#4772 = DIRECTION('',(0.,0.,-1.));
#4773 = PCURVE('',#1244,#4774);
#4774 = DEFINITIONAL_REPRESENTATION('',(#4775),#4779);
#4775 = LINE('',#4776,#4777);
#4776 = CARTESIAN_POINT('',(-0.,3.14159265359));
#4777 = VECTOR('',#4778,1.);
#4778 = DIRECTION('',(-1.,0.));
#4779 = ( GEOMETRIC_REPRESENTATION_CONTEXT(2) 
PARAMETRIC_REPRESENTATION_CONTEXT() REPRESENTATION_CONTEXT('2D SPACE',''
  ) );
#4780 = PCURVE('',#4781,#4786);
#4781 = CYLINDRICAL_SURFACE('',#4782,8.);
#4782 = AXIS2_PLACEMENT_3D('',#4783,#4784,#4785);
#4783 = CARTESIAN_POINT('',(-25.,-134.,53.));
#4784 = DIRECTION('',(-0.,1.,0.));
#4785 = DIRECTION('',(-1.,-0.,0.));
#4786 = DEFINITIONAL_REPRESENTATION('',(#4787),#4791);
#4787 = LINE('',#4788,#4789);
#4788 = CARTESIAN_POINT('',(-1.570796326795,252.));
#4789 = VECTOR('',#4790,1.);
#4790 = DIRECTION('',(1.,-0.));
#4791 = ( GEOMETRIC_REPRESENTATION_CONTEXT(2) 
PARAMETRIC_REPRESENTATION_CONTEXT() REPRESENTATION_CONTEXT('2D SPACE',''
  ) );
#4792 = ORIENTED_EDGE('',*,*,#4691,.T.);
#4793 = ORIENTED_EDGE('',*,*,#1227,.F.);
#4794 = ADVANCED_FACE('',(#4795),#2447,.T.);
#4795 = FACE_BOUND('',#4796,.T.);
#4796 = EDGE_LOOP('',(#4797,#4820,#4821,#4822));
#4797 = ORIENTED_EDGE('',*,*,#4798,.F.);
#4798 = EDGE_CURVE('',#2683,#4799,#4801,.T.);
#4799 = VERTEX_POINT('',#4800);
#4800 = CARTESIAN_POINT('',(207.5,-69.,42.));
#4801 = SURFACE_CURVE('',#4802,(#4806,#4813),.PCURVE_S1.);
#4802 = LINE('',#4803,#4804);
#4803 = CARTESIAN_POINT('',(207.5,-69.,0.));
#4804 = VECTOR('',#4805,1.);
#4805 = DIRECTION('',(0.,0.,1.));
#4806 = PCURVE('',#2447,#4807);
#4807 = DEFINITIONAL_REPRESENTATION('',(#4808),#4812);
#4808 = LINE('',#4809,#4810);
#4809 = CARTESIAN_POINT('',(0.,-55.));
#4810 = VECTOR('',#4811,1.);
#4811 = DIRECTION('',(1.,0.));
#4812 = ( GEOMETRIC_REPRESENTATION_CONTEXT(2) 
PARAMETRIC_REPRESENTATION_CONTEXT() REPRESENTATION_CONTEXT('2D SPACE',''
  ) );
#4813 = PCURVE('',#2703,#4814);
#4814 = DEFINITIONAL_REPRESENTATION('',(#4815),#4819);
#4815 = LINE('',#4816,#4817);
#4816 = CARTESIAN_POINT('',(-0.,0.));
#4817 = VECTOR('',#4818,1.);
#4818 = DIRECTION('',(-0.,1.));
#4819 = ( GEOMETRIC_REPRESENTATION_CONTEXT(2) 
PARAMETRIC_REPRESENTATION_CONTEXT() REPRESENTATION_CONTEXT('2D SPACE',''
  ) );
#4820 = ORIENTED_EDGE('',*,*,#2715,.T.);
#4821 = ORIENTED_EDGE('',*,*,#2429,.T.);
#4822 = ORIENTED_EDGE('',*,*,#4823,.T.);
#4823 = EDGE_CURVE('',#2432,#4799,#4824,.T.);
#4824 = SURFACE_CURVE('',#4825,(#4829,#4836),.PCURVE_S1.);
#4825 = LINE('',#4826,#4827);
#4826 = CARTESIAN_POINT('',(207.5,69.,42.));
#4827 = VECTOR('',#4828,1.);
#4828 = DIRECTION('',(0.,-1.,-0.));
#4829 = PCURVE('',#2447,#4830);
#4830 = DEFINITIONAL_REPRESENTATION('',(#4831),#4835);
#4831 = LINE('',#4832,#4833);
#4832 = CARTESIAN_POINT('',(42.,-193.));
#4833 = VECTOR('',#4834,1.);
#4834 = DIRECTION('',(0.,1.));
#4835 = ( GEOMETRIC_REPRESENTATION_CONTEXT(2) 
PARAMETRIC_REPRESENTATION_CONTEXT() REPRESENTATION_CONTEXT('2D SPACE',''
  ) );
#4836 = PCURVE('',#4837,#4842);
#4837 = CYLINDRICAL_SURFACE('',#4838,8.);
#4838 = AXIS2_PLACEMENT_3D('',#4839,#4840,#4841);
#4839 = CARTESIAN_POINT('',(199.5,69.,42.));
#4840 = DIRECTION('',(0.,-1.,-0.));
#4841 = DIRECTION('',(1.,0.,0.));
#4842 = DEFINITIONAL_REPRESENTATION('',(#4843),#4847);
#4843 = LINE('',#4844,#4845);
#4844 = CARTESIAN_POINT('',(0.,0.));
#4845 = VECTOR('',#4846,1.);
#4846 = DIRECTION('',(0.,1.));
#4847 = ( GEOMETRIC_REPRESENTATION_CONTEXT(2) 
PARAMETRIC_REPRESENTATION_CONTEXT() REPRESENTATION_CONTEXT('2D SPACE',''
  ) );
#4848 = ADVANCED_FACE('',(#4849),#2497,.T.);
#4849 = FACE_BOUND('',#4850,.F.);
#4850 = EDGE_LOOP('',(#4851,#4852,#4853,#4875));
#4851 = ORIENTED_EDGE('',*,*,#2571,.F.);
#4852 = ORIENTED_EDGE('',*,*,#2482,.T.);
#4853 = ORIENTED_EDGE('',*,*,#4854,.T.);
#4854 = EDGE_CURVE('',#2432,#4855,#4857,.T.);
#4855 = VERTEX_POINT('',#4856);
#4856 = CARTESIAN_POINT('',(199.5,69.,50.));
#4857 = SURFACE_CURVE('',#4858,(#4863,#4869),.PCURVE_S1.);
#4858 = CIRCLE('',#4859,8.);
#4859 = AXIS2_PLACEMENT_3D('',#4860,#4861,#4862);
#4860 = CARTESIAN_POINT('',(199.5,69.,42.));
#4861 = DIRECTION('',(6.123233995737E-17,-1.,0.));
#4862 = DIRECTION('',(1.,6.123233995737E-17,0.));
#4863 = PCURVE('',#2497,#4864);
#4864 = DEFINITIONAL_REPRESENTATION('',(#4865),#4868);
#4865 = B_SPLINE_CURVE_WITH_KNOTS('',1,(#4866,#4867),.UNSPECIFIED.,.F.,
  .F.,(2,2),(0.,1.570796326795),.PIECEWISE_BEZIER_KNOTS.);
#4866 = CARTESIAN_POINT('',(-1.570796326795,0.));
#4867 = CARTESIAN_POINT('',(-1.570796326795,1.570796326795));
#4868 = ( GEOMETRIC_REPRESENTATION_CONTEXT(2) 
PARAMETRIC_REPRESENTATION_CONTEXT() REPRESENTATION_CONTEXT('2D SPACE',''
  ) );
#4869 = PCURVE('',#4837,#4870);
#4870 = DEFINITIONAL_REPRESENTATION('',(#4871),#4874);
#4871 = B_SPLINE_CURVE_WITH_KNOTS('',1,(#4872,#4873),.UNSPECIFIED.,.F.,
  .F.,(2,2),(0.,1.570796326795),.PIECEWISE_BEZIER_KNOTS.);
#4872 = CARTESIAN_POINT('',(0.,0.));
#4873 = CARTESIAN_POINT('',(1.570796326795,0.));
#4874 = ( GEOMETRIC_REPRESENTATION_CONTEXT(2) 
PARAMETRIC_REPRESENTATION_CONTEXT() REPRESENTATION_CONTEXT('2D SPACE',''
  ) );
#4875 = ORIENTED_EDGE('',*,*,#4876,.F.);
#4876 = EDGE_CURVE('',#2544,#4855,#4877,.T.);
#4877 = SURFACE_CURVE('',#4878,(#4883,#4890),.PCURVE_S1.);
#4878 = CIRCLE('',#4879,47.);
#4879 = AXIS2_PLACEMENT_3D('',#4880,#4881,#4882);
#4880 = CARTESIAN_POINT('',(152.5,69.,50.));
#4881 = DIRECTION('',(0.,-0.,-1.));
#4882 = DIRECTION('',(0.,1.,-0.));
#4883 = PCURVE('',#2497,#4884);
#4884 = DEFINITIONAL_REPRESENTATION('',(#4885),#4889);
#4885 = LINE('',#4886,#4887);
#4886 = CARTESIAN_POINT('',(-0.,1.570796326795));
#4887 = VECTOR('',#4888,1.);
#4888 = DIRECTION('',(-1.,0.));
#4889 = ( GEOMETRIC_REPRESENTATION_CONTEXT(2) 
PARAMETRIC_REPRESENTATION_CONTEXT() REPRESENTATION_CONTEXT('2D SPACE',''
  ) );
#4890 = PCURVE('',#2559,#4891);
#4891 = DEFINITIONAL_REPRESENTATION('',(#4892),#4900);
#4892 = ( BOUNDED_CURVE() B_SPLINE_CURVE(2,(#4893,#4894,#4895,#4896,
#4897,#4898,#4899),.UNSPECIFIED.,.T.,.F.) B_SPLINE_CURVE_WITH_KNOTS((1,2
    ,2,2,2,1),(-2.094395102393,0.,2.094395102393,4.188790204786,
6.28318530718,8.377580409573),.UNSPECIFIED.) CURVE() 
GEOMETRIC_REPRESENTATION_ITEM() RATIONAL_B_SPLINE_CURVE((1.,0.5,1.,0.5,
1.,0.5,1.)) REPRESENTATION_ITEM('') );
#4893 = CARTESIAN_POINT('',(360.,240.));
#4894 = CARTESIAN_POINT('',(441.40638795573,240.));
#4895 = CARTESIAN_POINT('',(400.70319397786,169.5));
#4896 = CARTESIAN_POINT('',(360.,99.));
#4897 = CARTESIAN_POINT('',(319.29680602213,169.5));
#4898 = CARTESIAN_POINT('',(278.59361204426,240.));
#4899 = CARTESIAN_POINT('',(360.,240.));
#4900 = ( GEOMETRIC_REPRESENTATION_CONTEXT(2) 
PARAMETRIC_REPRESENTATION_CONTEXT() REPRESENTATION_CONTEXT('2D SPACE',''
  ) );
#4901 = ADVANCED_FACE('',(#4902),#2559,.T.);
#4902 = FACE_BOUND('',#4903,.T.);
#4903 = EDGE_LOOP('',(#4904,#5034,#5062,#5095,#5116,#5117,#5118,#5179));
#4904 = ORIENTED_EDGE('',*,*,#4905,.F.);
#4905 = EDGE_CURVE('',#4906,#4908,#4910,.T.);
#4906 = VERTEX_POINT('',#4907);
#4907 = CARTESIAN_POINT('',(120.86464933237,-116.,50.));
#4908 = VERTEX_POINT('',#4909);
#4909 = CARTESIAN_POINT('',(121.48515566341,-109.,50.));
#4910 = SURFACE_CURVE('',#4911,(#4934,#4960),.PCURVE_S1.);
#4911 = ( BOUNDED_CURVE() B_SPLINE_CURVE(11,(#4912,#4913,#4914,#4915,
    #4916,#4917,#4918,#4919,#4920,#4921,#4922,#4923,#4924,#4925,#4926,
    #4927,#4928,#4929,#4930,#4931,#4932,#4933),.UNSPECIFIED.,.F.,.F.) 
B_SPLINE_CURVE_WITH_KNOTS((12,10,12),(-6.004169343821,0.,23.979333426369
),.UNSPECIFIED.) CURVE() GEOMETRIC_REPRESENTATION_ITEM() 
RATIONAL_B_SPLINE_CURVE((1.,1.,1.,1.000000000001,0.999999999999,
    1.000000000001,0.999999999999,1.000000000001,1.,1.,1.,1.,1.,1.,1.,1.
,1.,1.,1.,1.,1.,1.)) REPRESENTATION_ITEM('') );
#4912 = CARTESIAN_POINT('',(71.392483657034,-151.4392145695,50.));
#4913 = CARTESIAN_POINT('',(72.19459430201,-151.3940501168,50.));
#4914 = CARTESIAN_POINT('',(72.96893436571,-151.3016845903,50.));
#4915 = CARTESIAN_POINT('',(73.784489261857,-151.198076596,50.));
#4916 = CARTESIAN_POINT('',(74.713782833573,-151.1109637312,50.));
#4917 = CARTESIAN_POINT('',(75.804642242671,-151.0479900489,50.));
#4918 = CARTESIAN_POINT('',(77.103019227072,-151.0316900408,50.));
#4919 = CARTESIAN_POINT('',(78.535139966701,-150.9907659081,50.));
#4920 = CARTESIAN_POINT('',(80.022361277292,-150.9121352,50.));
#4921 = CARTESIAN_POINT('',(81.521186130555,-150.783551865,50.));
#4922 = CARTESIAN_POINT('',(83.004711043996,-150.6039623666,50.));
#4923 = CARTESIAN_POINT('',(90.326323348147,-149.4580489482,50.));
#4924 = CARTESIAN_POINT('',(95.903755919394,-147.7459429758,50.));
#4925 = CARTESIAN_POINT('',(101.10981883334,-145.3139807479,
    50.000000000001));
#4926 = CARTESIAN_POINT('',(105.86929736113,-142.2330182266,
    49.999999999999));
#4927 = CARTESIAN_POINT('',(110.11586136098,-138.573168669,
    50.000000000001));
#4928 = CARTESIAN_POINT('',(113.78608955137,-134.4023839503,
    49.999999999999));
#4929 = CARTESIAN_POINT('',(116.81497221623,-129.7934452901,50.));
#4930 = CARTESIAN_POINT('',(119.13789363491,-124.8351340993,50.));
#4931 = CARTESIAN_POINT('',(120.70262721264,-119.6365574733,50.));
#4932 = CARTESIAN_POINT('',(121.48515566341,-114.3182735974,50.));
#4933 = CARTESIAN_POINT('',(121.48515566341,-109.,50.));
#4934 = PCURVE('',#2559,#4935);
#4935 = DEFINITIONAL_REPRESENTATION('',(#4936),#4959);
#4936 = B_SPLINE_CURVE_WITH_KNOTS('',11,(#4937,#4938,#4939,#4940,#4941,
    #4942,#4943,#4944,#4945,#4946,#4947,#4948,#4949,#4950,#4951,#4952,
    #4953,#4954,#4955,#4956,#4957,#4958),.UNSPECIFIED.,.F.,.F.,(12,10,12
    ),(-6.004169343821,0.,23.979333426369),.UNSPECIFIED.);
#4937 = CARTESIAN_POINT('',(278.89248365703,-27.43921456952));
#4938 = CARTESIAN_POINT('',(279.69459430203,-27.39405011687));
#4939 = CARTESIAN_POINT('',(280.46893436561,-27.30168459034));
#4940 = CARTESIAN_POINT('',(281.28448926208,-27.19807659603));
#4941 = CARTESIAN_POINT('',(282.2137828332,-27.11096373119));
#4942 = CARTESIAN_POINT('',(283.30464224311,-27.04799004893));
#4943 = CARTESIAN_POINT('',(284.60301922667,-27.03169004088));
#4944 = CARTESIAN_POINT('',(286.03513996697,-26.99076590818));
#4945 = CARTESIAN_POINT('',(287.52236127715,-26.91213520009));
#4946 = CARTESIAN_POINT('',(289.0211861306,-26.78355186505));
#4947 = CARTESIAN_POINT('',(290.50471104399,-26.60396236668));
#4948 = CARTESIAN_POINT('',(297.82632334814,-25.45804894829));
#4949 = CARTESIAN_POINT('',(303.4037559194,-23.74594297587));
#4950 = CARTESIAN_POINT('',(308.60981883331,-21.31398074794));
#4951 = CARTESIAN_POINT('',(313.36929736118,-18.23301822666));
#4952 = CARTESIAN_POINT('',(317.61586136095,-14.57316866908));
#4953 = CARTESIAN_POINT('',(321.28608955138,-10.40238395037));
#4954 = CARTESIAN_POINT('',(324.31497221624,-5.793445290135));
#4955 = CARTESIAN_POINT('',(326.6378936349,-0.835134099317));
#4956 = CARTESIAN_POINT('',(328.20262721265,4.363442526668));
#4957 = CARTESIAN_POINT('',(328.98515566341,9.681726402557));
#4958 = CARTESIAN_POINT('',(328.98515566341,14.999999999997));
#4959 = ( GEOMETRIC_REPRESENTATION_CONTEXT(2) 
PARAMETRIC_REPRESENTATION_CONTEXT() REPRESENTATION_CONTEXT('2D SPACE',''
  ) );
#4960 = PCURVE('',#4961,#5028);
#4961 = ( BOUNDED_SURFACE() B_SPLINE_SURFACE(2,11,(
    (#4962,#4963,#4964,#4965,#4966,#4967,#4968,#4969,#4970,#4971,#4972
      ,#4973,#4974,#4975,#4976,#4977,#4978,#4979,#4980,#4981,#4982,#4983
      )
    ,(#4984,#4985,#4986,#4987,#4988,#4989,#4990,#4991,#4992,#4993,#4994
      ,#4995,#4996,#4997,#4998,#4999,#5000,#5001,#5002,#5003,#5004,#5005
      )
    ,(#5006,#5007,#5008,#5009,#5010,#5011,#5012,#5013,#5014,#5015,#5016
      ,#5017,#5018,#5019,#5020,#5021,#5022,#5023,#5024,#5025,#5026,#5027
)),.UNSPECIFIED.,.F.,.F.,.F.) B_SPLINE_SURFACE_WITH_KNOTS((3,3),(12,10,
    12),(0.,29.98350277019),(-6.004169343821,0.,23.979333426369),
.UNSPECIFIED.) GEOMETRIC_REPRESENTATION_ITEM() RATIONAL_B_SPLINE_SURFACE
((
    (1.,1.,1.,1.000000000001,0.999999999999,1.000000000001
      ,0.999999999999,1.000000000001,1.,1.,1.,1.,1.,1.,1.,1.,1.,1.,1.,1.
      ,1.,1.)
    ,(0.707106781187,0.712569298074,0.7174837706,0.722035520944
      ,0.726290676017,0.730297382377,0.733939499432,0.737198737756
      ,0.740238384875,0.743108124751,0.745871444192,0.759135547446
      ,0.768038902514,0.775297021645,0.781050999405,0.785425684016
      ,0.788569459227,0.790698305789,0.792076123981,0.792928627519
      ,0.793353340291,0.793353340291)
    ,(1.,1.,1.,1.000000000001,0.999999999999,1.000000000001
      ,0.999999999999,1.000000000001,1.,1.,1.,1.,1.,1.,1.,1.,1.,1.,1.,1.
,1.,1.))) REPRESENTATION_ITEM('') SURFACE() );
#4962 = CARTESIAN_POINT('',(71.392483657034,-151.4392145695,50.));
#4963 = CARTESIAN_POINT('',(72.19459430201,-151.3940501168,50.));
#4964 = CARTESIAN_POINT('',(72.96893436571,-151.3016845903,50.));
#4965 = CARTESIAN_POINT('',(73.784489261857,-151.198076596,50.));
#4966 = CARTESIAN_POINT('',(74.713782833573,-151.1109637312,50.));
#4967 = CARTESIAN_POINT('',(75.804642242671,-151.0479900489,50.));
#4968 = CARTESIAN_POINT('',(77.103019227072,-151.0316900408,50.));
#4969 = CARTESIAN_POINT('',(78.535139966701,-150.9907659081,50.));
#4970 = CARTESIAN_POINT('',(80.022361277292,-150.9121352,50.));
#4971 = CARTESIAN_POINT('',(81.521186130555,-150.783551865,50.));
#4972 = CARTESIAN_POINT('',(83.004711043996,-150.6039623666,50.));
#4973 = CARTESIAN_POINT('',(90.326323348147,-149.4580489482,50.));
#4974 = CARTESIAN_POINT('',(95.903755919394,-147.7459429758,50.));
#4975 = CARTESIAN_POINT('',(101.10981883334,-145.3139807479,
    50.000000000001));
#4976 = CARTESIAN_POINT('',(105.86929736113,-142.2330182266,
    49.999999999999));
#4977 = CARTESIAN_POINT('',(110.11586136098,-138.573168669,
    50.000000000001));
#4978 = CARTESIAN_POINT('',(113.78608955137,-134.4023839503,
    49.999999999999));
#4979 = CARTESIAN_POINT('',(116.81497221623,-129.7934452901,50.));
#4980 = CARTESIAN_POINT('',(119.13789363491,-124.8351340993,50.));
#4981 = CARTESIAN_POINT('',(120.70262721264,-119.6365574733,50.));
#4982 = CARTESIAN_POINT('',(121.48515566341,-114.3182735974,50.));
#4983 = CARTESIAN_POINT('',(121.48515566341,-109.,50.));
#4984 = CARTESIAN_POINT('',(76.968279905777,-124.,50.));
#4985 = CARTESIAN_POINT('',(77.899310402386,-124.4206950071,50.));
#4986 = CARTESIAN_POINT('',(78.71803662762,-124.7330090167,50.));
#4987 = CARTESIAN_POINT('',(79.451417905789,-124.9763144329,50.));
#4988 = CARTESIAN_POINT('',(80.127226543995,-125.1704056123,50.));
#4989 = CARTESIAN_POINT('',(80.767183023798,-125.3262258316,
    49.999999999999));
#4990 = CARTESIAN_POINT('',(81.395840325712,-125.4455339024,
    50.000000000001));
#4991 = CARTESIAN_POINT('',(82.015962081855,-125.5274800153,
    49.999999999999));
#4992 = CARTESIAN_POINT('',(82.631439367272,-125.579300697,
    50.000000000001));
#4993 = CARTESIAN_POINT('',(83.245595033794,-125.6025520914,50.));
#4994 = CARTESIAN_POINT('',(83.859216402793,-125.5993241141,50.));
#4995 = CARTESIAN_POINT('',(86.870935195363,-125.4545702882,50.));
#4996 = CARTESIAN_POINT('',(89.254950487432,-124.9349249677,50.));
#4997 = CARTESIAN_POINT('',(91.531296714739,-124.0253007134,50.));
#4998 = CARTESIAN_POINT('',(93.620158154527,-122.7656697878,50.));
#4999 = CARTESIAN_POINT('',(95.456672984417,-121.2056318594,
    50.000000000001));
#5000 = CARTESIAN_POINT('',(96.993683496957,-119.4111994333,
    49.999999999999));
#5001 = CARTESIAN_POINT('',(98.209078251601,-117.4558582084,
    50.000000000002));
#5002 = CARTESIAN_POINT('',(99.107011032247,-115.4009978695,
    49.999999999999));
#5003 = CARTESIAN_POINT('',(99.702945777521,-113.2863493246,
    50.000000000001));
#5004 = CARTESIAN_POINT('',(100.,-111.1419851853,50.));
#5005 = CARTESIAN_POINT('',(100.,-109.,50.));
#5006 = CARTESIAN_POINT('',(76.968279905777,-124.,78.));
#5007 = CARTESIAN_POINT('',(77.992650664292,-124.,77.567390733845));
#5008 = CARTESIAN_POINT('',(78.896758660914,-123.9435328886,
    77.174508972509));
#5009 = CARTESIAN_POINT('',(79.7076402108,-123.8533126838,
    76.807900294556));
#5010 = CARTESIAN_POINT('',(80.446238195042,-123.7403556309,
    76.462810791777));
#5011 = CARTESIAN_POINT('',(81.128607527837,-123.6105468059,
    76.135804745871));
#5012 = CARTESIAN_POINT('',(81.760855146027,-123.466624765,
    75.836499855432));
#5013 = CARTESIAN_POINT('',(82.348136981115,-123.3128412293,
    75.567637718615));
#5014 = CARTESIAN_POINT('',(82.906296252057,-123.1480579695,
    75.315760486017));
#5015 = CARTESIAN_POINT('',(83.443138932617,-122.9712546535,
    75.077033510902));
#5016 = CARTESIAN_POINT('',(83.964690784543,-122.7812358721,
    74.846239249288));
#5017 = CARTESIAN_POINT('',(86.492375142674,-121.7704006129,
    73.734241989486));
#5018 = CARTESIAN_POINT('',(88.26875935037,-120.7641944272,
    72.973956161674));
#5019 = CARTESIAN_POINT('',(89.797985512557,-119.6119799918,
    72.345211691444));
#5020 = CARTESIAN_POINT('',(91.085239061595,-118.3549924133,
    71.84154558374));
#5021 = CARTESIAN_POINT('',(92.134936193499,-117.0289364037,
    71.455931391976));
#5022 = CARTESIAN_POINT('',(92.957350588918,-115.6702814664,
    71.177667595439));
#5023 = CARTESIAN_POINT('',(93.57356493505,-114.3108687318,
    70.988871509259));
#5024 = CARTESIAN_POINT('',(94.011880436561,-112.9675781482,
    70.866570853318));
#5025 = CARTESIAN_POINT('',(94.296898094085,-111.6398172223,
    70.790799808569));
#5026 = CARTESIAN_POINT('',(94.439232527317,-110.3199012515,
    70.753066737129));
#5027 = CARTESIAN_POINT('',(94.439232527317,-109.,70.753066737129));
#5028 = DEFINITIONAL_REPRESENTATION('',(#5029),#5033);
#5029 = LINE('',#5030,#5031);
#5030 = CARTESIAN_POINT('',(0.,0.));
#5031 = VECTOR('',#5032,1.);
#5032 = DIRECTION('',(0.,1.));
#5033 = ( GEOMETRIC_REPRESENTATION_CONTEXT(2) 
PARAMETRIC_REPRESENTATION_CONTEXT() REPRESENTATION_CONTEXT('2D SPACE',''
  ) );
#5034 = ORIENTED_EDGE('',*,*,#5035,.F.);
#5035 = EDGE_CURVE('',#5036,#4906,#5038,.T.);
#5036 = VERTEX_POINT('',#5037);
#5037 = CARTESIAN_POINT('',(152.5,-116.,50.));
#5038 = SURFACE_CURVE('',#5039,(#5043,#5050),.PCURVE_S1.);
#5039 = LINE('',#5040,#5041);
#5040 = CARTESIAN_POINT('',(152.5,-116.,50.));
#5041 = VECTOR('',#5042,1.);
#5042 = DIRECTION('',(-1.,-0.,0.));
#5043 = PCURVE('',#2559,#5044);
#5044 = DEFINITIONAL_REPRESENTATION('',(#5045),#5049);
#5045 = LINE('',#5046,#5047);
#5046 = CARTESIAN_POINT('',(360.,8.));
#5047 = VECTOR('',#5048,1.);
#5048 = DIRECTION('',(-1.,0.));
#5049 = ( GEOMETRIC_REPRESENTATION_CONTEXT(2) 
PARAMETRIC_REPRESENTATION_CONTEXT() REPRESENTATION_CONTEXT('2D SPACE',''
  ) );
#5050 = PCURVE('',#5051,#5056);
#5051 = CYLINDRICAL_SURFACE('',#5052,8.);
#5052 = AXIS2_PLACEMENT_3D('',#5053,#5054,#5055);
#5053 = CARTESIAN_POINT('',(152.5,-116.,42.));
#5054 = DIRECTION('',(-1.,-0.,0.));
#5055 = DIRECTION('',(0.,-1.,-0.));
#5056 = DEFINITIONAL_REPRESENTATION('',(#5057),#5061);
#5057 = LINE('',#5058,#5059);
#5058 = CARTESIAN_POINT('',(1.570796326795,0.));
#5059 = VECTOR('',#5060,1.);
#5060 = DIRECTION('',(0.,1.));
#5061 = ( GEOMETRIC_REPRESENTATION_CONTEXT(2) 
PARAMETRIC_REPRESENTATION_CONTEXT() REPRESENTATION_CONTEXT('2D SPACE',''
  ) );
#5062 = ORIENTED_EDGE('',*,*,#5063,.F.);
#5063 = EDGE_CURVE('',#5064,#5036,#5066,.T.);
#5064 = VERTEX_POINT('',#5065);
#5065 = CARTESIAN_POINT('',(199.5,-69.,50.));
#5066 = SURFACE_CURVE('',#5067,(#5072,#5083),.PCURVE_S1.);
#5067 = CIRCLE('',#5068,47.);
#5068 = AXIS2_PLACEMENT_3D('',#5069,#5070,#5071);
#5069 = CARTESIAN_POINT('',(152.5,-69.,50.));
#5070 = DIRECTION('',(0.,-0.,-1.));
#5071 = DIRECTION('',(1.,0.,-0.));
#5072 = PCURVE('',#2559,#5073);
#5073 = DEFINITIONAL_REPRESENTATION('',(#5074),#5082);
#5074 = ( BOUNDED_CURVE() B_SPLINE_CURVE(2,(#5075,#5076,#5077,#5078,
#5079,#5080,#5081),.UNSPECIFIED.,.T.,.F.) B_SPLINE_CURVE_WITH_KNOTS((1,2
    ,2,2,2,1),(-2.094395102393,0.,2.094395102393,4.188790204786,
6.28318530718,8.377580409573),.UNSPECIFIED.) CURVE() 
GEOMETRIC_REPRESENTATION_ITEM() RATIONAL_B_SPLINE_CURVE((1.,0.5,1.,0.5,
1.,0.5,1.)) REPRESENTATION_ITEM('') );
#5075 = CARTESIAN_POINT('',(407.,55.));
#5076 = CARTESIAN_POINT('',(407.,-26.40638795573));
#5077 = CARTESIAN_POINT('',(336.5,14.296806022131));
#5078 = CARTESIAN_POINT('',(266.,55.));
#5079 = CARTESIAN_POINT('',(336.5,95.703193977869));
#5080 = CARTESIAN_POINT('',(407.,136.40638795573));
#5081 = CARTESIAN_POINT('',(407.,55.));
#5082 = ( GEOMETRIC_REPRESENTATION_CONTEXT(2) 
PARAMETRIC_REPRESENTATION_CONTEXT() REPRESENTATION_CONTEXT('2D SPACE',''
  ) );
#5083 = PCURVE('',#5084,#5089);
#5084 = TOROIDAL_SURFACE('',#5085,47.,8.);
#5085 = AXIS2_PLACEMENT_3D('',#5086,#5087,#5088);
#5086 = CARTESIAN_POINT('',(152.5,-69.,42.));
#5087 = DIRECTION('',(0.,0.,1.));
#5088 = DIRECTION('',(1.,0.,-0.));
#5089 = DEFINITIONAL_REPRESENTATION('',(#5090),#5094);
#5090 = LINE('',#5091,#5092);
#5091 = CARTESIAN_POINT('',(-0.,1.570796326795));
#5092 = VECTOR('',#5093,1.);
#5093 = DIRECTION('',(-1.,0.));
#5094 = ( GEOMETRIC_REPRESENTATION_CONTEXT(2) 
PARAMETRIC_REPRESENTATION_CONTEXT() REPRESENTATION_CONTEXT('2D SPACE',''
  ) );
#5095 = ORIENTED_EDGE('',*,*,#5096,.F.);
#5096 = EDGE_CURVE('',#4855,#5064,#5097,.T.);
#5097 = SURFACE_CURVE('',#5098,(#5102,#5109),.PCURVE_S1.);
#5098 = LINE('',#5099,#5100);
#5099 = CARTESIAN_POINT('',(199.5,69.,50.));
#5100 = VECTOR('',#5101,1.);
#5101 = DIRECTION('',(0.,-1.,-0.));
#5102 = PCURVE('',#2559,#5103);
#5103 = DEFINITIONAL_REPRESENTATION('',(#5104),#5108);
#5104 = LINE('',#5105,#5106);
#5105 = CARTESIAN_POINT('',(407.,193.));
#5106 = VECTOR('',#5107,1.);
#5107 = DIRECTION('',(0.,-1.));
#5108 = ( GEOMETRIC_REPRESENTATION_CONTEXT(2) 
PARAMETRIC_REPRESENTATION_CONTEXT() REPRESENTATION_CONTEXT('2D SPACE',''
  ) );
#5109 = PCURVE('',#4837,#5110);
#5110 = DEFINITIONAL_REPRESENTATION('',(#5111),#5115);
#5111 = LINE('',#5112,#5113);
#5112 = CARTESIAN_POINT('',(1.570796326795,0.));
#5113 = VECTOR('',#5114,1.);
#5114 = DIRECTION('',(0.,1.));
#5115 = ( GEOMETRIC_REPRESENTATION_CONTEXT(2) 
PARAMETRIC_REPRESENTATION_CONTEXT() REPRESENTATION_CONTEXT('2D SPACE',''
  ) );
#5116 = ORIENTED_EDGE('',*,*,#4876,.F.);
#5117 = ORIENTED_EDGE('',*,*,#2543,.F.);
#5118 = ORIENTED_EDGE('',*,*,#5119,.F.);
#5119 = EDGE_CURVE('',#5120,#2513,#5122,.T.);
#5120 = VERTEX_POINT('',#5121);
#5121 = CARTESIAN_POINT('',(121.48515566341,109.,50.));
#5122 = SURFACE_CURVE('',#5123,(#5146,#5172),.PCURVE_S1.);
#5123 = ( BOUNDED_CURVE() B_SPLINE_CURVE(11,(#5124,#5125,#5126,#5127,
    #5128,#5129,#5130,#5131,#5132,#5133,#5134,#5135,#5136,#5137,#5138,
    #5139,#5140,#5141,#5142,#5143,#5144,#5145),.UNSPECIFIED.,.F.,.F.) 
B_SPLINE_CURVE_WITH_KNOTS((12,10,12),(241.97933342636,265.95866685272,
271.96283619654),.UNSPECIFIED.) CURVE() GEOMETRIC_REPRESENTATION_ITEM() 
RATIONAL_B_SPLINE_CURVE((1.,1.,1.,1.,1.,1.,1.,1.,1.,1.,1.,1.,1.,1.,1.,1.
,1.,1.,1.,1.,1.,1.)) REPRESENTATION_ITEM('') );
#5124 = CARTESIAN_POINT('',(121.48515566341,108.99999999999,50.));
#5125 = CARTESIAN_POINT('',(121.48515566341,114.31827359742,50.));
#5126 = CARTESIAN_POINT('',(120.70262721265,119.63655747333,
    49.999999999999));
#5127 = CARTESIAN_POINT('',(119.13789363489,124.8351340993,
    50.000000000003));
#5128 = CARTESIAN_POINT('',(116.81497221626,129.79344529013,
    49.999999999996));
#5129 = CARTESIAN_POINT('',(113.78608955137,134.40238395036,
    50.000000000005));
#5130 = CARTESIAN_POINT('',(110.11586136097,138.57316866908,
    49.999999999995));
#5131 = CARTESIAN_POINT('',(105.86929736114,142.23301822665,
    50.000000000004));
#5132 = CARTESIAN_POINT('',(101.10981883337,145.31398074794,
    49.999999999998));
#5133 = CARTESIAN_POINT('',(95.903755919349,147.74594297587,
    50.000000000001));
#5134 = CARTESIAN_POINT('',(90.326323348172,149.45804894829,50.));
#5135 = CARTESIAN_POINT('',(83.004711043998,150.60396236668,50.));
#5136 = CARTESIAN_POINT('',(81.521186130555,150.78355186505,
    49.999999999999));
#5137 = CARTESIAN_POINT('',(80.022361277292,150.91213520009,
    50.000000000003));
#5138 = CARTESIAN_POINT('',(78.535139966696,150.99076590818,
    49.999999999994));
#5139 = CARTESIAN_POINT('',(77.103019227072,151.03169004089,
    50.000000000008));
#5140 = CARTESIAN_POINT('',(75.804642242669,151.04799004893,
    49.999999999992));
#5141 = CARTESIAN_POINT('',(74.71378283357,151.1109637312,
    50.000000000007));
#5142 = CARTESIAN_POINT('',(73.784489261859,151.19807659602,
    49.999999999996));
#5143 = CARTESIAN_POINT('',(72.96893436571,151.30168459034,
    50.000000000001));
#5144 = CARTESIAN_POINT('',(72.194594302011,151.39405011687,50.));
#5145 = CARTESIAN_POINT('',(71.392483657036,151.43921456952,50.));
#5146 = PCURVE('',#2559,#5147);
#5147 = DEFINITIONAL_REPRESENTATION('',(#5148),#5171);
#5148 = B_SPLINE_CURVE_WITH_KNOTS('',11,(#5149,#5150,#5151,#5152,#5153,
    #5154,#5155,#5156,#5157,#5158,#5159,#5160,#5161,#5162,#5163,#5164,
    #5165,#5166,#5167,#5168,#5169,#5170),.UNSPECIFIED.,.F.,.F.,(12,10,12
    ),(241.97933342636,265.95866685272,271.96283619654),.UNSPECIFIED.);
#5149 = CARTESIAN_POINT('',(328.98515566341,232.99999999999));
#5150 = CARTESIAN_POINT('',(328.98515566342,238.31827359742));
#5151 = CARTESIAN_POINT('',(328.20262721259,243.63655747334));
#5152 = CARTESIAN_POINT('',(326.63789363502,248.83513409928));
#5153 = CARTESIAN_POINT('',(324.31497221603,253.79344529018));
#5154 = CARTESIAN_POINT('',(321.28608955166,258.4023839503));
#5155 = CARTESIAN_POINT('',(317.61586136069,262.57316866914));
#5156 = CARTESIAN_POINT('',(313.36929736136,266.23301822662));
#5157 = CARTESIAN_POINT('',(308.60981883324,269.31398074795));
#5158 = CARTESIAN_POINT('',(303.4037559194,271.74594297588));
#5159 = CARTESIAN_POINT('',(297.82632334815,273.45804894828));
#5160 = CARTESIAN_POINT('',(290.504711044,274.60396236669));
#5161 = CARTESIAN_POINT('',(289.02118613052,274.78355186501));
#5162 = CARTESIAN_POINT('',(287.52236127735,274.91213520021));
#5163 = CARTESIAN_POINT('',(286.03513996658,274.99076590797));
#5164 = CARTESIAN_POINT('',(284.6030192272,275.03169004116));
#5165 = CARTESIAN_POINT('',(283.30464224253,275.04799004866));
#5166 = CARTESIAN_POINT('',(282.21378283367,275.1109637314));
#5167 = CARTESIAN_POINT('',(281.28448926179,275.19807659591));
#5168 = CARTESIAN_POINT('',(280.46893436573,275.30168459039));
#5169 = CARTESIAN_POINT('',(279.694594302,275.39405011686));
#5170 = CARTESIAN_POINT('',(278.89248365703,275.43921456952));
#5171 = ( GEOMETRIC_REPRESENTATION_CONTEXT(2) 
PARAMETRIC_REPRESENTATION_CONTEXT() REPRESENTATION_CONTEXT('2D SPACE',''
  ) );
#5172 = PCURVE('',#2975,#5173);
#5173 = DEFINITIONAL_REPRESENTATION('',(#5174),#5178);
#5174 = LINE('',#5175,#5176);
#5175 = CARTESIAN_POINT('',(0.,0.));
#5176 = VECTOR('',#5177,1.);
#5177 = DIRECTION('',(0.,1.));
#5178 = ( GEOMETRIC_REPRESENTATION_CONTEXT(2) 
PARAMETRIC_REPRESENTATION_CONTEXT() REPRESENTATION_CONTEXT('2D SPACE',''
  ) );
#5179 = ORIENTED_EDGE('',*,*,#5180,.F.);
#5180 = EDGE_CURVE('',#4908,#5120,#5181,.T.);
#5181 = SURFACE_CURVE('',#5182,(#5186,#5193),.PCURVE_S1.);
#5182 = LINE('',#5183,#5184);
#5183 = CARTESIAN_POINT('',(121.48515566341,-109.,50.));
#5184 = VECTOR('',#5185,1.);
#5185 = DIRECTION('',(0.,1.,0.));
#5186 = PCURVE('',#2559,#5187);
#5187 = DEFINITIONAL_REPRESENTATION('',(#5188),#5192);
#5188 = LINE('',#5189,#5190);
#5189 = CARTESIAN_POINT('',(328.98515566341,15.));
#5190 = VECTOR('',#5191,1.);
#5191 = DIRECTION('',(0.,1.));
#5192 = ( GEOMETRIC_REPRESENTATION_CONTEXT(2) 
PARAMETRIC_REPRESENTATION_CONTEXT() REPRESENTATION_CONTEXT('2D SPACE',''
  ) );
#5193 = PCURVE('',#5194,#5199);
#5194 = CYLINDRICAL_SURFACE('',#5195,28.);
#5195 = AXIS2_PLACEMENT_3D('',#5196,#5197,#5198);
#5196 = CARTESIAN_POINT('',(121.48515566341,-109.,78.));
#5197 = DIRECTION('',(0.,1.,0.));
#5198 = DIRECTION('',(0.,0.,-1.));
#5199 = DEFINITIONAL_REPRESENTATION('',(#5200),#5204);
#5200 = LINE('',#5201,#5202);
#5201 = CARTESIAN_POINT('',(0.,0.));
#5202 = VECTOR('',#5203,1.);
#5203 = DIRECTION('',(0.,1.));
#5204 = ( GEOMETRIC_REPRESENTATION_CONTEXT(2) 
PARAMETRIC_REPRESENTATION_CONTEXT() REPRESENTATION_CONTEXT('2D SPACE',''
  ) );
#5205 = ADVANCED_FACE('',(#5206),#2613,.F.);
#5206 = FACE_BOUND('',#5207,.F.);
#5207 = EDGE_LOOP('',(#5208,#5231,#5232,#5233));
#5208 = ORIENTED_EDGE('',*,*,#5209,.F.);
#5209 = EDGE_CURVE('',#2596,#5210,#5212,.T.);
#5210 = VERTEX_POINT('',#5211);
#5211 = CARTESIAN_POINT('',(-207.5,-69.,42.));
#5212 = SURFACE_CURVE('',#5213,(#5217,#5224),.PCURVE_S1.);
#5213 = LINE('',#5214,#5215);
#5214 = CARTESIAN_POINT('',(-207.5,-69.,0.));
#5215 = VECTOR('',#5216,1.);
#5216 = DIRECTION('',(0.,0.,1.));
#5217 = PCURVE('',#2613,#5218);
#5218 = DEFINITIONAL_REPRESENTATION('',(#5219),#5223);
#5219 = LINE('',#5220,#5221);
#5220 = CARTESIAN_POINT('',(0.,-55.));
#5221 = VECTOR('',#5222,1.);
#5222 = DIRECTION('',(1.,0.));
#5223 = ( GEOMETRIC_REPRESENTATION_CONTEXT(2) 
PARAMETRIC_REPRESENTATION_CONTEXT() REPRESENTATION_CONTEXT('2D SPACE',''
  ) );
#5224 = PCURVE('',#2642,#5225);
#5225 = DEFINITIONAL_REPRESENTATION('',(#5226),#5230);
#5226 = LINE('',#5227,#5228);
#5227 = CARTESIAN_POINT('',(0.,0.));
#5228 = VECTOR('',#5229,1.);
#5229 = DIRECTION('',(0.,1.));
#5230 = ( GEOMETRIC_REPRESENTATION_CONTEXT(2) 
PARAMETRIC_REPRESENTATION_CONTEXT() REPRESENTATION_CONTEXT('2D SPACE',''
  ) );
#5231 = ORIENTED_EDGE('',*,*,#2595,.T.);
#5232 = ORIENTED_EDGE('',*,*,#3313,.T.);
#5233 = ORIENTED_EDGE('',*,*,#5234,.F.);
#5234 = EDGE_CURVE('',#5210,#3314,#5235,.T.);
#5235 = SURFACE_CURVE('',#5236,(#5240,#5247),.PCURVE_S1.);
#5236 = LINE('',#5237,#5238);
#5237 = CARTESIAN_POINT('',(-207.5,-69.,42.));
#5238 = VECTOR('',#5239,1.);
#5239 = DIRECTION('',(-0.,1.,0.));
#5240 = PCURVE('',#2613,#5241);
#5241 = DEFINITIONAL_REPRESENTATION('',(#5242),#5246);
#5242 = LINE('',#5243,#5244);
#5243 = CARTESIAN_POINT('',(42.,-55.));
#5244 = VECTOR('',#5245,1.);
#5245 = DIRECTION('',(0.,-1.));
#5246 = ( GEOMETRIC_REPRESENTATION_CONTEXT(2) 
PARAMETRIC_REPRESENTATION_CONTEXT() REPRESENTATION_CONTEXT('2D SPACE',''
  ) );
#5247 = PCURVE('',#5248,#5253);
#5248 = CYLINDRICAL_SURFACE('',#5249,8.);
#5249 = AXIS2_PLACEMENT_3D('',#5250,#5251,#5252);
#5250 = CARTESIAN_POINT('',(-199.5,-69.,42.));
#5251 = DIRECTION('',(-0.,1.,0.));
#5252 = DIRECTION('',(-1.,-0.,0.));
#5253 = DEFINITIONAL_REPRESENTATION('',(#5254),#5258);
#5254 = LINE('',#5255,#5256);
#5255 = CARTESIAN_POINT('',(0.,0.));
#5256 = VECTOR('',#5257,1.);
#5257 = DIRECTION('',(0.,1.));
#5258 = ( GEOMETRIC_REPRESENTATION_CONTEXT(2) 
PARAMETRIC_REPRESENTATION_CONTEXT() REPRESENTATION_CONTEXT('2D SPACE',''
  ) );
#5259 = ADVANCED_FACE('',(#5260),#2642,.T.);
#5260 = FACE_BOUND('',#5261,.T.);
#5261 = EDGE_LOOP('',(#5262,#5263,#5264,#5287));
#5262 = ORIENTED_EDGE('',*,*,#5209,.F.);
#5263 = ORIENTED_EDGE('',*,*,#2625,.T.);
#5264 = ORIENTED_EDGE('',*,*,#5265,.T.);
#5265 = EDGE_CURVE('',#2626,#5266,#5268,.T.);
#5266 = VERTEX_POINT('',#5267);
#5267 = CARTESIAN_POINT('',(-152.5,-124.,42.));
#5268 = SURFACE_CURVE('',#5269,(#5273,#5280),.PCURVE_S1.);
#5269 = LINE('',#5270,#5271);
#5270 = CARTESIAN_POINT('',(-152.5,-124.,0.));
#5271 = VECTOR('',#5272,1.);
#5272 = DIRECTION('',(0.,0.,1.));
#5273 = PCURVE('',#2642,#5274);
#5274 = DEFINITIONAL_REPRESENTATION('',(#5275),#5279);
#5275 = LINE('',#5276,#5277);
#5276 = CARTESIAN_POINT('',(1.570796326795,0.));
#5277 = VECTOR('',#5278,1.);
#5278 = DIRECTION('',(0.,1.));
#5279 = ( GEOMETRIC_REPRESENTATION_CONTEXT(2) 
PARAMETRIC_REPRESENTATION_CONTEXT() REPRESENTATION_CONTEXT('2D SPACE',''
  ) );
#5280 = PCURVE('',#2670,#5281);
#5281 = DEFINITIONAL_REPRESENTATION('',(#5282),#5286);
#5282 = LINE('',#5283,#5284);
#5283 = CARTESIAN_POINT('',(0.,55.));
#5284 = VECTOR('',#5285,1.);
#5285 = DIRECTION('',(1.,0.));
#5286 = ( GEOMETRIC_REPRESENTATION_CONTEXT(2) 
PARAMETRIC_REPRESENTATION_CONTEXT() REPRESENTATION_CONTEXT('2D SPACE',''
  ) );
#5287 = ORIENTED_EDGE('',*,*,#5288,.T.);
#5288 = EDGE_CURVE('',#5266,#5210,#5289,.T.);
#5289 = SURFACE_CURVE('',#5290,(#5295,#5302),.PCURVE_S1.);
#5290 = CIRCLE('',#5291,55.);
#5291 = AXIS2_PLACEMENT_3D('',#5292,#5293,#5294);
#5292 = CARTESIAN_POINT('',(-152.5,-69.,42.));
#5293 = DIRECTION('',(-0.,-0.,-1.));
#5294 = DIRECTION('',(0.,-1.,0.));
#5295 = PCURVE('',#2642,#5296);
#5296 = DEFINITIONAL_REPRESENTATION('',(#5297),#5301);
#5297 = LINE('',#5298,#5299);
#5298 = CARTESIAN_POINT('',(1.570796326795,42.));
#5299 = VECTOR('',#5300,1.);
#5300 = DIRECTION('',(-1.,-0.));
#5301 = ( GEOMETRIC_REPRESENTATION_CONTEXT(2) 
PARAMETRIC_REPRESENTATION_CONTEXT() REPRESENTATION_CONTEXT('2D SPACE',''
  ) );
#5302 = PCURVE('',#5303,#5308);
#5303 = TOROIDAL_SURFACE('',#5304,47.,8.);
#5304 = AXIS2_PLACEMENT_3D('',#5305,#5306,#5307);
#5305 = CARTESIAN_POINT('',(-152.5,-69.,42.));
#5306 = DIRECTION('',(0.,0.,1.));
#5307 = DIRECTION('',(0.,-1.,0.));
#5308 = DEFINITIONAL_REPRESENTATION('',(#5309),#5313);
#5309 = LINE('',#5310,#5311);
#5310 = CARTESIAN_POINT('',(-0.,0.));
#5311 = VECTOR('',#5312,1.);
#5312 = DIRECTION('',(-1.,0.));
#5313 = ( GEOMETRIC_REPRESENTATION_CONTEXT(2) 
PARAMETRIC_REPRESENTATION_CONTEXT() REPRESENTATION_CONTEXT('2D SPACE',''
  ) );
#5314 = ADVANCED_FACE('',(#5315),#2670,.F.);
#5315 = FACE_BOUND('',#5316,.F.);
#5316 = EDGE_LOOP('',(#5317,#5340,#5341,#5342,#5370,#6373,#6401,#6429,
    #6457,#6490,#6518,#6551,#6579,#6607,#6635,#7638));
#5317 = ORIENTED_EDGE('',*,*,#5318,.F.);
#5318 = EDGE_CURVE('',#2655,#5319,#5321,.T.);
#5319 = VERTEX_POINT('',#5320);
#5320 = CARTESIAN_POINT('',(152.5,-124.,42.));
#5321 = SURFACE_CURVE('',#5322,(#5326,#5333),.PCURVE_S1.);
#5322 = LINE('',#5323,#5324);
#5323 = CARTESIAN_POINT('',(152.5,-124.,0.));
#5324 = VECTOR('',#5325,1.);
#5325 = DIRECTION('',(0.,0.,1.));
#5326 = PCURVE('',#2670,#5327);
#5327 = DEFINITIONAL_REPRESENTATION('',(#5328),#5332);
#5328 = LINE('',#5329,#5330);
#5329 = CARTESIAN_POINT('',(0.,360.));
#5330 = VECTOR('',#5331,1.);
#5331 = DIRECTION('',(1.,0.));
#5332 = ( GEOMETRIC_REPRESENTATION_CONTEXT(2) 
PARAMETRIC_REPRESENTATION_CONTEXT() REPRESENTATION_CONTEXT('2D SPACE',''
  ) );
#5333 = PCURVE('',#2703,#5334);
#5334 = DEFINITIONAL_REPRESENTATION('',(#5335),#5339);
#5335 = LINE('',#5336,#5337);
#5336 = CARTESIAN_POINT('',(-1.570796326795,0.));
#5337 = VECTOR('',#5338,1.);
#5338 = DIRECTION('',(-0.,1.));
#5339 = ( GEOMETRIC_REPRESENTATION_CONTEXT(2) 
PARAMETRIC_REPRESENTATION_CONTEXT() REPRESENTATION_CONTEXT('2D SPACE',''
  ) );
#5340 = ORIENTED_EDGE('',*,*,#2654,.T.);
#5341 = ORIENTED_EDGE('',*,*,#5265,.T.);
#5342 = ORIENTED_EDGE('',*,*,#5343,.F.);
#5343 = EDGE_CURVE('',#5344,#5266,#5346,.T.);
#5344 = VERTEX_POINT('',#5345);
#5345 = CARTESIAN_POINT('',(-120.8646493323,-124.,42.));
#5346 = SURFACE_CURVE('',#5347,(#5351,#5358),.PCURVE_S1.);
#5347 = LINE('',#5348,#5349);
#5348 = CARTESIAN_POINT('',(-118.5594608429,-124.,42.));
#5349 = VECTOR('',#5350,1.);
#5350 = DIRECTION('',(-1.,-0.,0.));
#5351 = PCURVE('',#2670,#5352);
#5352 = DEFINITIONAL_REPRESENTATION('',(#5353),#5357);
#5353 = LINE('',#5354,#5355);
#5354 = CARTESIAN_POINT('',(42.,88.94053915705));
#5355 = VECTOR('',#5356,1.);
#5356 = DIRECTION('',(0.,-1.));
#5357 = ( GEOMETRIC_REPRESENTATION_CONTEXT(2) 
PARAMETRIC_REPRESENTATION_CONTEXT() REPRESENTATION_CONTEXT('2D SPACE',''
  ) );
#5358 = PCURVE('',#5359,#5364);
#5359 = CYLINDRICAL_SURFACE('',#5360,8.);
#5360 = AXIS2_PLACEMENT_3D('',#5361,#5362,#5363);
#5361 = CARTESIAN_POINT('',(-118.5594608429,-116.,42.));
#5362 = DIRECTION('',(-1.,-0.,0.));
#5363 = DIRECTION('',(0.,-1.,-0.));
#5364 = DEFINITIONAL_REPRESENTATION('',(#5365),#5369);
#5365 = LINE('',#5366,#5367);
#5366 = CARTESIAN_POINT('',(0.,0.));
#5367 = VECTOR('',#5368,1.);
#5368 = DIRECTION('',(0.,1.));
#5369 = ( GEOMETRIC_REPRESENTATION_CONTEXT(2) 
PARAMETRIC_REPRESENTATION_CONTEXT() REPRESENTATION_CONTEXT('2D SPACE',''
  ) );
#5370 = ORIENTED_EDGE('',*,*,#5371,.F.);
#5371 = EDGE_CURVE('',#5372,#5344,#5374,.T.);
#5372 = VERTEX_POINT('',#5373);
#5373 = CARTESIAN_POINT('',(-76.96827990577,-124.,78.));
#5374 = SURFACE_CURVE('',#5375,(#5573,#5774),.PCURVE_S1.);
#5375 = ( BOUNDED_CURVE() B_SPLINE_CURVE(14,(#5376,#5377,#5378,#5379,
    #5380,#5381,#5382,#5383,#5384,#5385,#5386,#5387,#5388,#5389,#5390,
    #5391,#5392,#5393,#5394,#5395,#5396,#5397,#5398,#5399,#5400,#5401,
    #5402,#5403,#5404,#5405,#5406,#5407,#5408,#5409,#5410,#5411,#5412,
    #5413,#5414,#5415,#5416,#5417,#5418,#5419,#5420,#5421,#5422,#5423,
    #5424,#5425,#5426,#5427,#5428,#5429,#5430,#5431,#5432,#5433,#5434,
    #5435,#5436,#5437,#5438,#5439,#5440,#5441,#5442,#5443,#5444,#5445,
    #5446,#5447,#5448,#5449,#5450,#5451,#5452,#5453,#5454,#5455,#5456,
    #5457,#5458,#5459,#5460,#5461,#5462,#5463,#5464,#5465,#5466,#5467,
    #5468,#5469,#5470,#5471,#5472,#5473,#5474,#5475,#5476,#5477,#5478,
    #5479,#5480,#5481,#5482,#5483,#5484,#5485,#5486,#5487,#5488,#5489,
    #5490,#5491,#5492,#5493,#5494,#5495,#5496,#5497,#5498,#5499,#5500,
    #5501,#5502,#5503,#5504,#5505,#5506,#5507,#5508,#5509,#5510,#5511,
    #5512,#5513,#5514,#5515,#5516,#5517,#5518,#5519,#5520,#5521,#5522,
    #5523,#5524,#5525,#5526,#5527,#5528,#5529,#5530,#5531,#5532,#5533,
    #5534,#5535,#5536,#5537,#5538,#5539,#5540,#5541,#5542,#5543,#5544,
    #5545,#5546,#5547,#5548,#5549,#5550,#5551,#5552,#5553,#5554,#5555,
    #5556,#5557,#5558,#5559,#5560,#5561,#5562,#5563,#5564,#5565,#5566,
    #5567,#5568,#5569,#5570,#5571,#5572),.UNSPECIFIED.,.F.,.F.) 
B_SPLINE_CURVE_WITH_KNOTS((15,13,13,13,13,13,13,13,13,13,13,13,13,13,13,
    15),(0.,1.285484383361E-02,2.570968766722E-02,5.141937533444E-02,
    0.102838750669,0.205677501338,0.411355002676,0.822710005351,
    1.645420010702,3.290840021404,6.581680042808,9.872520064213,
    13.163360085617,26.326720171234,52.134583305342,54.427243247242),
.UNSPECIFIED.) CURVE() GEOMETRIC_REPRESENTATION_ITEM() 
RATIONAL_B_SPLINE_CURVE((1.,1.,0.999999999999,1.000000000002,
    0.999999999997,1.000000000004,0.999999999996,1.000000000003,
    0.999999999997,1.000000000002,0.999999999999,1.000000000001,
    0.999999999999,1.,1.,1.000000000003,0.999999999991,1.000000000019,
    0.999999999969,1.000000000041,0.999999999956,1.000000000039,
    0.999999999972,1.000000000016,0.999999999993,1.000000000002,1.,1.,
    1.000000000002,0.999999999995,1.000000000012,0.99999999998,
    1.000000000026,0.999999999972,1.000000000024,0.999999999983,
    1.00000000001,0.999999999996,1.000000000001,1.,1.,1.000000000003,
    0.999999999992,1.000000000017,0.999999999971,1.000000000038,
    0.999999999959,1.000000000036,0.999999999974,1.000000000015,
    0.999999999993,1.000000000002,1.,1.,1.000000000003,0.999999999991,
    1.00000000002,0.999999999966,1.000000000045,0.999999999952,
    1.000000000042,0.999999999969,1.000000000018,0.999999999992,
    1.000000000002,1.,1.,1.000000000003,0.999999999991,1.00000000002,
    0.999999999966,1.000000000045,0.999999999951,1.000000000044,
    0.999999999968,1.000000000019,0.999999999992,1.000000000002,1.,1.,
    1.000000000003,0.999999999992,1.000000000019,0.999999999969,
    1.000000000041,0.999999999956,1.000000000038,0.999999999973,
    1.000000000016,0.999999999993,1.000000000002,1.,1.,1.000000000003,
    0.999999999991,1.00000000002,0.999999999966,1.000000000045,
    0.999999999951,1.000000000043,0.999999999968,1.000000000018,
    0.999999999992,1.000000000002,1.,1.,1.000000000002,0.999999999992,
    1.000000000018,0.99999999997,1.00000000004,0.999999999956,
    1.000000000039,0.999999999972,1.000000000016,0.999999999993,
    1.000000000002,1.,1.,1.000000000003,0.999999999991,1.000000000019,
    0.999999999968,1.000000000043,0.999999999954,1.000000000041,
    0.999999999971,1.000000000017,0.999999999992,1.000000000002,1.,1.,
    1.000000000001,0.999999999995,1.000000000013,0.999999999977,
    1.000000000032,0.999999999963,1.000000000034,0.999999999975,
    1.000000000015,0.999999999993,1.000000000002,1.,1.,1.000000000003,
    0.999999999992,1.000000000016,0.999999999974,1.000000000033,
    0.999999999966,1.000000000029,0.999999999979,1.000000000012,
    0.999999999995,1.000000000001,1.,1.,1.000000000003,0.999999999992,
    1.000000000018,0.99999999997,1.00000000004,0.999999999956,
    1.000000000039,0.999999999972,1.000000000017,0.999999999992,
    1.000000000003,1.,1.000000000001,0.999999999997,1.000000000007,
    0.999999999985,1.000000000025,0.999999999967,1.000000000036,
    0.999999999967,1.000000000025,0.999999999985,1.000000000007,
    0.999999999998,1.000000000001,1.,1.,0.999999999999,1.000000000002,
    0.999999999996,1.000000000007,0.999999999992,1.000000000007,
    0.999999999994,1.000000000003,0.999999999998,1.000000000001,1.,1.)) 
REPRESENTATION_ITEM('') );
#5376 = CARTESIAN_POINT('',(-76.96827990577,-124.,78.));
#5377 = CARTESIAN_POINT('',(-76.96878579112,-123.9999999999,
    77.999236703166));
#5378 = CARTESIAN_POINT('',(-76.96872086557,-124.,77.998018912985));
#5379 = CARTESIAN_POINT('',(-76.97110994143,-123.9999999999,
    77.998755825902));
#5380 = CARTESIAN_POINT('',(-76.96644253105,-124.,77.993871928564));
#5381 = CARTESIAN_POINT('',(-76.97661513243,-123.9999999999,
    78.000808725529));
#5382 = CARTESIAN_POINT('',(-76.9630145744,-124.,77.988809161536));
#5383 = CARTESIAN_POINT('',(-76.9790116701,-123.9999999999,
    78.000385389739));
#5384 = CARTESIAN_POINT('',(-76.96614414228,-124.,77.988969686609));
#5385 = CARTESIAN_POINT('',(-76.97528987248,-123.9999999999,
    77.99508847735));
#5386 = CARTESIAN_POINT('',(-76.97145862606,-124.,77.990870532546));
#5387 = CARTESIAN_POINT('',(-76.97339461735,-123.9999999999,
    77.991246426218));
#5388 = CARTESIAN_POINT('',(-76.97348924114,-124.,77.990155576871));
#5389 = CARTESIAN_POINT('',(-76.97396605766,-124.,77.989369145817));
#5390 = CARTESIAN_POINT('',(-76.97484089871,-124.,77.987733493351));
#5391 = CARTESIAN_POINT('',(-76.97527832348,-123.9999999999,
    77.986915655891));
#5392 = CARTESIAN_POINT('',(-76.9757157524,-124.,77.986097807259));
#5393 = CARTESIAN_POINT('',(-76.97615318575,-123.9999999999,
    77.985279947367));
#5394 = CARTESIAN_POINT('',(-76.97659062289,-124.,77.984462076423));
#5395 = CARTESIAN_POINT('',(-76.97702806489,-123.9999999999,
    77.983644194119));
#5396 = CARTESIAN_POINT('',(-76.97746551023,-124.,77.982826300905));
#5397 = CARTESIAN_POINT('',(-76.97790296065,-123.9999999999,
    77.982008396289));
#5398 = CARTESIAN_POINT('',(-76.97834041445,-124.,77.981190480773));
#5399 = CARTESIAN_POINT('',(-76.97877787299,-123.9999999999,
    77.980372553968));
#5400 = CARTESIAN_POINT('',(-76.97921533533,-124.,77.979554616161));
#5401 = CARTESIAN_POINT('',(-76.97965280199,-124.,77.978736667208));
#5402 = CARTESIAN_POINT('',(-76.98009027272,-124.,77.977918707194));
#5403 = CARTESIAN_POINT('',(-76.98140269734,-124.,77.975464793922));
#5404 = CARTESIAN_POINT('',(-76.98227766357,-124.,77.973828807478));
#5405 = CARTESIAN_POINT('',(-76.9831526463,-123.9999999999,
    77.972192776795));
#5406 = CARTESIAN_POINT('',(-76.9840276452,-124.,77.970556702153));
#5407 = CARTESIAN_POINT('',(-76.98490266077,-123.9999999999,
    77.968920583284));
#5408 = CARTESIAN_POINT('',(-76.98577769195,-124.,77.967284420858));
#5409 = CARTESIAN_POINT('',(-76.98665274005,-123.9999999999,
    77.965648214226));
#5410 = CARTESIAN_POINT('',(-76.98752780338,-124.,77.964011964278));
#5411 = CARTESIAN_POINT('',(-76.98840288348,-123.9999999999,
    77.96237567041));
#5412 = CARTESIAN_POINT('',(-76.98927797892,-124.,77.960739333223));
#5413 = CARTESIAN_POINT('',(-76.99015309058,-123.9999999999,
    77.959102952515));
#5414 = CARTESIAN_POINT('',(-76.99102821785,-124.,77.95746652852));
#5415 = CARTESIAN_POINT('',(-76.99190336089,-124.,77.955830061285));
#5416 = CARTESIAN_POINT('',(-76.9945288369,-124.,77.95092053018));
#5417 = CARTESIAN_POINT('',(-76.99627921676,-123.9999999999,
    77.947647336932));
#5418 = CARTESIAN_POINT('',(-76.99802965869,-124.,77.944373971878));
#5419 = CARTESIAN_POINT('',(-76.99978016183,-123.9999999999,
    77.94110043587));
#5420 = CARTESIAN_POINT('',(-77.00153072626,-124.,77.937826729425));
#5421 = CARTESIAN_POINT('',(-77.00328135032,-123.9999999999,
    77.934552853657));
#5422 = CARTESIAN_POINT('',(-77.00503203502,-124.,77.931278808815));
#5423 = CARTESIAN_POINT('',(-77.00678277795,-123.9999999999,
    77.928004596184));
#5424 = CARTESIAN_POINT('',(-77.00853358039,-124.,77.924730216015));
#5425 = CARTESIAN_POINT('',(-77.01028444022,-123.9999999999,
    77.921455669423));
#5426 = CARTESIAN_POINT('',(-77.012035358,-124.,77.918180956918));
#5427 = CARTESIAN_POINT('',(-77.01378633252,-124.,77.914906079365));
#5428 = CARTESIAN_POINT('',(-77.01553736352,-124.,77.911631037453));
#5429 = CARTESIAN_POINT('',(-77.02079062396,-124.,77.901805420932));
#5430 = CARTESIAN_POINT('',(-77.02429302071,-123.9999999999,
    77.895254355802));
#5431 = CARTESIAN_POINT('',(-77.02779563627,-124.,77.888702642286));
#5432 = CARTESIAN_POINT('',(-77.0312984667,-123.9999999999,
    77.882150285748));
#5433 = CARTESIAN_POINT('',(-77.03480150721,-124.,77.875597292412));
#5434 = CARTESIAN_POINT('',(-77.03830475457,-123.9999999999,
    77.869043666886));
#5435 = CARTESIAN_POINT('',(-77.04180820318,-124.,77.862489416288));
#5436 = CARTESIAN_POINT('',(-77.04531185048,-123.9999999999,
    77.855934544459));
#5437 = CARTESIAN_POINT('',(-77.0488156906,-124.,77.849379058867));
#5438 = CARTESIAN_POINT('',(-77.05231972071,-123.9999999999,
    77.842822963568));
#5439 = CARTESIAN_POINT('',(-77.05582393565,-124.,77.836266265337));
#5440 = CARTESIAN_POINT('',(-77.05932833173,-123.9999999999,
    77.829708969134));
#5441 = CARTESIAN_POINT('',(-77.06283290451,-124.,77.823151080911));
#5442 = CARTESIAN_POINT('',(-77.07334714055,-124.,77.803475656762));
#5443 = CARTESIAN_POINT('',(-77.08035731765,-124.,77.790356365981));
#5444 = CARTESIAN_POINT('',(-77.08736815122,-123.9999999999,
    77.777234774192));
#5445 = CARTESIAN_POINT('',(-77.09437961209,-124.,77.764110921791));
#5446 = CARTESIAN_POINT('',(-77.10139166927,-123.9999999999,
    77.75098484909));
#5447 = CARTESIAN_POINT('',(-77.10840429513,-124.,77.737856596517));
#5448 = CARTESIAN_POINT('',(-77.11541745694,-123.9999999999,
    77.724726204356));
#5449 = CARTESIAN_POINT('',(-77.12243112845,-124.,77.71159371305));
#5450 = CARTESIAN_POINT('',(-77.12944527648,-123.9999999999,
    77.698459162889));
#5451 = CARTESIAN_POINT('',(-77.1364598741,-124.,77.685322594287));
#5452 = CARTESIAN_POINT('',(-77.14347488962,-123.9999999999,
    77.672184047576));
#5453 = CARTESIAN_POINT('',(-77.1504902944,-124.,77.65904356313));
#5454 = CARTESIAN_POINT('',(-77.15750605819,-124.,77.645901181309));
#5455 = CARTESIAN_POINT('',(-77.17855433782,-124.,77.606468464804));
#5456 = CARTESIAN_POINT('',(-77.19258778843,-124.,77.580172621363));
#5457 = CARTESIAN_POINT('',(-77.20662232293,-123.9999999999,
    77.553869666993));
#5458 = CARTESIAN_POINT('',(-77.22065776111,-124.,77.527559856601));
#5459 = CARTESIAN_POINT('',(-77.23469392255,-123.9999999999,
    77.501243444923));
#5460 = CARTESIAN_POINT('',(-77.24873062725,-124.,77.474920687056));
#5461 = CARTESIAN_POINT('',(-77.26276769451,-123.9999999999,
    77.44859183747));
#5462 = CARTESIAN_POINT('',(-77.27680494458,-124.,77.422257151535));
#5463 = CARTESIAN_POINT('',(-77.29084219667,-123.9999999999,
    77.395916883552));
#5464 = CARTESIAN_POINT('',(-77.30487927091,-124.,77.369571288873));
#5465 = CARTESIAN_POINT('',(-77.31891598676,-123.9999999999,
    77.343220621997));
#5466 = CARTESIAN_POINT('',(-77.33295216408,-124.,77.31686513799));
#5467 = CARTESIAN_POINT('',(-77.34698762256,-124.,77.290505091615));
#5468 = CARTESIAN_POINT('',(-77.38909130063,-124.,77.211412030049));
#5469 = CARTESIAN_POINT('',(-77.41715619898,-123.9999999999,
    77.1586667901));
#5470 = CARTESIAN_POINT('',(-77.44521618742,-124.,77.105906191557));
#5471 = CARTESIAN_POINT('',(-77.47327057665,-123.9999999999,
    77.053131408107));
#5472 = CARTESIAN_POINT('',(-77.50131867682,-124.,77.000343613304));
#5473 = CARTESIAN_POINT('',(-77.52935979908,-123.9999999999,
    76.947543980994));
#5474 = CARTESIAN_POINT('',(-77.55739325306,-124.,76.894733684524));
#5475 = CARTESIAN_POINT('',(-77.58541835034,-123.9999999999,
    76.841913897928));
#5476 = CARTESIAN_POINT('',(-77.61343440037,-124.,76.789085794468));
#5477 = CARTESIAN_POINT('',(-77.64144071459,-123.9999999999,
    76.736250548119));
#5478 = CARTESIAN_POINT('',(-77.66943660286,-124.,76.683409332311));
#5479 = CARTESIAN_POINT('',(-77.69742137608,-123.9999999999,
    76.63056332082));
#5480 = CARTESIAN_POINT('',(-77.7253943446,-124.,76.577713687241));
#5481 = CARTESIAN_POINT('',(-77.8092757678,-123.9999999999,
    76.419157441255));
#5482 = CARTESIAN_POINT('',(-77.86514934228,-124.,76.313440812469));
#5483 = CARTESIAN_POINT('',(-77.92097401328,-123.9999999999,
    76.207716435326));
#5484 = CARTESIAN_POINT('',(-77.97674890089,-124.,76.101988452013));
#5485 = CARTESIAN_POINT('',(-78.03247377489,-123.9999999999,
    75.996260431083));
#5486 = CARTESIAN_POINT('',(-78.08814905388,-124.,75.890535366267));
#5487 = CARTESIAN_POINT('',(-78.14377580672,-123.9999999999,
    75.784815678366));
#5488 = CARTESIAN_POINT('',(-78.19935575044,-124.,75.679103212724));
#5489 = CARTESIAN_POINT('',(-78.25489125291,-123.9999999999,
    75.573399242082));
#5490 = CARTESIAN_POINT('',(-78.3103853299,-124.,75.467704463844));
#5491 = CARTESIAN_POINT('',(-78.36584164782,-123.9999999999,
    75.362019002294));
#5492 = CARTESIAN_POINT('',(-78.42126452157,-124.,75.256342407085));
#5493 = CARTESIAN_POINT('',(-78.47665891596,-124.,75.150673654092));
#5494 = CARTESIAN_POINT('',(-78.64277350285,-124.,74.83368612689));
#5495 = CARTESIAN_POINT('',(-78.75342230999,-123.9999999999,
    74.622392759217));
#5496 = CARTESIAN_POINT('',(-78.86401670162,-124.,74.411121263934));
#5497 = CARTESIAN_POINT('',(-78.97460223048,-123.9999999999,
    74.199862887546));
#5498 = CARTESIAN_POINT('',(-79.08522884537,-124.,73.988610024124));
#5499 = CARTESIAN_POINT('',(-79.19594957389,-123.9999999999,
    73.777356337503));
#5500 = CARTESIAN_POINT('',(-79.30681919827,-124.,73.566096884677));
#5501 = CARTESIAN_POINT('',(-79.41789294109,-123.9999999999,
    73.354828237742));
#5502 = CARTESIAN_POINT('',(-79.5292251388,-124.,73.143548607241));
#5503 = CARTESIAN_POINT('',(-79.6408679282,-123.9999999999,
    72.932257964469));
#5504 = CARTESIAN_POINT('',(-79.7528699211,-124.,72.720958164297));
#5505 = CARTESIAN_POINT('',(-79.86527488822,-124.,72.50965306795));
#5506 = CARTESIAN_POINT('',(-79.97812043692,-124.,72.298348665549));
#5507 = CARTESIAN_POINT('',(-80.20475294786,-124.,71.875757732363));
#5508 = CARTESIAN_POINT('',(-80.31853962473,-123.9999999999,
    71.664468601786));
#5509 = CARTESIAN_POINT('',(-80.43282883216,-124.,71.453191293706));
#5510 = CARTESIAN_POINT('',(-80.54764454879,-123.9999999999,
    71.241930449688));
#5511 = CARTESIAN_POINT('',(-80.66300296322,-124.,71.030689618005));
#5512 = CARTESIAN_POINT('',(-80.7789130757,-123.9999999999,
    70.819471206154));
#5513 = CARTESIAN_POINT('',(-80.89537756358,-124.,70.608276639491));
#5514 = CARTESIAN_POINT('',(-81.01239390674,-123.9999999999,
    70.397106718138));
#5515 = CARTESIAN_POINT('',(-81.12995577787,-124.,70.185962182123));
#5516 = CARTESIAN_POINT('',(-81.24805469219,-123.9999999999,
    69.974844473973));
#5517 = CARTESIAN_POINT('',(-81.36668192172,-124.,69.763756708735));
#5518 = CARTESIAN_POINT('',(-81.48583067002,-123.9999999999,
    69.552704843543));
#5519 = CARTESIAN_POINT('',(-81.60549851016,-124.,69.341699052025));
#5520 = CARTESIAN_POINT('',(-81.84588165848,-124.,68.919811549081));
#5521 = CARTESIAN_POINT('',(-81.96659856814,-123.9999999999,
    68.708927447381));
#5522 = CARTESIAN_POINT('',(-82.08784332654,-124.,68.498121660805));
#5523 = CARTESIAN_POINT('',(-82.20961953726,-123.9999999999,
    68.287411991639));
#5524 = CARTESIAN_POINT('',(-82.33193189383,-124.,68.076815379253));
#5525 = CARTESIAN_POINT('',(-82.45478618047,-123.9999999999,
    67.86634789988));
#5526 = CARTESIAN_POINT('',(-82.57818927096,-124.,67.656024766853));
#5527 = CARTESIAN_POINT('',(-82.70214913012,-123.9999999999,
    67.445860330444));
#5528 = CARTESIAN_POINT('',(-82.82667481211,-124.,67.235868077872));
#5529 = CARTESIAN_POINT('',(-82.95177646211,-123.9999999999,
    67.02606063346));
#5530 = CARTESIAN_POINT('',(-83.07746531492,-124.,66.816449758371));
#5531 = CARTESIAN_POINT('',(-83.20375369595,-123.9999999999,
    66.607046350891));
#5532 = CARTESIAN_POINT('',(-83.33065502061,-124.,66.397860446197));
#5533 = CARTESIAN_POINT('',(-83.96829889074,-124.,65.353064297752));
#5534 = CARTESIAN_POINT('',(-84.48846761938,-124.,64.520850328641));
#5535 = CARTESIAN_POINT('',(-85.01972389997,-124.,63.692664181215));
#5536 = CARTESIAN_POINT('',(-85.56342837633,-124.,62.86875359975));
#5537 = CARTESIAN_POINT('',(-86.1213032091,-124.,62.048948818007));
#5538 = CARTESIAN_POINT('',(-86.695214424,-124.,61.232934737616));
#5539 = CARTESIAN_POINT('',(-87.28675985451,-124.,60.420759896401));
#5540 = CARTESIAN_POINT('',(-87.89678410488,-124.,59.613322985266));
#5541 = CARTESIAN_POINT('',(-88.52500533346,-124.,58.812614218037));
#5542 = CARTESIAN_POINT('',(-89.17000204286,-124.,58.021525392236));
#5543 = CARTESIAN_POINT('',(-89.82987144143,-124.,57.243079016621));
#5544 = CARTESIAN_POINT('',(-90.50393432156,-124.,56.478963424073));
#5545 = CARTESIAN_POINT('',(-91.19592478306,-124.,55.727297319442));
#5546 = CARTESIAN_POINT('',(-93.33714211219,-124.,53.513629080126));
#5547 = CARTESIAN_POINT('',(-94.81725689143,-123.9999999999,
    52.099131511086));
#5548 = CARTESIAN_POINT('',(-96.37539927656,-124.,50.750855774421));
#5549 = CARTESIAN_POINT('',(-98.02019891425,-123.9999999999,
    49.458179280987));
#5550 = CARTESIAN_POINT('',(-99.7616479993,-124.,48.229435445632));
#5551 = CARTESIAN_POINT('',(-101.5701834783,-123.9999999999,
    47.086381882211));
#5552 = CARTESIAN_POINT('',(-103.465664316,-124.,46.04429972333));
#5553 = CARTESIAN_POINT('',(-105.4369172048,-123.9999999999,
    45.100625027748));
#5554 = CARTESIAN_POINT('',(-107.482911993,-124.,44.264135128602));
#5555 = CARTESIAN_POINT('',(-109.6170558843,-123.9999999999,
    43.555058908324));
#5556 = CARTESIAN_POINT('',(-111.7790184634,-124.,42.972717984566));
#5557 = CARTESIAN_POINT('',(-114.007347673,-123.9999999999,
    42.529170563605));
#5558 = CARTESIAN_POINT('',(-116.2854757149,-124.,42.23876813564));
#5559 = CARTESIAN_POINT('',(-118.7186766763,-124.,42.077978966598));
#5560 = CARTESIAN_POINT('',(-118.8948542101,-124.,42.066033984034));
#5561 = CARTESIAN_POINT('',(-119.0608023247,-123.9999999999,
    42.055070993942));
#5562 = CARTESIAN_POINT('',(-119.2232069969,-124.,42.045057612246));
#5563 = CARTESIAN_POINT('',(-119.3852658523,-123.9999999999,
    42.036022774976));
#5564 = CARTESIAN_POINT('',(-119.5481250138,-124.,42.027999880876));
#5565 = CARTESIAN_POINT('',(-119.711886443,-123.9999999999,
    42.021001838612));
#5566 = CARTESIAN_POINT('',(-119.8762576571,-124.,42.015019013295));
#5567 = CARTESIAN_POINT('',(-120.0409157054,-123.9999999999,
    42.010031084383));
#5568 = CARTESIAN_POINT('',(-120.2056572875,-124.,42.00602380451));
#5569 = CARTESIAN_POINT('',(-120.3704068984,-123.9999999999,
    42.003001673945));
#5570 = CARTESIAN_POINT('',(-120.5351548813,-124.,42.000987521146));
#5571 = CARTESIAN_POINT('',(-120.6998972745,-124.,42.000000000002));
#5572 = CARTESIAN_POINT('',(-120.8646493323,-124.,42.));
#5573 = PCURVE('',#2670,#5574);
#5574 = DEFINITIONAL_REPRESENTATION('',(#5575),#5773);
#5575 = B_SPLINE_CURVE_WITH_KNOTS('',14,(#5576,#5577,#5578,#5579,#5580,
    #5581,#5582,#5583,#5584,#5585,#5586,#5587,#5588,#5589,#5590,#5591,
    #5592,#5593,#5594,#5595,#5596,#5597,#5598,#5599,#5600,#5601,#5602,
    #5603,#5604,#5605,#5606,#5607,#5608,#5609,#5610,#5611,#5612,#5613,
    #5614,#5615,#5616,#5617,#5618,#5619,#5620,#5621,#5622,#5623,#5624,
    #5625,#5626,#5627,#5628,#5629,#5630,#5631,#5632,#5633,#5634,#5635,
    #5636,#5637,#5638,#5639,#5640,#5641,#5642,#5643,#5644,#5645,#5646,
    #5647,#5648,#5649,#5650,#5651,#5652,#5653,#5654,#5655,#5656,#5657,
    #5658,#5659,#5660,#5661,#5662,#5663,#5664,#5665,#5666,#5667,#5668,
    #5669,#5670,#5671,#5672,#5673,#5674,#5675,#5676,#5677,#5678,#5679,
    #5680,#5681,#5682,#5683,#5684,#5685,#5686,#5687,#5688,#5689,#5690,
    #5691,#5692,#5693,#5694,#5695,#5696,#5697,#5698,#5699,#5700,#5701,
    #5702,#5703,#5704,#5705,#5706,#5707,#5708,#5709,#5710,#5711,#5712,
    #5713,#5714,#5715,#5716,#5717,#5718,#5719,#5720,#5721,#5722,#5723,
    #5724,#5725,#5726,#5727,#5728,#5729,#5730,#5731,#5732,#5733,#5734,
    #5735,#5736,#5737,#5738,#5739,#5740,#5741,#5742,#5743,#5744,#5745,
    #5746,#5747,#5748,#5749,#5750,#5751,#5752,#5753,#5754,#5755,#5756,
    #5757,#5758,#5759,#5760,#5761,#5762,#5763,#5764,#5765,#5766,#5767,
    #5768,#5769,#5770,#5771,#5772),.UNSPECIFIED.,.F.,.F.,(15,13,13,13,13
    ,13,13,13,13,13,13,13,13,13,13,15),(0.,1.285484383361E-02,
    2.570968766722E-02,5.141937533444E-02,0.102838750669,0.205677501338,
    0.411355002676,0.822710005351,1.645420010702,3.290840021404,
    6.581680042808,9.872520064213,13.163360085617,26.326720171234,
    52.134583305342,54.427243247242),.UNSPECIFIED.);
#5576 = CARTESIAN_POINT('',(77.999999832643,130.53172005706));
#5577 = CARTESIAN_POINT('',(77.999236703171,130.53121420887));
#5578 = CARTESIAN_POINT('',(77.998018912966,130.53127913448));
#5579 = CARTESIAN_POINT('',(77.998755825935,130.52889005838));
#5580 = CARTESIAN_POINT('',(77.993871928543,130.53355746938));
#5581 = CARTESIAN_POINT('',(78.000808725489,130.52338486675));
#5582 = CARTESIAN_POINT('',(77.98880916168,130.53698542677));
#5583 = CARTESIAN_POINT('',(78.000385389503,130.52098832855));
#5584 = CARTESIAN_POINT('',(77.98896968687,130.53385585892));
#5585 = CARTESIAN_POINT('',(77.995088477144,130.52471012665));
#5586 = CARTESIAN_POINT('',(77.990870532657,130.52854137441));
#5587 = CARTESIAN_POINT('',(77.991246426187,130.52660538246));
#5588 = CARTESIAN_POINT('',(77.990155576862,130.52651075889));
#5589 = CARTESIAN_POINT('',(77.989369145834,130.52603394234));
#5590 = CARTESIAN_POINT('',(77.987733493311,130.52515910124));
#5591 = CARTESIAN_POINT('',(77.98691565615,130.52472167683));
#5592 = CARTESIAN_POINT('',(77.986097806468,130.52428424661));
#5593 = CARTESIAN_POINT('',(77.985279949059,130.52384681631));
#5594 = CARTESIAN_POINT('',(77.984462073642,130.52340937375));
#5595 = CARTESIAN_POINT('',(77.983644197766,130.52297193937));
#5596 = CARTESIAN_POINT('',(77.982826297017,130.52253448537));
#5597 = CARTESIAN_POINT('',(77.982008399687,130.52209704302));
#5598 = CARTESIAN_POINT('',(77.981190478344,130.52165958304));
#5599 = CARTESIAN_POINT('',(77.980372555363,130.52122212837));
#5600 = CARTESIAN_POINT('',(77.979554615547,130.52078466409));
#5601 = CARTESIAN_POINT('',(77.978736667391,130.52034719816));
#5602 = CARTESIAN_POINT('',(77.977918707177,130.51990972726));
#5603 = CARTESIAN_POINT('',(77.975464793907,130.51859730262));
#5604 = CARTESIAN_POINT('',(77.973828807652,130.51772233668));
#5605 = CARTESIAN_POINT('',(77.972192776219,130.5168473529));
#5606 = CARTESIAN_POINT('',(77.970556703421,130.51597235648));
#5607 = CARTESIAN_POINT('',(77.968920581179,130.51509733648));
#5608 = CARTESIAN_POINT('',(77.967284423626,130.51422231156));
#5609 = CARTESIAN_POINT('',(77.965648211278,130.5133472563));
#5610 = CARTESIAN_POINT('',(77.964011966847,130.51247219968));
#5611 = CARTESIAN_POINT('',(77.96237566858,130.51159711439));
#5612 = CARTESIAN_POINT('',(77.960739334269,130.51072202224));
#5613 = CARTESIAN_POINT('',(77.959102952058,130.50984690891));
#5614 = CARTESIAN_POINT('',(77.957466528652,130.50897178228));
#5615 = CARTESIAN_POINT('',(77.955830061277,130.50809663909));
#5616 = CARTESIAN_POINT('',(77.950920530152,130.50547116307));
#5617 = CARTESIAN_POINT('',(77.947647337152,130.50372078347));
#5618 = CARTESIAN_POINT('',(77.944373971175,130.50197034056));
#5619 = CARTESIAN_POINT('',(77.941100437406,130.50021983977));
#5620 = CARTESIAN_POINT('',(77.937826726863,130.49846927111));
#5621 = CARTESIAN_POINT('',(77.934552857053,130.49671865307));
#5622 = CARTESIAN_POINT('',(77.93127880516,130.4949679614));
#5623 = CARTESIAN_POINT('',(77.928004599403,130.49321722512));
#5624 = CARTESIAN_POINT('',(77.924730213699,130.49146641744));
#5625 = CARTESIAN_POINT('',(77.921455670761,130.48971556098));
#5626 = CARTESIAN_POINT('',(77.918180956326,130.48796464147));
#5627 = CARTESIAN_POINT('',(77.91490607954,130.48621366761));
#5628 = CARTESIAN_POINT('',(77.911631037439,130.48446263647));
#5629 = CARTESIAN_POINT('',(77.901805420907,130.47920937597));
#5630 = CARTESIAN_POINT('',(77.89525435603,130.47570697967));
#5631 = CARTESIAN_POINT('',(77.888702641551,130.47220436252));
#5632 = CARTESIAN_POINT('',(77.882150287352,130.46870153586));
#5633 = CARTESIAN_POINT('',(77.875597289746,130.46519848857));
#5634 = CARTESIAN_POINT('',(77.869043670405,130.46169525094));
#5635 = CARTESIAN_POINT('',(77.862489412518,130.45819179092));
#5636 = CARTESIAN_POINT('',(77.855934547765,130.45468815468));
#5637 = CARTESIAN_POINT('',(77.849379056499,130.45118430568));
#5638 = CARTESIAN_POINT('',(77.842822964928,130.44768028143));
#5639 = CARTESIAN_POINT('',(77.83626626474,130.4441760634));
#5640 = CARTESIAN_POINT('',(77.829708969308,130.44067166854));
#5641 = CARTESIAN_POINT('',(77.823151080897,130.43716709545));
#5642 = CARTESIAN_POINT('',(77.803475656736,130.42665285941));
#5643 = CARTESIAN_POINT('',(77.790356366211,130.41964268271));
#5644 = CARTESIAN_POINT('',(77.777234773445,130.41263184759));
#5645 = CARTESIAN_POINT('',(77.764110923439,130.40562039051));
#5646 = CARTESIAN_POINT('',(77.750984846314,130.39860832632));
#5647 = CARTESIAN_POINT('',(77.737856600242,130.39159571077));
#5648 = CARTESIAN_POINT('',(77.724726200292,130.38458253661));
#5649 = CARTESIAN_POINT('',(77.711593716682,130.37756887729));
#5650 = CARTESIAN_POINT('',(77.69845916024,130.37055471932));
#5651 = CARTESIAN_POINT('',(77.685322595834,130.36354012834));
#5652 = CARTESIAN_POINT('',(77.672184046885,130.35652510927));
#5653 = CARTESIAN_POINT('',(77.659043563338,130.34950970592));
#5654 = CARTESIAN_POINT('',(77.64590118129,130.34249394178));
#5655 = CARTESIAN_POINT('',(77.606468464787,130.32144566214));
#5656 = CARTESIAN_POINT('',(77.580172621558,130.3074122119));
#5657 = CARTESIAN_POINT('',(77.553869666346,130.29337767594));
#5658 = CARTESIAN_POINT('',(77.527559858031,130.27934224139));
#5659 = CARTESIAN_POINT('',(77.501243442532,130.2653060732));
#5660 = CARTESIAN_POINT('',(77.474920690232,130.25126937844));
#5661 = CARTESIAN_POINT('',(77.448591834046,130.23723229927));
#5662 = CARTESIAN_POINT('',(77.422257154559,130.22319506093));
#5663 = CARTESIAN_POINT('',(77.395916881368,130.20915779932));
#5664 = CARTESIAN_POINT('',(77.369571290139,130.19512073141));
#5665 = CARTESIAN_POINT('',(77.343220621436,130.1810840122));
#5666 = CARTESIAN_POINT('',(77.316865138157,130.16704783621));
#5667 = CARTESIAN_POINT('',(77.290505091601,130.15301237741));
#5668 = CARTESIAN_POINT('',(77.21141203003,130.11090869933));
#5669 = CARTESIAN_POINT('',(77.158666790286,130.08284380135));
#5670 = CARTESIAN_POINT('',(77.105906190948,130.05478381145));
#5671 = CARTESIAN_POINT('',(77.053131409453,130.02672942585));
#5672 = CARTESIAN_POINT('',(77.000343611042,129.99868131892));
#5673 = CARTESIAN_POINT('',(76.947543984018,129.97064020665));
#5674 = CARTESIAN_POINT('',(76.894733681235,129.94260674063));
#5675 = CARTESIAN_POINT('',(76.841913900868,129.91458165531));
#5676 = CARTESIAN_POINT('',(76.789085792312,129.88656559548));
#5677 = CARTESIAN_POINT('',(76.736250549392,129.85855928784));
#5678 = CARTESIAN_POINT('',(76.683409331731,129.83056339604));
#5679 = CARTESIAN_POINT('',(76.630563321,129.80257862424));
#5680 = CARTESIAN_POINT('',(76.577713687221,129.77460565536));
#5681 = CARTESIAN_POINT('',(76.419157441253,129.69072423216));
#5682 = CARTESIAN_POINT('',(76.313440812562,129.63485065802));
#5683 = CARTESIAN_POINT('',(76.207716434994,129.57902598569));
#5684 = CARTESIAN_POINT('',(76.101988452765,129.52325110137));
#5685 = CARTESIAN_POINT('',(75.996260429825,129.46752622131));
#5686 = CARTESIAN_POINT('',(75.890535367916,129.41185095111));
#5687 = CARTESIAN_POINT('',(75.784815676627,129.35622418794));
#5688 = CARTESIAN_POINT('',(75.679103214216,129.30064425418));
#5689 = CARTESIAN_POINT('',(75.573399241041,129.2451087438));
#5690 = CARTESIAN_POINT('',(75.467704464421,129.18961467195));
#5691 = CARTESIAN_POINT('',(75.362019002054,129.13415835136));
#5692 = CARTESIAN_POINT('',(75.256342407146,129.07873547865));
#5693 = CARTESIAN_POINT('',(75.150673654094,129.02334108402));
#5694 = CARTESIAN_POINT('',(74.833686126854,128.8572264971));
#5695 = CARTESIAN_POINT('',(74.622392759453,128.74657769036));
#5696 = CARTESIAN_POINT('',(74.411121263217,128.63598329724));
#5697 = CARTESIAN_POINT('',(74.199862889074,128.52539777197));
#5698 = CARTESIAN_POINT('',(73.988610021628,128.41477115055));
#5699 = CARTESIAN_POINT('',(73.777356340753,128.30405043148));
#5700 = CARTESIAN_POINT('',(73.566096881241,128.19318079592));
#5701 = CARTESIAN_POINT('',(73.354828240718,128.08210706403));
#5702 = CARTESIAN_POINT('',(73.143548605135,127.97077485748));
#5703 = CARTESIAN_POINT('',(72.932257965668,127.85913207397));
#5704 = CARTESIAN_POINT('',(72.72095816377,127.7471300779));
#5705 = CARTESIAN_POINT('',(72.50965306811,127.63472511208));
#5706 = CARTESIAN_POINT('',(72.298348665531,127.52187956303));
#5707 = CARTESIAN_POINT('',(71.875757732358,127.29524705214));
#5708 = CARTESIAN_POINT('',(71.664468601882,127.18146037535));
#5709 = CARTESIAN_POINT('',(71.453191293354,127.06717116744));
#5710 = CARTESIAN_POINT('',(71.241930450521,126.9523554522));
#5711 = CARTESIAN_POINT('',(71.030689616527,126.83699703488));
#5712 = CARTESIAN_POINT('',(70.819471208217,126.72108692706));
#5713 = CARTESIAN_POINT('',(70.608276637182,126.60462243316));
#5714 = CARTESIAN_POINT('',(70.397106720226,126.48760609632));
#5715 = CARTESIAN_POINT('',(70.185962180603,126.37004421981));
#5716 = CARTESIAN_POINT('',(69.974844474849,126.25194530918));
#5717 = CARTESIAN_POINT('',(69.763756708354,126.13331807766));
#5718 = CARTESIAN_POINT('',(69.55270484365,126.01416933015));
#5719 = CARTESIAN_POINT('',(69.341699052022,125.89450148982));
#5720 = CARTESIAN_POINT('',(68.919811549055,125.65411834147));
#5721 = CARTESIAN_POINT('',(68.70892744758,125.53340143216));
#5722 = CARTESIAN_POINT('',(68.498121660203,125.41215667252));
#5723 = CARTESIAN_POINT('',(68.287411992882,125.29038046462));
#5724 = CARTESIAN_POINT('',(68.076815377287,125.16806810323));
#5725 = CARTESIAN_POINT('',(67.866347902378,125.04521382319));
#5726 = CARTESIAN_POINT('',(67.656024764242,124.92181072527));
#5727 = CARTESIAN_POINT('',(67.445860332707,124.79785087307));
#5728 = CARTESIAN_POINT('',(67.235868076253,124.67332518565));
#5729 = CARTESIAN_POINT('',(67.026060634396,124.54822353914));
#5730 = CARTESIAN_POINT('',(66.816449757956,124.42253468452));
#5731 = CARTESIAN_POINT('',(66.607046351015,124.2962463042));
#5732 = CARTESIAN_POINT('',(66.397860446186,124.16934497937));
#5733 = CARTESIAN_POINT('',(65.353064297736,123.5317011092));
#5734 = CARTESIAN_POINT('',(64.520850328784,123.01153238097));
#5735 = CARTESIAN_POINT('',(63.692664180754,122.48027609894));
#5736 = CARTESIAN_POINT('',(62.86875360075,121.93657162598));
#5737 = CARTESIAN_POINT('',(62.048948816355,121.37869678711));
#5738 = CARTESIAN_POINT('',(61.232934739784,120.80478558091));
#5739 = CARTESIAN_POINT('',(60.420759894089,120.21324014028));
#5740 = CARTESIAN_POINT('',(59.613322987293,119.60321589962));
#5741 = CARTESIAN_POINT('',(58.812614216579,118.97499466333));
#5742 = CARTESIAN_POINT('',(58.021525393086,118.32999795898));
#5743 = CARTESIAN_POINT('',(57.243079016233,117.67012855772));
#5744 = CARTESIAN_POINT('',(56.478963424199,116.9960656787));
#5745 = CARTESIAN_POINT('',(55.727297319421,116.30407521688));
#5746 = CARTESIAN_POINT('',(53.513629080153,114.16285788786));
#5747 = CARTESIAN_POINT('',(52.09913151099,112.68274310832));
#5748 = CARTESIAN_POINT('',(50.75085577466,111.12460072408));
#5749 = CARTESIAN_POINT('',(49.458179280525,109.47980108446));
#5750 = CARTESIAN_POINT('',(48.229435446351,107.73835200272));
#5751 = CARTESIAN_POINT('',(47.086381881292,105.92981651901));
#5752 = CARTESIAN_POINT('',(46.044299724304,104.03433568671));
#5753 = CARTESIAN_POINT('',(45.10062502689,102.06308279271));
#5754 = CARTESIAN_POINT('',(44.26413512923,100.01708800872));
#5755 = CARTESIAN_POINT('',(43.555058907948,97.882944114657));
#5756 = CARTESIAN_POINT('',(42.972717984749,95.720981537047));
#5757 = CARTESIAN_POINT('',(42.529170563537,93.492652326779));
#5758 = CARTESIAN_POINT('',(42.238768135658,91.214524285064));
#5759 = CARTESIAN_POINT('',(42.077978966593,88.781323323679));
#5760 = CARTESIAN_POINT('',(42.066033984072,88.60514578993));
#5761 = CARTESIAN_POINT('',(42.055070993812,88.439197675144));
#5762 = CARTESIAN_POINT('',(42.045057612551,88.27679300341));
#5763 = CARTESIAN_POINT('',(42.036022774435,88.11473414693));
#5764 = CARTESIAN_POINT('',(42.027999881637,87.951874987124));
#5765 = CARTESIAN_POINT('',(42.021001837751,87.788113555721));
#5766 = CARTESIAN_POINT('',(42.015019014085,87.623742343942));
#5767 = CARTESIAN_POINT('',(42.010031083796,87.459084293659));
#5768 = CARTESIAN_POINT('',(42.006023804863,87.294342712953));
#5769 = CARTESIAN_POINT('',(42.003001673778,87.129593101308));
#5770 = CARTESIAN_POINT('',(42.000987521204,86.964845118729));
#5771 = CARTESIAN_POINT('',(41.99999999999,86.800102725478));
#5772 = CARTESIAN_POINT('',(42.,86.635350667629));
#5773 = ( GEOMETRIC_REPRESENTATION_CONTEXT(2) 
PARAMETRIC_REPRESENTATION_CONTEXT() REPRESENTATION_CONTEXT('2D SPACE',''
  ) );
#5774 = PCURVE('',#5775,#6367);
#5775 = ( BOUNDED_SURFACE() B_SPLINE_SURFACE(2,14,(
    (#5776,#5777,#5778,#5779,#5780,#5781,#5782,#5783,#5784,#5785,#5786
      ,#5787,#5788,#5789,#5790,#5791,#5792,#5793,#5794,#5795,#5796,#5797
      ,#5798,#5799,#5800,#5801,#5802,#5803,#5804,#5805,#5806,#5807,#5808
      ,#5809,#5810,#5811,#5812,#5813,#5814,#5815,#5816,#5817,#5818,#5819
      ,#5820,#5821,#5822,#5823,#5824,#5825,#5826,#5827,#5828,#5829,#5830
      ,#5831,#5832,#5833,#5834,#5835,#5836,#5837,#5838,#5839,#5840,#5841
      ,#5842,#5843,#5844,#5845,#5846,#5847,#5848,#5849,#5850,#5851,#5852
      ,#5853,#5854,#5855,#5856,#5857,#5858,#5859,#5860,#5861,#5862,#5863
      ,#5864,#5865,#5866,#5867,#5868,#5869,#5870,#5871,#5872,#5873,#5874
      ,#5875,#5876,#5877,#5878,#5879,#5880,#5881,#5882,#5883,#5884,#5885
      ,#5886,#5887,#5888,#5889,#5890,#5891,#5892,#5893,#5894,#5895,#5896
      ,#5897,#5898,#5899,#5900,#5901,#5902,#5903,#5904,#5905,#5906,#5907
      ,#5908,#5909,#5910,#5911,#5912,#5913,#5914,#5915,#5916,#5917,#5918
      ,#5919,#5920,#5921,#5922,#5923,#5924,#5925,#5926,#5927,#5928,#5929
      ,#5930,#5931,#5932,#5933,#5934,#5935,#5936,#5937,#5938,#5939,#5940
      ,#5941,#5942,#5943,#5944,#5945,#5946,#5947,#5948,#5949,#5950,#5951
      ,#5952,#5953,#5954,#5955,#5956,#5957,#5958,#5959,#5960,#5961,#5962
      ,#5963,#5964,#5965,#5966,#5967,#5968,#5969,#5970,#5971,#5972)
    ,(#5973,#5974,#5975,#5976,#5977,#5978,#5979,#5980,#5981,#5982,#5983
      ,#5984,#5985,#5986,#5987,#5988,#5989,#5990,#5991,#5992,#5993,#5994
      ,#5995,#5996,#5997,#5998,#5999,#6000,#6001,#6002,#6003,#6004,#6005
      ,#6006,#6007,#6008,#6009,#6010,#6011,#6012,#6013,#6014,#6015,#6016
      ,#6017,#6018,#6019,#6020,#6021,#6022,#6023,#6024,#6025,#6026,#6027
      ,#6028,#6029,#6030,#6031,#6032,#6033,#6034,#6035,#6036,#6037,#6038
      ,#6039,#6040,#6041,#6042,#6043,#6044,#6045,#6046,#6047,#6048,#6049
      ,#6050,#6051,#6052,#6053,#6054,#6055,#6056,#6057,#6058,#6059,#6060
      ,#6061,#6062,#6063,#6064,#6065,#6066,#6067,#6068,#6069,#6070,#6071
      ,#6072,#6073,#6074,#6075,#6076,#6077,#6078,#6079,#6080,#6081,#6082
      ,#6083,#6084,#6085,#6086,#6087,#6088,#6089,#6090,#6091,#6092,#6093
      ,#6094,#6095,#6096,#6097,#6098,#6099,#6100,#6101,#6102,#6103,#6104
      ,#6105,#6106,#6107,#6108,#6109,#6110,#6111,#6112,#6113,#6114,#6115
      ,#6116,#6117,#6118,#6119,#6120,#6121,#6122,#6123,#6124,#6125,#6126
      ,#6127,#6128,#6129,#6130,#6131,#6132,#6133,#6134,#6135,#6136,#6137
      ,#6138,#6139,#6140,#6141,#6142,#6143,#6144,#6145,#6146,#6147,#6148
      ,#6149,#6150,#6151,#6152,#6153,#6154,#6155,#6156,#6157,#6158,#6159
      ,#6160,#6161,#6162,#6163,#6164,#6165,#6166,#6167,#6168,#6169)
    ,(#6170,#6171,#6172,#6173,#6174,#6175,#6176,#6177,#6178,#6179,#6180
      ,#6181,#6182,#6183,#6184,#6185,#6186,#6187,#6188,#6189,#6190,#6191
      ,#6192,#6193,#6194,#6195,#6196,#6197,#6198,#6199,#6200,#6201,#6202
      ,#6203,#6204,#6205,#6206,#6207,#6208,#6209,#6210,#6211,#6212,#6213
      ,#6214,#6215,#6216,#6217,#6218,#6219,#6220,#6221,#6222,#6223,#6224
      ,#6225,#6226,#6227,#6228,#6229,#6230,#6231,#6232,#6233,#6234,#6235
      ,#6236,#6237,#6238,#6239,#6240,#6241,#6242,#6243,#6244,#6245,#6246
      ,#6247,#6248,#6249,#6250,#6251,#6252,#6253,#6254,#6255,#6256,#6257
      ,#6258,#6259,#6260,#6261,#6262,#6263,#6264,#6265,#6266,#6267,#6268
      ,#6269,#6270,#6271,#6272,#6273,#6274,#6275,#6276,#6277,#6278,#6279
      ,#6280,#6281,#6282,#6283,#6284,#6285,#6286,#6287,#6288,#6289,#6290
      ,#6291,#6292,#6293,#6294,#6295,#6296,#6297,#6298,#6299,#6300,#6301
      ,#6302,#6303,#6304,#6305,#6306,#6307,#6308,#6309,#6310,#6311,#6312
      ,#6313,#6314,#6315,#6316,#6317,#6318,#6319,#6320,#6321,#6322,#6323
      ,#6324,#6325,#6326,#6327,#6328,#6329,#6330,#6331,#6332,#6333,#6334
      ,#6335,#6336,#6337,#6338,#6339,#6340,#6341,#6342,#6343,#6344,#6345
      ,#6346,#6347,#6348,#6349,#6350,#6351,#6352,#6353,#6354,#6355,#6356
      ,#6357,#6358,#6359,#6360,#6361,#6362,#6363,#6364,#6365,#6366
)),.UNSPECIFIED.,.F.,.F.,.F.) B_SPLINE_SURFACE_WITH_KNOTS((3,3),(15,13,
    13,13,13,13,13,13,13,13,13,13,13,13,13,15),(0.,54.427243247242),(0.,
    1.285484383361E-02,2.570968766722E-02,5.141937533444E-02,
    0.102838750669,0.205677501338,0.411355002676,0.822710005351,
    1.645420010702,3.290840021404,6.581680042808,9.872520064213,
    13.163360085617,26.326720171234,52.134583305342,54.427243247242),
.UNSPECIFIED.) GEOMETRIC_REPRESENTATION_ITEM() RATIONAL_B_SPLINE_SURFACE
((
    (1.,1.,0.999999999999,1.000000000002,0.999999999997,1.000000000004
      ,0.999999999996,1.000000000003,0.999999999997,1.000000000002
      ,0.999999999999,1.000000000001,0.999999999999,1.,1.,1.000000000003
      ,0.999999999991,1.000000000019,0.999999999969,1.000000000041
      ,0.999999999956,1.000000000039,0.999999999972,1.000000000016
      ,0.999999999993,1.000000000002,1.,1.,1.000000000002,0.999999999995
      ,1.000000000012,0.99999999998,1.000000000026,0.999999999972
      ,1.000000000024,0.999999999983,1.00000000001,0.999999999996
      ,1.000000000001,1.,1.,1.000000000003,0.999999999992,1.000000000017
      ,0.999999999971,1.000000000038,0.999999999959,1.000000000036
      ,0.999999999974,1.000000000015,0.999999999993,1.000000000002,1.,1.
      ,1.000000000003,0.999999999991,1.00000000002,0.999999999966
      ,1.000000000045,0.999999999952,1.000000000042,0.999999999969
      ,1.000000000018,0.999999999992,1.000000000002,1.,1.,1.000000000003
      ,0.999999999991,1.00000000002,0.999999999966,1.000000000045
      ,0.999999999951,1.000000000044,0.999999999968,1.000000000019
      ,0.999999999992,1.000000000002,1.,1.,1.000000000003,0.999999999992
      ,1.000000000019,0.999999999969,1.000000000041,0.999999999956
      ,1.000000000038,0.999999999973,1.000000000016,0.999999999993
      ,1.000000000002,1.,1.,1.000000000003,0.999999999991,1.00000000002
      ,0.999999999966,1.000000000045,0.999999999951,1.000000000043
      ,0.999999999968,1.000000000018,0.999999999992,1.000000000002,1.,1.
      ,1.000000000002,0.999999999992,1.000000000018,0.99999999997
      ,1.00000000004,0.999999999956,1.000000000039,0.999999999972
      ,1.000000000016,0.999999999993,1.000000000002,1.,1.,1.000000000003
      ,0.999999999991,1.000000000019,0.999999999968,1.000000000043
      ,0.999999999954,1.000000000041,0.999999999971,1.000000000017
      ,0.999999999992,1.000000000002,1.,1.,1.000000000001,0.999999999995
      ,1.000000000013,0.999999999977,1.000000000032,0.999999999963
      ,1.000000000034,0.999999999975,1.000000000015,0.999999999993
      ,1.000000000002,1.,1.,1.000000000003,0.999999999992,1.000000000016
      ,0.999999999974,1.000000000033,0.999999999966,1.000000000029
      ,0.999999999979,1.000000000012,0.999999999995,1.000000000001,1.,1.
      ,1.000000000003,0.999999999992,1.000000000018,0.99999999997
      ,1.00000000004,0.999999999956,1.000000000039,0.999999999972
      ,1.000000000017,0.999999999992,1.000000000003,1.,1.000000000001
      ,0.999999999997,1.000000000007,0.999999999985,1.000000000025
      ,0.999999999967,1.000000000036,0.999999999967,1.000000000025
      ,0.999999999985,1.000000000007,0.999999999998,1.000000000001,1.,1.
      ,0.999999999999,1.000000000002,0.999999999996,1.000000000007
      ,0.999999999992,1.000000000007,0.999999999994,1.000000000003
      ,0.999999999998,1.000000000001,1.,1.)
    ,(1.,1.,0.999999999484,0.999999998455,0.999999996902,0.99999999485
      ,0.999999992259,0.999999989179,0.99999998556,0.999999981441
      ,0.999999976798,0.999999971643,0.999999965972,0.999999959785
      ,0.99999994638,0.999999939164,0.999999931422,0.999999923194
      ,0.999999914391,0.999999905166,0.999999895305,0.999999885057
      ,0.99999987418,0.99999986287,0.999999850995,0.999999838628
      ,0.999999825737,0.999999785522,0.999999756653,0.999999725708
      ,0.999999692739,0.99999965763,0.999999620581,0.999999581313
      ,0.999999540149,0.999999496776,0.999999451448,0.999999403993
      ,0.999999354507,0.999999302947,0.999999142088,0.999999026602
      ,0.999998902853,0.999998770892,0.999998630606,0.999998482192
      ,0.99999832537,0.999998160469,0.999997987166,0.999997805726
      ,0.999997615968,0.999997417993,0.999997211757,0.999996568306
      ,0.999996106342,0.999995611368,0.999995083424,0.999994522418
      ,0.999993928511,0.999993301476,0.999992641576,0.999991948553
      ,0.999991222619,0.999990463628,0.999989671661,0.999988846683
      ,0.999986272745,0.999984424776,0.999982444781,0.999980332802
      ,0.99997808874,0.999975712763,0.999973204629,0.999970564619
      ,0.999967792454,0.999964888361,0.99996185218,0.999958684
      ,0.999955383778,0.999945087023,0.999937694327,0.999929773451
      ,0.999921324487,0.999912347333,0.99990284225,0.999892808949
      ,0.999882247836,0.999871158576,0.999859541502,0.99984739644
      ,0.999834723536,0.999821522771,0.999780337039,0.999750766795
      ,0.999719085102,0.999685293678,0.999649394053,0.999611388111
      ,0.99957127719,0.99952906333,0.999484747813,0.999438332611
      ,0.999389819167,0.999339209262,0.999286504502,0.999122110682
      ,0.999004150461,0.998877849625,0.998743235642,0.998600339465
      ,0.998449196058,0.998289843525,0.998122324308,0.997946683799
      ,0.997762971703,0.997571240902,0.997371548256,0.997163954131
      ,0.996517659613,0.996055443934,0.99556235684,0.99503893699
      ,0.994485752396,0.993903373049,0.993292342331,0.992653150225
      ,0.99198620428,0.991291802963,0.990570106841,0.989821111447
      ,0.989044619036,0.987435802878,0.986603482898,0.985742946668
      ,0.984853649482,0.98393490553,0.982985981963,0.982006186513
      ,0.980994950768,0.979951906164,0.978876956179,0.977770341205
      ,0.976632699136,0.975465119448,0.973073264831,0.971849341818
      ,0.970597535859,0.969317991143,0.968010883032,0.966676418573
      ,0.965314835678,0.963926404216,0.962511424783,0.961070229882
      ,0.959603182956,0.958110679064,0.956593144484,0.94888260657
      ,0.942321356023,0.935397487749,0.928149908596,0.920628612695
      ,0.912886796557,0.904972187045,0.896923476682,0.88877416241
      ,0.880562501307,0.872342696454,0.864188843138,0.856179567859
      ,0.832992688162,0.817662240531,0.803701662308,0.790819670078
      ,0.778517638669,0.767464586319,0.757764000113,0.749077780041
      ,0.741234254898,0.734143413691,0.727766253532,0.722105824849
      ,0.717065935698,0.712057874258,0.7116510203,0.711248080168
      ,0.710849878464,0.710456524652,0.710067831276,0.709683558405
      ,0.709303524342,0.708927621546,0.708555778138,0.708187903762
      ,0.707823860116,0.707463495195,0.707106781187)
    ,(1.,1.,0.999999999999,1.000000000002,0.999999999997,1.000000000004
      ,0.999999999996,1.000000000003,0.999999999997,1.000000000002
      ,0.999999999999,1.000000000001,0.999999999999,1.,1.,1.000000000003
      ,0.999999999991,1.000000000019,0.999999999969,1.000000000041
      ,0.999999999956,1.000000000039,0.999999999972,1.000000000016
      ,0.999999999993,1.000000000002,1.,1.,1.000000000002,0.999999999995
      ,1.000000000012,0.99999999998,1.000000000026,0.999999999972
      ,1.000000000024,0.999999999983,1.00000000001,0.999999999996
      ,1.000000000001,1.,1.,1.000000000003,0.999999999992,1.000000000017
      ,0.999999999971,1.000000000038,0.999999999959,1.000000000036
      ,0.999999999974,1.000000000015,0.999999999993,1.000000000002,1.,1.
      ,1.000000000003,0.999999999991,1.00000000002,0.999999999966
      ,1.000000000045,0.999999999952,1.000000000042,0.999999999969
      ,1.000000000018,0.999999999992,1.000000000002,1.,1.,1.000000000003
      ,0.999999999991,1.00000000002,0.999999999966,1.000000000045
      ,0.999999999951,1.000000000044,0.999999999968,1.000000000019
      ,0.999999999992,1.000000000002,1.,1.,1.000000000003,0.999999999992
      ,1.000000000019,0.999999999969,1.000000000041,0.999999999956
      ,1.000000000038,0.999999999973,1.000000000016,0.999999999993
      ,1.000000000002,1.,1.,1.000000000003,0.999999999991,1.00000000002
      ,0.999999999966,1.000000000045,0.999999999951,1.000000000043
      ,0.999999999968,1.000000000018,0.999999999992,1.000000000002,1.,1.
      ,1.000000000002,0.999999999992,1.000000000018,0.99999999997
      ,1.00000000004,0.999999999956,1.000000000039,0.999999999972
      ,1.000000000016,0.999999999993,1.000000000002,1.,1.,1.000000000003
      ,0.999999999991,1.000000000019,0.999999999968,1.000000000043
      ,0.999999999954,1.000000000041,0.999999999971,1.000000000017
      ,0.999999999992,1.000000000002,1.,1.,1.000000000001,0.999999999995
      ,1.000000000013,0.999999999977,1.000000000032,0.999999999963
      ,1.000000000034,0.999999999975,1.000000000015,0.999999999993
      ,1.000000000002,1.,1.,1.000000000003,0.999999999992,1.000000000016
      ,0.999999999974,1.000000000033,0.999999999966,1.000000000029
      ,0.999999999979,1.000000000012,0.999999999995,1.000000000001,1.,1.
      ,1.000000000003,0.999999999992,1.000000000018,0.99999999997
      ,1.00000000004,0.999999999956,1.000000000039,0.999999999972
      ,1.000000000017,0.999999999992,1.000000000003,1.,1.000000000001
      ,0.999999999997,1.000000000007,0.999999999985,1.000000000025
      ,0.999999999967,1.000000000036,0.999999999967,1.000000000025
      ,0.999999999985,1.000000000007,0.999999999998,1.000000000001,1.,1.
      ,0.999999999999,1.000000000002,0.999999999996,1.000000000007
      ,0.999999999992,1.000000000007,0.999999999994,1.000000000003
,0.999999999998,1.000000000001,1.,1.
  ))) REPRESENTATION_ITEM('') SURFACE() );
#5776 = CARTESIAN_POINT('',(-76.96827990577,-124.,78.));
#5777 = CARTESIAN_POINT('',(-76.96878579112,-123.9999999999,
    77.999236703166));
#5778 = CARTESIAN_POINT('',(-76.96872086557,-124.,77.998018912985));
#5779 = CARTESIAN_POINT('',(-76.97110994143,-123.9999999999,
    77.998755825902));
#5780 = CARTESIAN_POINT('',(-76.96644253105,-124.,77.993871928564));
#5781 = CARTESIAN_POINT('',(-76.97661513243,-123.9999999999,
    78.000808725529));
#5782 = CARTESIAN_POINT('',(-76.9630145744,-124.,77.988809161536));
#5783 = CARTESIAN_POINT('',(-76.9790116701,-123.9999999999,
    78.000385389739));
#5784 = CARTESIAN_POINT('',(-76.96614414228,-124.,77.988969686609));
#5785 = CARTESIAN_POINT('',(-76.97528987248,-123.9999999999,
    77.99508847735));
#5786 = CARTESIAN_POINT('',(-76.97145862606,-124.,77.990870532546));
#5787 = CARTESIAN_POINT('',(-76.97339461735,-123.9999999999,
    77.991246426218));
#5788 = CARTESIAN_POINT('',(-76.97348924114,-124.,77.990155576871));
#5789 = CARTESIAN_POINT('',(-76.97396605766,-124.,77.989369145817));
#5790 = CARTESIAN_POINT('',(-76.97484089871,-124.,77.987733493351));
#5791 = CARTESIAN_POINT('',(-76.97527832348,-123.9999999999,
    77.986915655891));
#5792 = CARTESIAN_POINT('',(-76.9757157524,-124.,77.986097807259));
#5793 = CARTESIAN_POINT('',(-76.97615318575,-123.9999999999,
    77.985279947367));
#5794 = CARTESIAN_POINT('',(-76.97659062289,-124.,77.984462076423));
#5795 = CARTESIAN_POINT('',(-76.97702806489,-123.9999999999,
    77.983644194119));
#5796 = CARTESIAN_POINT('',(-76.97746551023,-124.,77.982826300905));
#5797 = CARTESIAN_POINT('',(-76.97790296065,-123.9999999999,
    77.982008396289));
#5798 = CARTESIAN_POINT('',(-76.97834041445,-124.,77.981190480773));
#5799 = CARTESIAN_POINT('',(-76.97877787299,-123.9999999999,
    77.980372553968));
#5800 = CARTESIAN_POINT('',(-76.97921533533,-124.,77.979554616161));
#5801 = CARTESIAN_POINT('',(-76.97965280199,-124.,77.978736667208));
#5802 = CARTESIAN_POINT('',(-76.98009027272,-124.,77.977918707194));
#5803 = CARTESIAN_POINT('',(-76.98140269734,-124.,77.975464793922));
#5804 = CARTESIAN_POINT('',(-76.98227766357,-124.,77.973828807478));
#5805 = CARTESIAN_POINT('',(-76.9831526463,-123.9999999999,
    77.972192776795));
#5806 = CARTESIAN_POINT('',(-76.9840276452,-124.,77.970556702153));
#5807 = CARTESIAN_POINT('',(-76.98490266077,-123.9999999999,
    77.968920583284));
#5808 = CARTESIAN_POINT('',(-76.98577769195,-124.,77.967284420858));
#5809 = CARTESIAN_POINT('',(-76.98665274005,-123.9999999999,
    77.965648214226));
#5810 = CARTESIAN_POINT('',(-76.98752780338,-124.,77.964011964278));
#5811 = CARTESIAN_POINT('',(-76.98840288348,-123.9999999999,
    77.96237567041));
#5812 = CARTESIAN_POINT('',(-76.98927797892,-124.,77.960739333223));
#5813 = CARTESIAN_POINT('',(-76.99015309058,-123.9999999999,
    77.959102952515));
#5814 = CARTESIAN_POINT('',(-76.99102821785,-124.,77.95746652852));
#5815 = CARTESIAN_POINT('',(-76.99190336089,-124.,77.955830061285));
#5816 = CARTESIAN_POINT('',(-76.9945288369,-124.,77.95092053018));
#5817 = CARTESIAN_POINT('',(-76.99627921676,-123.9999999999,
    77.947647336932));
#5818 = CARTESIAN_POINT('',(-76.99802965869,-124.,77.944373971878));
#5819 = CARTESIAN_POINT('',(-76.99978016183,-123.9999999999,
    77.94110043587));
#5820 = CARTESIAN_POINT('',(-77.00153072626,-124.,77.937826729425));
#5821 = CARTESIAN_POINT('',(-77.00328135032,-123.9999999999,
    77.934552853657));
#5822 = CARTESIAN_POINT('',(-77.00503203502,-124.,77.931278808815));
#5823 = CARTESIAN_POINT('',(-77.00678277795,-123.9999999999,
    77.928004596184));
#5824 = CARTESIAN_POINT('',(-77.00853358039,-124.,77.924730216015));
#5825 = CARTESIAN_POINT('',(-77.01028444022,-123.9999999999,
    77.921455669423));
#5826 = CARTESIAN_POINT('',(-77.012035358,-124.,77.918180956918));
#5827 = CARTESIAN_POINT('',(-77.01378633252,-124.,77.914906079365));
#5828 = CARTESIAN_POINT('',(-77.01553736352,-124.,77.911631037453));
#5829 = CARTESIAN_POINT('',(-77.02079062396,-124.,77.901805420932));
#5830 = CARTESIAN_POINT('',(-77.02429302071,-123.9999999999,
    77.895254355802));
#5831 = CARTESIAN_POINT('',(-77.02779563627,-124.,77.888702642286));
#5832 = CARTESIAN_POINT('',(-77.0312984667,-123.9999999999,
    77.882150285748));
#5833 = CARTESIAN_POINT('',(-77.03480150721,-124.,77.875597292412));
#5834 = CARTESIAN_POINT('',(-77.03830475457,-123.9999999999,
    77.869043666886));
#5835 = CARTESIAN_POINT('',(-77.04180820318,-124.,77.862489416288));
#5836 = CARTESIAN_POINT('',(-77.04531185048,-123.9999999999,
    77.855934544459));
#5837 = CARTESIAN_POINT('',(-77.0488156906,-124.,77.849379058867));
#5838 = CARTESIAN_POINT('',(-77.05231972071,-123.9999999999,
    77.842822963568));
#5839 = CARTESIAN_POINT('',(-77.05582393565,-124.,77.836266265337));
#5840 = CARTESIAN_POINT('',(-77.05932833173,-123.9999999999,
    77.829708969134));
#5841 = CARTESIAN_POINT('',(-77.06283290451,-124.,77.823151080911));
#5842 = CARTESIAN_POINT('',(-77.07334714055,-124.,77.803475656762));
#5843 = CARTESIAN_POINT('',(-77.08035731765,-124.,77.790356365981));
#5844 = CARTESIAN_POINT('',(-77.08736815122,-123.9999999999,
    77.777234774192));
#5845 = CARTESIAN_POINT('',(-77.09437961209,-124.,77.764110921791));
#5846 = CARTESIAN_POINT('',(-77.10139166927,-123.9999999999,
    77.75098484909));
#5847 = CARTESIAN_POINT('',(-77.10840429513,-124.,77.737856596517));
#5848 = CARTESIAN_POINT('',(-77.11541745694,-123.9999999999,
    77.724726204356));
#5849 = CARTESIAN_POINT('',(-77.12243112845,-124.,77.71159371305));
#5850 = CARTESIAN_POINT('',(-77.12944527648,-123.9999999999,
    77.698459162889));
#5851 = CARTESIAN_POINT('',(-77.1364598741,-124.,77.685322594287));
#5852 = CARTESIAN_POINT('',(-77.14347488962,-123.9999999999,
    77.672184047576));
#5853 = CARTESIAN_POINT('',(-77.1504902944,-124.,77.65904356313));
#5854 = CARTESIAN_POINT('',(-77.15750605819,-124.,77.645901181309));
#5855 = CARTESIAN_POINT('',(-77.17855433782,-124.,77.606468464804));
#5856 = CARTESIAN_POINT('',(-77.19258778843,-124.,77.580172621363));
#5857 = CARTESIAN_POINT('',(-77.20662232293,-123.9999999999,
    77.553869666993));
#5858 = CARTESIAN_POINT('',(-77.22065776111,-124.,77.527559856601));
#5859 = CARTESIAN_POINT('',(-77.23469392255,-123.9999999999,
    77.501243444923));
#5860 = CARTESIAN_POINT('',(-77.24873062725,-124.,77.474920687056));
#5861 = CARTESIAN_POINT('',(-77.26276769451,-123.9999999999,
    77.44859183747));
#5862 = CARTESIAN_POINT('',(-77.27680494458,-124.,77.422257151535));
#5863 = CARTESIAN_POINT('',(-77.29084219667,-123.9999999999,
    77.395916883552));
#5864 = CARTESIAN_POINT('',(-77.30487927091,-124.,77.369571288873));
#5865 = CARTESIAN_POINT('',(-77.31891598676,-123.9999999999,
    77.343220621997));
#5866 = CARTESIAN_POINT('',(-77.33295216408,-124.,77.31686513799));
#5867 = CARTESIAN_POINT('',(-77.34698762256,-124.,77.290505091615));
#5868 = CARTESIAN_POINT('',(-77.38909130063,-124.,77.211412030049));
#5869 = CARTESIAN_POINT('',(-77.41715619898,-123.9999999999,
    77.1586667901));
#5870 = CARTESIAN_POINT('',(-77.44521618742,-124.,77.105906191557));
#5871 = CARTESIAN_POINT('',(-77.47327057665,-123.9999999999,
    77.053131408107));
#5872 = CARTESIAN_POINT('',(-77.50131867682,-124.,77.000343613304));
#5873 = CARTESIAN_POINT('',(-77.52935979908,-123.9999999999,
    76.947543980994));
#5874 = CARTESIAN_POINT('',(-77.55739325306,-124.,76.894733684524));
#5875 = CARTESIAN_POINT('',(-77.58541835034,-123.9999999999,
    76.841913897928));
#5876 = CARTESIAN_POINT('',(-77.61343440037,-124.,76.789085794468));
#5877 = CARTESIAN_POINT('',(-77.64144071459,-123.9999999999,
    76.736250548119));
#5878 = CARTESIAN_POINT('',(-77.66943660286,-124.,76.683409332311));
#5879 = CARTESIAN_POINT('',(-77.69742137608,-123.9999999999,
    76.63056332082));
#5880 = CARTESIAN_POINT('',(-77.7253943446,-124.,76.577713687241));
#5881 = CARTESIAN_POINT('',(-77.8092757678,-123.9999999999,
    76.419157441255));
#5882 = CARTESIAN_POINT('',(-77.86514934228,-124.,76.313440812469));
#5883 = CARTESIAN_POINT('',(-77.92097401328,-123.9999999999,
    76.207716435326));
#5884 = CARTESIAN_POINT('',(-77.97674890089,-124.,76.101988452013));
#5885 = CARTESIAN_POINT('',(-78.03247377489,-123.9999999999,
    75.996260431083));
#5886 = CARTESIAN_POINT('',(-78.08814905388,-124.,75.890535366267));
#5887 = CARTESIAN_POINT('',(-78.14377580672,-123.9999999999,
    75.784815678366));
#5888 = CARTESIAN_POINT('',(-78.19935575044,-124.,75.679103212724));
#5889 = CARTESIAN_POINT('',(-78.25489125291,-123.9999999999,
    75.573399242082));
#5890 = CARTESIAN_POINT('',(-78.3103853299,-124.,75.467704463844));
#5891 = CARTESIAN_POINT('',(-78.36584164782,-123.9999999999,
    75.362019002294));
#5892 = CARTESIAN_POINT('',(-78.42126452157,-124.,75.256342407085));
#5893 = CARTESIAN_POINT('',(-78.47665891596,-124.,75.150673654092));
#5894 = CARTESIAN_POINT('',(-78.64277350285,-124.,74.83368612689));
#5895 = CARTESIAN_POINT('',(-78.75342230999,-123.9999999999,
    74.622392759217));
#5896 = CARTESIAN_POINT('',(-78.86401670162,-124.,74.411121263934));
#5897 = CARTESIAN_POINT('',(-78.97460223048,-123.9999999999,
    74.199862887546));
#5898 = CARTESIAN_POINT('',(-79.08522884537,-124.,73.988610024124));
#5899 = CARTESIAN_POINT('',(-79.19594957389,-123.9999999999,
    73.777356337503));
#5900 = CARTESIAN_POINT('',(-79.30681919827,-124.,73.566096884677));
#5901 = CARTESIAN_POINT('',(-79.41789294109,-123.9999999999,
    73.354828237742));
#5902 = CARTESIAN_POINT('',(-79.5292251388,-124.,73.143548607241));
#5903 = CARTESIAN_POINT('',(-79.6408679282,-123.9999999999,
    72.932257964469));
#5904 = CARTESIAN_POINT('',(-79.7528699211,-124.,72.720958164297));
#5905 = CARTESIAN_POINT('',(-79.86527488822,-124.,72.50965306795));
#5906 = CARTESIAN_POINT('',(-79.97812043692,-124.,72.298348665549));
#5907 = CARTESIAN_POINT('',(-80.20475294786,-124.,71.875757732363));
#5908 = CARTESIAN_POINT('',(-80.31853962473,-123.9999999999,
    71.664468601786));
#5909 = CARTESIAN_POINT('',(-80.43282883216,-124.,71.453191293706));
#5910 = CARTESIAN_POINT('',(-80.54764454879,-123.9999999999,
    71.241930449688));
#5911 = CARTESIAN_POINT('',(-80.66300296322,-124.,71.030689618005));
#5912 = CARTESIAN_POINT('',(-80.7789130757,-123.9999999999,
    70.819471206154));
#5913 = CARTESIAN_POINT('',(-80.89537756358,-124.,70.608276639491));
#5914 = CARTESIAN_POINT('',(-81.01239390674,-123.9999999999,
    70.397106718138));
#5915 = CARTESIAN_POINT('',(-81.12995577787,-124.,70.185962182123));
#5916 = CARTESIAN_POINT('',(-81.24805469219,-123.9999999999,
    69.974844473973));
#5917 = CARTESIAN_POINT('',(-81.36668192172,-124.,69.763756708735));
#5918 = CARTESIAN_POINT('',(-81.48583067002,-123.9999999999,
    69.552704843543));
#5919 = CARTESIAN_POINT('',(-81.60549851016,-124.,69.341699052025));
#5920 = CARTESIAN_POINT('',(-81.84588165848,-124.,68.919811549081));
#5921 = CARTESIAN_POINT('',(-81.96659856814,-123.9999999999,
    68.708927447381));
#5922 = CARTESIAN_POINT('',(-82.08784332654,-124.,68.498121660805));
#5923 = CARTESIAN_POINT('',(-82.20961953726,-123.9999999999,
    68.287411991639));
#5924 = CARTESIAN_POINT('',(-82.33193189383,-124.,68.076815379253));
#5925 = CARTESIAN_POINT('',(-82.45478618047,-123.9999999999,
    67.86634789988));
#5926 = CARTESIAN_POINT('',(-82.57818927096,-124.,67.656024766853));
#5927 = CARTESIAN_POINT('',(-82.70214913012,-123.9999999999,
    67.445860330444));
#5928 = CARTESIAN_POINT('',(-82.82667481211,-124.,67.235868077872));
#5929 = CARTESIAN_POINT('',(-82.95177646211,-123.9999999999,
    67.02606063346));
#5930 = CARTESIAN_POINT('',(-83.07746531492,-124.,66.816449758371));
#5931 = CARTESIAN_POINT('',(-83.20375369595,-123.9999999999,
    66.607046350891));
#5932 = CARTESIAN_POINT('',(-83.33065502061,-124.,66.397860446197));
#5933 = CARTESIAN_POINT('',(-83.96829889074,-124.,65.353064297752));
#5934 = CARTESIAN_POINT('',(-84.48846761938,-124.,64.520850328641));
#5935 = CARTESIAN_POINT('',(-85.01972389997,-124.,63.692664181215));
#5936 = CARTESIAN_POINT('',(-85.56342837633,-124.,62.86875359975));
#5937 = CARTESIAN_POINT('',(-86.1213032091,-124.,62.048948818007));
#5938 = CARTESIAN_POINT('',(-86.695214424,-124.,61.232934737616));
#5939 = CARTESIAN_POINT('',(-87.28675985451,-124.,60.420759896401));
#5940 = CARTESIAN_POINT('',(-87.89678410488,-124.,59.613322985266));
#5941 = CARTESIAN_POINT('',(-88.52500533346,-124.,58.812614218037));
#5942 = CARTESIAN_POINT('',(-89.17000204286,-124.,58.021525392236));
#5943 = CARTESIAN_POINT('',(-89.82987144143,-124.,57.243079016621));
#5944 = CARTESIAN_POINT('',(-90.50393432156,-124.,56.478963424073));
#5945 = CARTESIAN_POINT('',(-91.19592478306,-124.,55.727297319442));
#5946 = CARTESIAN_POINT('',(-93.33714211219,-124.,53.513629080126));
#5947 = CARTESIAN_POINT('',(-94.81725689143,-123.9999999999,
    52.099131511086));
#5948 = CARTESIAN_POINT('',(-96.37539927656,-124.,50.750855774421));
#5949 = CARTESIAN_POINT('',(-98.02019891425,-123.9999999999,
    49.458179280987));
#5950 = CARTESIAN_POINT('',(-99.7616479993,-124.,48.229435445632));
#5951 = CARTESIAN_POINT('',(-101.5701834783,-123.9999999999,
    47.086381882211));
#5952 = CARTESIAN_POINT('',(-103.465664316,-124.,46.04429972333));
#5953 = CARTESIAN_POINT('',(-105.4369172048,-123.9999999999,
    45.100625027748));
#5954 = CARTESIAN_POINT('',(-107.482911993,-124.,44.264135128602));
#5955 = CARTESIAN_POINT('',(-109.6170558843,-123.9999999999,
    43.555058908324));
#5956 = CARTESIAN_POINT('',(-111.7790184634,-124.,42.972717984566));
#5957 = CARTESIAN_POINT('',(-114.007347673,-123.9999999999,
    42.529170563605));
#5958 = CARTESIAN_POINT('',(-116.2854757149,-124.,42.23876813564));
#5959 = CARTESIAN_POINT('',(-118.7186766763,-124.,42.077978966598));
#5960 = CARTESIAN_POINT('',(-118.8948542101,-124.,42.066033984034));
#5961 = CARTESIAN_POINT('',(-119.0608023247,-123.9999999999,
    42.055070993942));
#5962 = CARTESIAN_POINT('',(-119.2232069969,-124.,42.045057612246));
#5963 = CARTESIAN_POINT('',(-119.3852658523,-123.9999999999,
    42.036022774976));
#5964 = CARTESIAN_POINT('',(-119.5481250138,-124.,42.027999880876));
#5965 = CARTESIAN_POINT('',(-119.711886443,-123.9999999999,
    42.021001838612));
#5966 = CARTESIAN_POINT('',(-119.8762576571,-124.,42.015019013295));
#5967 = CARTESIAN_POINT('',(-120.0409157054,-123.9999999999,
    42.010031084383));
#5968 = CARTESIAN_POINT('',(-120.2056572875,-124.,42.00602380451));
#5969 = CARTESIAN_POINT('',(-120.3704068984,-123.9999999999,
    42.003001673945));
#5970 = CARTESIAN_POINT('',(-120.5351548813,-124.,42.000987521146));
#5971 = CARTESIAN_POINT('',(-120.6998972745,-124.,42.000000000002));
#5972 = CARTESIAN_POINT('',(-120.8646493323,-124.,42.));
#5973 = CARTESIAN_POINT('',(-76.96827996252,-124.,77.999999848251));
#5974 = CARTESIAN_POINT('',(-76.96892931037,-123.9999999999,
    77.999351022445));
#5975 = CARTESIAN_POINT('',(-76.96895299526,-124.,77.998203816234));
#5976 = CARTESIAN_POINT('',(-76.97166666689,-123.9999999999,
    77.99919928754));
#5977 = CARTESIAN_POINT('',(-76.96664527084,-124.,77.994033431131));
#5978 = CARTESIAN_POINT('',(-76.9778909605,-123.9999999999,
    78.001824996911));
#5979 = CARTESIAN_POINT('',(-76.96307736673,-124.,77.98885920718));
#5980 = CARTESIAN_POINT('',(-76.98070765496,-123.9999999999,
    78.001736355273));
#5981 = CARTESIAN_POINT('',(-76.96669757988,-124.,77.989410577243));
#5982 = CARTESIAN_POINT('',(-76.97681764514,-123.9999999999,
    77.996305483301));
#5983 = CARTESIAN_POINT('',(-76.9727128141,-124.,77.991869633601));
#5984 = CARTESIAN_POINT('',(-76.97492982032,-123.9999999999,
    77.992469386886));
#5985 = CARTESIAN_POINT('',(-76.97512838444,-124.,77.991461351357));
#5986 = CARTESIAN_POINT('',(-76.9757458932,-124.,77.990787010511));
#5987 = CARTESIAN_POINT('',(-76.97689453925,-124.,77.989369504726));
#5988 = CARTESIAN_POINT('',(-76.97746886563,-124.,77.988660741785));
#5989 = CARTESIAN_POINT('',(-76.97804319543,-124.,77.987951968746));
#5990 = CARTESIAN_POINT('',(-76.97861752847,-123.9999999999,
    77.987243185816));
#5991 = CARTESIAN_POINT('',(-76.9791918651,-124.,77.98653439255));
#5992 = CARTESIAN_POINT('',(-76.97976620471,-123.9999999999,
    77.985825589768));
#5993 = CARTESIAN_POINT('',(-76.98034054816,-124.,77.985116776291));
#5994 = CARTESIAN_POINT('',(-76.98091489439,-123.9999999999,
    77.984407953569));
#5995 = CARTESIAN_POINT('',(-76.98148924449,-124.,77.983699120145));
#5996 = CARTESIAN_POINT('',(-76.9820635975,-123.9999999999,
    77.982990277275));
#5997 = CARTESIAN_POINT('',(-76.98263795409,-124.,77.98228142408));
#5998 = CARTESIAN_POINT('',(-76.98321231387,-124.,77.981572561088));
#5999 = CARTESIAN_POINT('',(-76.98378667702,-124.,77.980863688063));
#6000 = CARTESIAN_POINT('',(-76.98550977639,-124.,77.978737039115));
#6001 = CARTESIAN_POINT('',(-76.98665852256,-124.,77.977319233278));
#6002 = CARTESIAN_POINT('',(-76.9878072819,-123.9999999999,
    77.975901387727));
#6003 = CARTESIAN_POINT('',(-76.98895605446,-124.,77.97448350234));
#6004 = CARTESIAN_POINT('',(-76.99010483999,-123.9999999999,
    77.973065577557));
#6005 = CARTESIAN_POINT('',(-76.99125363879,-124.,77.971647612816));
#6006 = CARTESIAN_POINT('',(-76.99240245035,-123.9999999999,
    77.970229609054));
#6007 = CARTESIAN_POINT('',(-76.99355127516,-124.,77.968811565315));
#6008 = CARTESIAN_POINT('',(-76.99470011268,-123.9999999999,
    77.967393482664));
#6009 = CARTESIAN_POINT('',(-76.99584896324,-124.,77.965975360342));
#6010 = CARTESIAN_POINT('',(-76.99699782657,-123.9999999999,
    77.964557198978));
#6011 = CARTESIAN_POINT('',(-76.99814670273,-124.,77.963138998318));
#6012 = CARTESIAN_POINT('',(-76.99929559166,-124.,77.96172075857));
#6013 = CARTESIAN_POINT('',(-77.00274229694,-124.,77.957465921652));
#6014 = CARTESIAN_POINT('',(-77.00504015155,-124.,77.954629207245));
#6015 = CARTESIAN_POINT('',(-77.00733805664,-123.9999999999,
    77.951792337034));
#6016 = CARTESIAN_POINT('',(-77.00963601225,-124.,77.948955311497));
#6017 = CARTESIAN_POINT('',(-77.01193401724,-124.,77.946118131221));
#6018 = CARTESIAN_POINT('',(-77.01423207268,-123.9999999999,
    77.943280796519));
#6019 = CARTESIAN_POINT('',(-77.01653017617,-124.,77.940443308227));
#6020 = CARTESIAN_POINT('',(-77.0188283299,-123.9999999999,
    77.937605666385));
#6021 = CARTESIAN_POINT('',(-77.02112653092,-124.,77.934767872018));
#6022 = CARTESIAN_POINT('',(-77.02342478116,-123.9999999999,
    77.931929925153));
#6023 = CARTESIAN_POINT('',(-77.02572307864,-124.,77.929091826646));
#6024 = CARTESIAN_POINT('',(-77.02802142399,-124.,77.926253576789));
#6025 = CARTESIAN_POINT('',(-77.03031981642,-124.,77.923415176188));
#6026 = CARTESIAN_POINT('',(-77.03721513735,-124.,77.914899519889));
#6027 = CARTESIAN_POINT('',(-77.04181220677,-124.,77.90922181302));
#6028 = CARTESIAN_POINT('',(-77.04640946145,-123.9999999999,
    77.903543508433));
#6029 = CARTESIAN_POINT('',(-77.05100689862,-124.,77.89786461032));
#6030 = CARTESIAN_POINT('',(-77.05560451595,-123.9999999999,
    77.892185121838));
#6031 = CARTESIAN_POINT('',(-77.06020231038,-124.,77.886505048009));
#6032 = CARTESIAN_POINT('',(-77.06480027988,-123.9999999999,
    77.880824391085));
#6033 = CARTESIAN_POINT('',(-77.06939842116,-124.,77.875143156772));
#6034 = CARTESIAN_POINT('',(-77.07399673227,-123.9999999999,
    77.869461347124));
#6035 = CARTESIAN_POINT('',(-77.07859521004,-124.,77.863778967479));
#6036 = CARTESIAN_POINT('',(-77.08319385223,-123.9999999999,
    77.858096020669));
#6037 = CARTESIAN_POINT('',(-77.08779265602,-124.,77.852412511132));
#6038 = CARTESIAN_POINT('',(-77.09239161887,-124.,77.84672844246));
#6039 = CARTESIAN_POINT('',(-77.1061890004,-124.,77.829674541601));
#6040 = CARTESIAN_POINT('',(-77.1153878905,-124.,77.818303041837));
#6041 = CARTESIAN_POINT('',(-77.12458738912,-123.9999999999,
    77.806929347474));
#6042 = CARTESIAN_POINT('',(-77.13378747648,-124.,77.7955534868));
#6043 = CARTESIAN_POINT('',(-77.1429881339,-123.9999999999,
    77.784175487807));
#6044 = CARTESIAN_POINT('',(-77.1521893406,-124.,77.772795379019));
#6045 = CARTESIAN_POINT('',(-77.16139107904,-123.9999999999,
    77.761413188196));
#6046 = CARTESIAN_POINT('',(-77.17059332754,-124.,77.750028943977));
#6047 = CARTESIAN_POINT('',(-77.17979606886,-123.9999999999,
    77.738642674171));
#6048 = CARTESIAN_POINT('',(-77.18899928176,-124.,77.727254407222));
#6049 = CARTESIAN_POINT('',(-77.19820294802,-123.9999999999,
    77.715864171174));
#6050 = CARTESIAN_POINT('',(-77.20740704752,-124.,77.704471994275));
#6051 = CARTESIAN_POINT('',(-77.21661156112,-124.,77.693077904682));
#6052 = CARTESIAN_POINT('',(-77.24422647519,-124.,77.658889747703));
#6053 = CARTESIAN_POINT('',(-77.26263806523,-124.,77.636090027352));
#6054 = CARTESIAN_POINT('',(-77.28105110761,-123.9999999999,
    77.613282955739));
#6055 = CARTESIAN_POINT('',(-77.29946547042,-124.,77.590468718616));
#6056 = CARTESIAN_POINT('',(-77.31788102208,-123.9999999999,
    77.567647502734));
#6057 = CARTESIAN_POINT('',(-77.33629763032,-124.,77.544819492966));
#6058 = CARTESIAN_POINT('',(-77.35471516398,-123.9999999999,77.521984877
    ));
#6059 = CARTESIAN_POINT('',(-77.37313349041,-124.,77.499143838925));
#6060 = CARTESIAN_POINT('',(-77.39155247862,-123.9999999999,
    77.476296566669));
#6061 = CARTESIAN_POINT('',(-77.40997199602,-124.,77.453443244654));
#6062 = CARTESIAN_POINT('',(-77.42839191132,-123.9999999999,
    77.430584059979));
#6063 = CARTESIAN_POINT('',(-77.44681209232,-124.,77.40771919801));
#6064 = CARTESIAN_POINT('',(-77.46523240732,-124.,77.384848845018));
#6065 = CARTESIAN_POINT('',(-77.52049487617,-124.,77.316219985926));
#6066 = CARTESIAN_POINT('',(-77.55733694394,-123.9999999999,
    77.270445701744));
#6067 = CARTESIAN_POINT('',(-77.59417822517,-124.,77.224651303104));
#6068 = CARTESIAN_POINT('',(-77.63101801752,-123.9999999999,
    77.178837758908));
#6069 = CARTESIAN_POINT('',(-77.66785561705,-124.,77.133006038332));
#6070 = CARTESIAN_POINT('',(-77.70469032176,-123.9999999999,
    77.087157110576));
#6071 = CARTESIAN_POINT('',(-77.74152142571,-124.,77.041291945379));
#6072 = CARTESIAN_POINT('',(-77.77834822717,-123.9999999999,
    76.995411512307));
#6073 = CARTESIAN_POINT('',(-77.81517001893,-124.,76.949516781695));
#6074 = CARTESIAN_POINT('',(-77.85198609808,-123.9999999999,
    76.903608723662));
#6075 = CARTESIAN_POINT('',(-77.88879575753,-124.,76.857688309089));
#6076 = CARTESIAN_POINT('',(-77.92559829218,-123.9999999999,
    76.811756508858));
#6077 = CARTESIAN_POINT('',(-77.96239299517,-124.,76.765814294402));
#6078 = CARTESIAN_POINT('',(-78.07276359409,-124.,76.627944201915));
#6079 = CARTESIAN_POINT('',(-78.14631725293,-123.9999999999,
    76.535984055041));
#6080 = CARTESIAN_POINT('',(-78.21983635456,-124.,76.443987119973));
#6081 = CARTESIAN_POINT('',(-78.29331758287,-123.9999999999,
    76.351957977825));
#6082 = CARTESIAN_POINT('',(-78.36675808385,-124.,76.2599008704));
#6083 = CARTESIAN_POINT('',(-78.44015546855,-123.9999999999,
    76.167819700379));
#6084 = CARTESIAN_POINT('',(-78.5135078049,-124.,76.075718035611));
#6085 = CARTESIAN_POINT('',(-78.58681362619,-123.9999999999,
    75.983599107653));
#6086 = CARTESIAN_POINT('',(-78.66007191877,-124.,75.891465816911));
#6087 = CARTESIAN_POINT('',(-78.73328213218,-123.9999999999,
    75.799320731137));
#6088 = CARTESIAN_POINT('',(-78.80644416873,-124.,75.707166089532));
#6089 = CARTESIAN_POINT('',(-78.87955838938,-123.9999999999,
    75.615003802653));
#6090 = CARTESIAN_POINT('',(-78.95262560881,-124.,75.522835454896));
#6091 = CARTESIAN_POINT('',(-79.17178478892,-124.,75.24619644852));
#6092 = CARTESIAN_POINT('',(-79.31775448468,-124.,75.061698257843));
#6093 = CARTESIAN_POINT('',(-79.46356201592,-123.9999999999,
    74.877179885059));
#6094 = CARTESIAN_POINT('',(-79.60922155225,-124.,74.692654795452));
#6095 = CARTESIAN_POINT('',(-79.75475470716,-123.9999999999,
    74.508138077142));
#6096 = CARTESIAN_POINT('',(-79.90018966604,-124.,74.323646721556));
#6097 = CARTESIAN_POINT('',(-80.04556034456,-123.9999999999,
    74.139199872756));
#6098 = CARTESIAN_POINT('',(-80.19090556134,-124.,73.954819050212));
#6099 = CARTESIAN_POINT('',(-80.33626824645,-123.9999999999,
    73.770528338163));
#6100 = CARTESIAN_POINT('',(-80.48169465828,-124.,73.586354550357));
#6101 = CARTESIAN_POINT('',(-80.62723363718,-123.9999999999,
    73.40232736076));
#6102 = CARTESIAN_POINT('',(-80.77293586962,-124.,73.218479409011));
#6103 = CARTESIAN_POINT('',(-80.91885318322,-124.,73.034846374013));
#6104 = CARTESIAN_POINT('',(-81.21146071204,-124.,72.667788888973));
#6105 = CARTESIAN_POINT('',(-81.35816584162,-123.9999999999,
    72.484341634814));
#6106 = CARTESIAN_POINT('',(-81.50520271571,-124.,72.301159997115));
#6107 = CARTESIAN_POINT('',(-81.65261824612,-123.9999999999,
    72.118279077633));
#6108 = CARTESIAN_POINT('',(-81.80045345044,-124.,71.935731782743));
#6109 = CARTESIAN_POINT('',(-81.94874087525,-123.9999999999,
    71.753546786488));
#6110 = CARTESIAN_POINT('',(-82.09750278435,-124.,71.571747010062));
#6111 = CARTESIAN_POINT('',(-82.24675012775,-123.9999999999,
    71.390348610017));
#6112 = CARTESIAN_POINT('',(-82.39648229213,-124.,71.209360472226));
#6113 = CARTESIAN_POINT('',(-82.54668765251,-123.9999999999,
    71.028784204209));
#6114 = CARTESIAN_POINT('',(-82.69734492758,-124.,70.848614623374));
#6115 = CARTESIAN_POINT('',(-82.84842535812,-124.,70.668840735941));
#6116 = CARTESIAN_POINT('',(-82.99989571745,-124.,70.489447204));
#6117 = CARTESIAN_POINT('',(-83.30392182086,-124.,70.13094532639));
#6118 = CARTESIAN_POINT('',(-83.45648881417,-123.9999999999,
    69.951806842586));
#6119 = CARTESIAN_POINT('',(-83.60942852842,-124.,69.773020333562));
#6120 = CARTESIAN_POINT('',(-83.76274617457,-123.9999999999,
    69.594604639654));
#6121 = CARTESIAN_POINT('',(-83.91644677193,-124.,69.416577984672));
#6122 = CARTESIAN_POINT('',(-84.07053512377,-123.9999999999,
    69.23895800423));
#6123 = CARTESIAN_POINT('',(-84.22501578978,-124.,69.061761776437));
#6124 = CARTESIAN_POINT('',(-84.37989306196,-123.9999999999,
    68.885005848673));
#6125 = CARTESIAN_POINT('',(-84.53517093496,-124.,68.708706268353));
#6126 = CARTESIAN_POINT('',(-84.69085308117,-123.9999999999,
    68.532878609133));
#6127 = CARTESIAN_POINT('',(-84.84694282043,-124.,68.357538000525));
#6128 = CARTESIAN_POINT('',(-85.00344309275,-123.9999999999,
    68.182699154527));
#6129 = CARTESIAN_POINT('',(-85.16035642807,-124.,68.00837639366));
#6130 = CARTESIAN_POINT('',(-85.95211262146,-124.,67.133763916494));
#6131 = CARTESIAN_POINT('',(-86.5940256294,-123.9999999999,
    66.44076035223));
#6132 = CARTESIAN_POINT('',(-87.24367813543,-124.,65.756392112915));
#6133 = CARTESIAN_POINT('',(-87.90117741373,-123.9999999999,
    65.081454396498));
#6134 = CARTESIAN_POINT('',(-88.56673860852,-124.,64.416353978695));
#6135 = CARTESIAN_POINT('',(-89.24076595625,-123.9999999999,
    63.761222302021));
#6136 = CARTESIAN_POINT('',(-89.92377449898,-124.,63.116218925559));
#6137 = CARTESIAN_POINT('',(-90.6161753873,-123.9999999999,
    62.481827744069));
#6138 = CARTESIAN_POINT('',(-91.31798068906,-124.,61.859015706771));
#6139 = CARTESIAN_POINT('',(-92.02854357067,-123.9999999999,
    61.249170551395));
#6140 = CARTESIAN_POINT('',(-92.74654095074,-124.,60.65376107027));
#6141 = CARTESIAN_POINT('',(-93.47053326932,-123.9999999999,
    60.073671381449));
#6142 = CARTESIAN_POINT('',(-94.20060311402,-124.,59.508152226907));
#6143 = CARTESIAN_POINT('',(-96.43536934582,-123.9999999999,
    57.835218864052));
#6144 = CARTESIAN_POINT('',(-97.98223276517,-124.,56.764232747382));
#6145 = CARTESIAN_POINT('',(-99.52807244006,-123.9999999999,
    55.775567156824));
#6146 = CARTESIAN_POINT('',(-101.103327183,-124.,54.84518481412));
#6147 = CARTESIAN_POINT('',(-102.7315716095,-123.9999999999,
    53.970525461137));
#6148 = CARTESIAN_POINT('',(-104.3919852072,-124.,53.166527593965));
#6149 = CARTESIAN_POINT('',(-106.0785889918,-123.9999999999,
    52.444819569064));
#6150 = CARTESIAN_POINT('',(-107.7830845018,-124.,51.81023264122));
#6151 = CARTESIAN_POINT('',(-109.5086168832,-123.9999999999,
    51.258970369252));
#6152 = CARTESIAN_POINT('',(-111.2814833151,-124.,50.790323655693));
#6153 = CARTESIAN_POINT('',(-113.0943279873,-123.9999999999,
    50.423322262861));
#6154 = CARTESIAN_POINT('',(-114.9164213211,-124.,50.166137581688));
#6155 = CARTESIAN_POINT('',(-116.719724544,-123.9999999999,
    50.012355387447));
#6156 = CARTESIAN_POINT('',(-118.7241326855,-124.,49.96640228048));
#6157 = CARTESIAN_POINT('',(-118.8889129563,-124.,49.963544155863));
#6158 = CARTESIAN_POINT('',(-119.053704976,-124.,49.96159312558));
#6159 = CARTESIAN_POINT('',(-119.2184477758,-123.9999999999,
    49.960545091967));
#6160 = CARTESIAN_POINT('',(-119.3831388396,-124.,49.960398920466));
#6161 = CARTESIAN_POINT('',(-119.5477962441,-123.9999999999,
    49.961155475777));
#6162 = CARTESIAN_POINT('',(-119.7124373579,-124.,49.962816828782));
#6163 = CARTESIAN_POINT('',(-119.8770703378,-123.9999999999,
    49.96538562713));
#6164 = CARTESIAN_POINT('',(-120.0416945382,-124.,49.968864643553));
#6165 = CARTESIAN_POINT('',(-120.2063058929,-123.9999999999,
    49.973256497666));
#6166 = CARTESIAN_POINT('',(-120.3709031975,-124.,49.978563571254));
#6167 = CARTESIAN_POINT('',(-120.535491169,-123.9999999999,
    49.984788114109));
#6168 = CARTESIAN_POINT('',(-120.7000760339,-124.,49.991932553154));
#6169 = CARTESIAN_POINT('',(-120.8646493323,-124.,50.));
#6170 = CARTESIAN_POINT('',(-76.96827990577,-124.,78.));
#6171 = CARTESIAN_POINT('',(-76.96907282963,-123.9999999999,
    77.999465341725));
#6172 = CARTESIAN_POINT('',(-76.96918512494,-123.9999999834,
    77.998388719481));
#6173 = CARTESIAN_POINT('',(-76.97222339237,-123.9999999505,
    77.999642749188));
#6174 = CARTESIAN_POINT('',(-76.96684801057,-123.9999999009,
    77.994194933701));
#6175 = CARTESIAN_POINT('',(-76.97916678862,-123.9999998351,
    78.002841268275));
#6176 = CARTESIAN_POINT('',(-76.96314015895,-123.9999997523,
    77.988909252886));
#6177 = CARTESIAN_POINT('',(-76.98240363982,-123.9999996537,
    78.003087320697));
#6178 = CARTESIAN_POINT('',(-76.96725101736,-123.9999995378,
    77.989851467957));
#6179 = CARTESIAN_POINT('',(-76.97834541775,-123.9999994061,
    77.997522489132));
#6180 = CARTESIAN_POINT('',(-76.97396700196,-123.9999992575,
    77.992868734622));
#6181 = CARTESIAN_POINT('',(-76.97646502314,-123.9999990925,
    77.993692347428));
#6182 = CARTESIAN_POINT('',(-76.97676752749,-123.999998911,
    77.992767125694));
#6183 = CARTESIAN_POINT('',(-76.97752572846,-123.9999987131,
    77.992204874985));
#6184 = CARTESIAN_POINT('',(-76.97894817933,-123.9999982841,
    77.99100551577));
#6185 = CARTESIAN_POINT('',(-76.97965940729,-123.9999980531,
    77.990405827234));
#6186 = CARTESIAN_POINT('',(-76.98037063767,-123.9999978057,
    77.989806129897));
#6187 = CARTESIAN_POINT('',(-76.98108187071,-123.9999975417,
    77.989206423409));
#6188 = CARTESIAN_POINT('',(-76.98179310591,-123.9999972612,
    77.988606708533));
#6189 = CARTESIAN_POINT('',(-76.98250434413,-123.9999969642,
    77.988006983961));
#6190 = CARTESIAN_POINT('',(-76.98321558413,-123.9999966508,
    77.987407251558));
#6191 = CARTESIAN_POINT('',(-76.9839268274,-123.9999963208,
    77.986807509117));
#6192 = CARTESIAN_POINT('',(-76.98463807242,-123.9999959744,
    77.986207758847));
#6193 = CARTESIAN_POINT('',(-76.98534932048,-123.9999956114,
    77.9856079989));
#6194 = CARTESIAN_POINT('',(-76.98606057066,-123.999995232,
    77.985008230578));
#6195 = CARTESIAN_POINT('',(-76.98677182349,-123.999994836,
    77.984408453132));
#6196 = CARTESIAN_POINT('',(-76.98748307873,-123.9999944235,
    77.983808666913));
#6197 = CARTESIAN_POINT('',(-76.9896168519,-123.9999931367,
    77.982009281588));
#6198 = CARTESIAN_POINT('',(-76.99103937717,-123.9999922128,
    77.980809655926));
#6199 = CARTESIAN_POINT('',(-76.99246191247,-123.9999912229,
    77.979609994766));
#6200 = CARTESIAN_POINT('',(-76.99388445719,-123.999990167,
    77.978410298318));
#6201 = CARTESIAN_POINT('',(-76.99530701251,-123.9999890451,
    77.97721056624));
#6202 = CARTESIAN_POINT('',(-76.9967295764,-123.9999878573,
    77.976010799156));
#6203 = CARTESIAN_POINT('',(-76.99815215166,-123.9999866033,
    77.974810996257));
#6204 = CARTESIAN_POINT('',(-76.99957473495,-123.9999852835,
    77.973611158554));
#6205 = CARTESIAN_POINT('',(-77.00099732954,-123.9999838976,
    77.97241128507));
#6206 = CARTESIAN_POINT('',(-77.00241993266,-123.9999824458,
    77.971211376693));
#6207 = CARTESIAN_POINT('',(-77.00384254622,-123.9999809279,
    77.970011432819));
#6208 = CARTESIAN_POINT('',(-77.00526516909,-123.9999793441,
    77.968811453847));
#6209 = CARTESIAN_POINT('',(-77.00668780175,-123.9999776943,
    77.967611439626));
#6210 = CARTESIAN_POINT('',(-77.01095572855,-123.9999725468,
    77.964011291459));
#6211 = CARTESIAN_POINT('',(-77.01380105165,-123.9999688512,
    77.961611051977));
#6212 = CARTESIAN_POINT('',(-77.01664641317,-123.9999648915,
    77.959210671949));
#6213 = CARTESIAN_POINT('',(-77.01949181281,-123.9999606679,
    77.956810151664));
#6214 = CARTESIAN_POINT('',(-77.02233725076,-123.9999561804,
    77.954409491108));
#6215 = CARTESIAN_POINT('',(-77.02518272621,-123.9999514288,
    77.952008690781));
#6216 = CARTESIAN_POINT('',(-77.02802823997,-123.9999464133,
    77.949607750507));
#6217 = CARTESIAN_POINT('',(-77.03087379065,-123.9999411337,
    77.947206670808));
#6218 = CARTESIAN_POINT('',(-77.03371937938,-123.9999355902,
    77.944805451646));
#6219 = CARTESIAN_POINT('',(-77.03656500487,-123.9999297827,
    77.942404093321));
#6220 = CARTESIAN_POINT('',(-77.03941066778,-123.9999237112,
    77.940002595993));
#6221 = CARTESIAN_POINT('',(-77.04225636744,-123.9999173758,
    77.937600959848));
#6222 = CARTESIAN_POINT('',(-77.04510210394,-123.9999107763,
    77.935199185082));
#6223 = CARTESIAN_POINT('',(-77.05363942321,-123.9998901859,
    77.927993445488));
#6224 = CARTESIAN_POINT('',(-77.0593311159,-123.9998754031,
    77.923189065378));
#6225 = CARTESIAN_POINT('',(-77.0650229536,-123.9998595642,
    77.918384133123));
#6226 = CARTESIAN_POINT('',(-77.0707149353,-123.9998426694,
    77.913578649969));
#6227 = CARTESIAN_POINT('',(-77.07640705886,-123.9998247186,
    77.9087726179));
#6228 = CARTESIAN_POINT('',(-77.08209932419,-123.9998057118,
    77.903966037567));
#6229 = CARTESIAN_POINT('',(-77.08779172817,-123.9997856491,
    77.899158911595));
#6230 = CARTESIAN_POINT('',(-77.09348427138,-123.9997645301,
    77.894351240168));
#6231 = CARTESIAN_POINT('',(-77.09917695062,-123.9997423554,
    77.889543026017));
#6232 = CARTESIAN_POINT('',(-77.10486976595,-123.9997191245,
    77.88473426962));
#6233 = CARTESIAN_POINT('',(-77.11056271506,-123.9996948377,
    77.879924973144));
#6234 = CARTESIAN_POINT('',(-77.11625579707,-123.9996694947,
    77.875115137689));
#6235 = CARTESIAN_POINT('',(-77.12194901039,-123.9996430958,
    77.870304764913));
#6236 = CARTESIAN_POINT('',(-77.13902904041,-123.9995607308,
    77.855872038903));
#6237 = CARTESIAN_POINT('',(-77.1504162479,-123.9995015965,
    77.84624807869));
#6238 = CARTESIAN_POINT('',(-77.16180396427,-123.9994382379,
    77.836621986837));
#6239 = CARTESIAN_POINT('',(-77.17319217748,-123.9993706549,
    77.826993774733));
#6240 = CARTESIAN_POINT('',(-77.18458087571,-123.9992988478,
    77.817363453423));
#6241 = CARTESIAN_POINT('',(-77.19597004678,-123.9992228161,
    77.80773103458));
#6242 = CARTESIAN_POINT('',(-77.207359679,-123.9991425603,
    77.798096528915));
#6243 = CARTESIAN_POINT('',(-77.21874976012,-123.9990580799,
    77.78845994838));
#6244 = CARTESIAN_POINT('',(-77.23014027841,-123.9989693753,
    77.778821303577));
#6245 = CARTESIAN_POINT('',(-77.24153122177,-123.9988764462,
    77.769180606348));
#6246 = CARTESIAN_POINT('',(-77.25292257828,-123.9987792927,
    77.759537867575));
#6247 = CARTESIAN_POINT('',(-77.26431433598,-123.9986779148,
    77.74989309876));
#6248 = CARTESIAN_POINT('',(-77.27570648289,-123.9985723125,
    77.74024631108));
#6249 = CARTESIAN_POINT('',(-77.3098840554,-123.9982428322,
    77.711299925367));
#6250 = CARTESIAN_POINT('',(-77.33267061962,-123.9980062784,
    77.69199431599));
#6251 = CARTESIAN_POINT('',(-77.35545859359,-123.997752826,
    77.672680767069));
#6252 = CARTESIAN_POINT('',(-77.37824787112,-123.9974824766,
    77.653359358107));
#6253 = CARTESIAN_POINT('',(-77.40103834622,-123.9971952318,
    77.634030168238));
#6254 = CARTESIAN_POINT('',(-77.42382991248,-123.9968910934,
    77.614693277334));
#6255 = CARTESIAN_POINT('',(-77.44662246414,-123.9965700627,
    77.595348764051));
#6256 = CARTESIAN_POINT('',(-77.46941589464,-123.9962321416,
    77.575996708734));
#6257 = CARTESIAN_POINT('',(-77.49221009824,-123.9958773316,
    77.55663718973));
#6258 = CARTESIAN_POINT('',(-77.51500496848,-123.9955056344,
    77.5372702874));
#6259 = CARTESIAN_POINT('',(-77.53780039945,-123.9951170515,
    77.517896080387));
#6260 = CARTESIAN_POINT('',(-77.56059628488,-123.9947115846,
    77.498514648558));
#6261 = CARTESIAN_POINT('',(-77.58339251868,-123.9942892353,
    77.479126071065));
#6262 = CARTESIAN_POINT('',(-77.65178194678,-123.9929715452,
    77.42093914005));
#6263 = CARTESIAN_POINT('',(-77.69737584759,-123.9920254988,
    77.382119732397));
#6264 = CARTESIAN_POINT('',(-77.74296979515,-123.9910119288,
    77.343272674831));
#6265 = CARTESIAN_POINT('',(-77.78856288741,-123.9899308981,
    77.304398437184));
#6266 = CARTESIAN_POINT('',(-77.83415422249,-123.9887824693,
    77.265497490549));
#6267 = CARTESIAN_POINT('',(-77.87974289813,-123.9875667053,
    77.226570303741));
#6268 = CARTESIAN_POINT('',(-77.92532801272,-123.9862836687,
    77.187617348992));
#6269 = CARTESIAN_POINT('',(-77.97090866378,-123.9849334224,
    77.148639094211));
#6270 = CARTESIAN_POINT('',(-78.01648394976,-123.9835160291,
    77.109636011952));
#6271 = CARTESIAN_POINT('',(-78.06205296828,-123.9820315516,
    77.070608570528));
#6272 = CARTESIAN_POINT('',(-78.10761481761,-123.9804800526,
    77.031557241526));
#6273 = CARTESIAN_POINT('',(-78.15316859558,-123.9788615948,
    76.992482494421));
#6274 = CARTESIAN_POINT('',(-78.19871340025,-123.9771762412,
    76.953384799801));
#6275 = CARTESIAN_POINT('',(-78.33531818831,-123.9719196806,
    76.836024283787));
#6276 = CARTESIAN_POINT('',(-78.42634899876,-123.9681482641,
    76.757693597498));
#6277 = CARTESIAN_POINT('',(-78.51733328832,-123.96411067,76.6792753141)
  );
#6278 = CARTESIAN_POINT('',(-78.60826387937,-123.959807888,
    76.600772114189));
#6279 = CARTESIAN_POINT('',(-78.69913388812,-123.9552410329,
    76.5221866144));
#6280 = CARTESIAN_POINT('',(-78.7899367269,-123.950411344,
    76.443521366105));
#6281 = CARTESIAN_POINT('',(-78.88066610056,-123.9453201854,
    76.364778857611));
#6282 = CARTESIAN_POINT('',(-78.97131601118,-123.939969046,
    76.285961511098));
#6283 = CARTESIAN_POINT('',(-79.06188075285,-123.9343595395,
    76.207071686198));
#6284 = CARTESIAN_POINT('',(-79.15235491661,-123.9284934041,
    76.128111676461));
#6285 = CARTESIAN_POINT('',(-79.24273338646,-123.922372503,
    76.049083712302));
#6286 = CARTESIAN_POINT('',(-79.33301134209,-123.9159988242,
    75.969989958941));
#6287 = CARTESIAN_POINT('',(-79.42318425732,-123.9093744801,
    75.890832517591));
#6288 = CARTESIAN_POINT('',(-79.69337518785,-123.8887561644,
    75.653175239548));
#6289 = CARTESIAN_POINT('',(-79.8730707039,-123.8740167425,
    75.494493698111));
#6290 = CARTESIAN_POINT('',(-80.05229789737,-123.8583003887,
    75.335584350459));
#6291 = CARTESIAN_POINT('',(-80.23103173836,-123.8416259149,
    75.176465877235));
#6292 = CARTESIAN_POINT('',(-80.40925829015,-123.8240131214,
    75.017160094648));
#6293 = CARTESIAN_POINT('',(-80.58697428349,-123.8054819178,
    74.85769195555));
#6294 = CARTESIAN_POINT('',(-80.76418668607,-123.7860514458,
    74.698089556789));
#6295 = CARTESIAN_POINT('',(-80.94091227881,-123.7657392,74.53838413771)
  );
#6296 = CARTESIAN_POINT('',(-81.11717722398,-123.7445601508,
    74.378610089218));
#6297 = CARTESIAN_POINT('',(-81.29301664167,-123.7225258655,
    74.218804952094));
#6298 = CARTESIAN_POINT('',(-81.46847417898,-123.6996436303,
    74.059009424669));
#6299 = CARTESIAN_POINT('',(-81.64360158459,-123.6759155726,
    73.899267363529));
#6300 = CARTESIAN_POINT('',(-81.81845828002,-123.6513377819,
    73.739625788633));
#6301 = CARTESIAN_POINT('',(-82.167763585,-123.6004610837,
    73.420643983541));
#6302 = CARTESIAN_POINT('',(-82.34220690703,-123.5741623495,
    73.261300613055));
#6303 = CARTESIAN_POINT('',(-82.51649923472,-123.5469961369,
    73.102149319455));
#6304 = CARTESIAN_POINT('',(-82.6907004846,-123.5189478727,
    72.943234659712));
#6305 = CARTESIAN_POINT('',(-82.86486557711,-123.4899987119,
    72.784596403529));
#6306 = CARTESIAN_POINT('',(-83.03903919961,-123.4601285408,
    72.626265705381));
#6307 = CARTESIAN_POINT('',(-83.2132519079,-123.4293187775,
    72.468262250152));
#6308 = CARTESIAN_POINT('',(-83.38751756736,-123.3975549664,
    72.310592368804));
#6309 = CARTESIAN_POINT('',(-83.5618321328,-123.3648291706,
    72.153248129095));
#6310 = CARTESIAN_POINT('',(-83.73617376741,-123.3311421584,
    71.996207395293));
#6311 = CARTESIAN_POINT('',(-83.91050430107,-123.2965053866,
    71.839434863182));
#6312 = CARTESIAN_POINT('',(-84.08477202727,-123.2609427797,
    71.682884064705));
#6313 = CARTESIAN_POINT('',(-84.25891583952,-123.2244923042,
    71.526500346621));
#6314 = CARTESIAN_POINT('',(-84.60682557367,-123.1499223757,
    71.213949293924));
#6315 = CARTESIAN_POINT('',(-84.78057495513,-123.1118137436,
    71.057767608958));
#6316 = CARTESIAN_POINT('',(-84.95412350728,-123.0728888506,
    70.901679500423));
#6317 = CARTESIAN_POINT('',(-85.12747502203,-123.0331561024,
    70.745684922015));
#6318 = CARTESIAN_POINT('',(-85.30063242719,-122.992624903,
    70.589784045039));
#6319 = CARTESIAN_POINT('',(-85.47359778575,-122.9513056551,
    70.433977260553));
#6320 = CARTESIAN_POINT('',(-85.64637229722,-122.9092097595,
    70.278265175724));
#6321 = CARTESIAN_POINT('',(-85.8189562956,-122.866349616,
    70.122648619021));
#6322 = CARTESIAN_POINT('',(-85.99134925192,-122.8227386224,
    69.967128633947));
#6323 = CARTESIAN_POINT('',(-86.16354977161,-122.7783911754,
    69.811706485477));
#6324 = CARTESIAN_POINT('',(-86.33555559678,-122.7333226698,
    69.656383654431));
#6325 = CARTESIAN_POINT('',(-86.50736360455,-122.6875494993,
    69.501161841636));
#6326 = CARTESIAN_POINT('',(-86.67896980806,-122.6410890556,
    69.346042965354));
#6327 = CARTESIAN_POINT('',(-87.53596754772,-122.4054424242,
    68.570973951477));
#6328 = CARTESIAN_POINT('',(-88.21828238869,-122.2062377464,
    67.952588656819));
#6329 = CARTESIAN_POINT('',(-88.89709806796,-121.9975137059,
    67.336008339291));
#6330 = CARTESIAN_POINT('',(-89.57217289792,-121.7807534083,
    66.721283367818));
#6331 = CARTESIAN_POINT('',(-90.24342481249,-121.55771773,
    66.108446081524));
#6332 = CARTESIAN_POINT('',(-90.91126447544,-121.3301917152,
    65.497419221929));
#6333 = CARTESIAN_POINT('',(-91.57677175541,-121.0997452965,
    64.887977752628));
#6334 = CARTESIAN_POINT('',(-92.24156247516,-120.867647418,
    64.279871833864));
#6335 = CARTESIAN_POINT('',(-92.90734348923,-120.6349811108,
    63.673114880777));
#6336 = CARTESIAN_POINT('',(-93.57530529,-120.4029155469,63.068336787661
    ));
#6337 = CARTESIAN_POINT('',(-94.24565249566,-120.1729995675,
    62.466998555844));
#6338 = CARTESIAN_POINT('',(-94.91772371324,-119.9472496604,
    61.871160722909));
#6339 = CARTESIAN_POINT('',(-95.59130342655,-119.7277138296,
    61.282394141733));
#6340 = CARTESIAN_POINT('',(-97.60028496509,-119.0982566714,
    59.556148154784));
#6341 = CARTESIAN_POINT('',(-98.97972748126,-118.6901999478,
    58.415350694313));
#6342 = CARTESIAN_POINT('',(-100.3542340215,-118.3274540759,
    57.332339352169));
#6343 = CARTESIAN_POINT('',(-101.763317339,-117.9984801544,
    56.292230177707));
#6344 = CARTESIAN_POINT('',(-103.2350068464,-117.6893698095,
    55.283609385035));
#6345 = CARTESIAN_POINT('',(-104.7704544668,-117.4178714432,
    54.325548645707));
#6346 = CARTESIAN_POINT('',(-106.3516825194,-117.1825522112,
    53.456388378439));
#6347 = CARTESIAN_POINT('',(-107.9625095893,-116.973817724,
    52.680047698666));
#6348 = CARTESIAN_POINT('',(-109.6157226822,-116.7880669383,
    51.983340844369));
#6349 = CARTESIAN_POINT('',(-111.3368516454,-116.6213254511,
    51.376406910832));
#6350 = CARTESIAN_POINT('',(-113.1165347384,-116.4729863503,
    50.877140890866));
#6351 = CARTESIAN_POINT('',(-114.9182458891,-116.3422289208,
    50.498649506776));
#6352 = CARTESIAN_POINT('',(-116.7147907008,-116.226598417,
    50.234199912426));
#6353 = CARTESIAN_POINT('',(-118.7240740194,-116.1124199894,
    50.077267417458));
#6354 = CARTESIAN_POINT('',(-118.8886383955,-116.1031499196,
    50.065395090258));
#6355 = CARTESIAN_POINT('',(-119.0533836171,-116.0939747321,
    50.054498495341));
#6356 = CARTESIAN_POINT('',(-119.2181232753,-116.0849130265,
    50.044593406645));
#6357 = CARTESIAN_POINT('',(-119.382812048,-116.075967071,
    50.035681598995));
#6358 = CARTESIAN_POINT('',(-119.5474640189,-116.0671323705,
    50.027760111261));
#6359 = CARTESIAN_POINT('',(-119.7121046829,-116.0584032583,
    50.020826299939));
#6360 = CARTESIAN_POINT('',(-119.8767490055,-116.0497754175,
    50.014879706944));
#6361 = CARTESIAN_POINT('',(-120.04139787,-116.0412462422,50.00992178268
    ));
#6362 = CARTESIAN_POINT('',(-120.2060452898,-116.0328139435,
    50.005954484942));
#6363 = CARTESIAN_POINT('',(-120.3706887143,-116.0244763118,
    50.002978795135));
#6364 = CARTESIAN_POINT('',(-120.5353348041,-116.0162300398,
    50.000994174869));
#6365 = CARTESIAN_POINT('',(-120.6999930116,-116.0080715166,
    50.000000000001));
#6366 = CARTESIAN_POINT('',(-120.8646493323,-116.,50.));
#6367 = DEFINITIONAL_REPRESENTATION('',(#6368),#6372);
#6368 = LINE('',#6369,#6370);
#6369 = CARTESIAN_POINT('',(0.,0.));
#6370 = VECTOR('',#6371,1.);
#6371 = DIRECTION('',(0.,1.));
#6372 = ( GEOMETRIC_REPRESENTATION_CONTEXT(2) 
PARAMETRIC_REPRESENTATION_CONTEXT() REPRESENTATION_CONTEXT('2D SPACE',''
  ) );
#6373 = ORIENTED_EDGE('',*,*,#6374,.T.);
#6374 = EDGE_CURVE('',#5372,#6375,#6377,.T.);
#6375 = VERTEX_POINT('',#6376);
#6376 = CARTESIAN_POINT('',(-69.73365171013,-124.,105.));
#6377 = SURFACE_CURVE('',#6378,(#6382,#6389),.PCURVE_S1.);
#6378 = LINE('',#6379,#6380);
#6379 = CARTESIAN_POINT('',(-85.51111260566,-124.,46.117714323462));
#6380 = VECTOR('',#6381,1.);
#6381 = DIRECTION('',(0.258819045103,0.,0.965925826289));
#6382 = PCURVE('',#2670,#6383);
#6383 = DEFINITIONAL_REPRESENTATION('',(#6384),#6388);
#6384 = LINE('',#6385,#6386);
#6385 = CARTESIAN_POINT('',(46.117714323462,121.98888739433));
#6386 = VECTOR('',#6387,1.);
#6387 = DIRECTION('',(0.965925826289,0.258819045103));
#6388 = ( GEOMETRIC_REPRESENTATION_CONTEXT(2) 
PARAMETRIC_REPRESENTATION_CONTEXT() REPRESENTATION_CONTEXT('2D SPACE',''
  ) );
#6389 = PCURVE('',#6390,#6395);
#6390 = CYLINDRICAL_SURFACE('',#6391,15.);
#6391 = AXIS2_PLACEMENT_3D('',#6392,#6393,#6394);
#6392 = CARTESIAN_POINT('',(-85.51111260566,-109.,46.117714323462));
#6393 = DIRECTION('',(0.258819045103,0.,0.965925826289));
#6394 = DIRECTION('',(-0.965925826289,0.,0.258819045103));
#6395 = DEFINITIONAL_REPRESENTATION('',(#6396),#6400);
#6396 = LINE('',#6397,#6398);
#6397 = CARTESIAN_POINT('',(1.570796326795,0.));
#6398 = VECTOR('',#6399,1.);
#6399 = DIRECTION('',(0.,1.));
#6400 = ( GEOMETRIC_REPRESENTATION_CONTEXT(2) 
PARAMETRIC_REPRESENTATION_CONTEXT() REPRESENTATION_CONTEXT('2D SPACE',''
  ) );
#6401 = ORIENTED_EDGE('',*,*,#6402,.F.);
#6402 = EDGE_CURVE('',#6403,#6375,#6405,.T.);
#6403 = VERTEX_POINT('',#6404);
#6404 = CARTESIAN_POINT('',(-39.,-124.,105.));
#6405 = SURFACE_CURVE('',#6406,(#6410,#6417),.PCURVE_S1.);
#6406 = LINE('',#6407,#6408);
#6407 = CARTESIAN_POINT('',(-33.,-124.,105.));
#6408 = VECTOR('',#6409,1.);
#6409 = DIRECTION('',(-1.,0.,0.));
#6410 = PCURVE('',#2670,#6411);
#6411 = DEFINITIONAL_REPRESENTATION('',(#6412),#6416);
#6412 = LINE('',#6413,#6414);
#6413 = CARTESIAN_POINT('',(105.,174.5));
#6414 = VECTOR('',#6415,1.);
#6415 = DIRECTION('',(0.,-1.));
#6416 = ( GEOMETRIC_REPRESENTATION_CONTEXT(2) 
PARAMETRIC_REPRESENTATION_CONTEXT() REPRESENTATION_CONTEXT('2D SPACE',''
  ) );
#6417 = PCURVE('',#6418,#6423);
#6418 = CYLINDRICAL_SURFACE('',#6419,60.);
#6419 = AXIS2_PLACEMENT_3D('',#6420,#6421,#6422);
#6420 = CARTESIAN_POINT('',(-33.,-64.,105.));
#6421 = DIRECTION('',(-1.,0.,0.));
#6422 = DIRECTION('',(-0.,-1.,-0.));
#6423 = DEFINITIONAL_REPRESENTATION('',(#6424),#6428);
#6424 = LINE('',#6425,#6426);
#6425 = CARTESIAN_POINT('',(0.,0.));
#6426 = VECTOR('',#6427,1.);
#6427 = DIRECTION('',(0.,1.));
#6428 = ( GEOMETRIC_REPRESENTATION_CONTEXT(2) 
PARAMETRIC_REPRESENTATION_CONTEXT() REPRESENTATION_CONTEXT('2D SPACE',''
  ) );
#6429 = ORIENTED_EDGE('',*,*,#6430,.T.);
#6430 = EDGE_CURVE('',#6403,#6431,#6433,.T.);
#6431 = VERTEX_POINT('',#6432);
#6432 = CARTESIAN_POINT('',(-39.,-124.,53.));
#6433 = SURFACE_CURVE('',#6434,(#6438,#6445),.PCURVE_S1.);
#6434 = LINE('',#6435,#6436);
#6435 = CARTESIAN_POINT('',(-39.,-124.,105.));
#6436 = VECTOR('',#6437,1.);
#6437 = DIRECTION('',(-0.,0.,-1.));
#6438 = PCURVE('',#2670,#6439);
#6439 = DEFINITIONAL_REPRESENTATION('',(#6440),#6444);
#6440 = LINE('',#6441,#6442);
#6441 = CARTESIAN_POINT('',(105.,168.5));
#6442 = VECTOR('',#6443,1.);
#6443 = DIRECTION('',(-1.,0.));
#6444 = ( GEOMETRIC_REPRESENTATION_CONTEXT(2) 
PARAMETRIC_REPRESENTATION_CONTEXT() REPRESENTATION_CONTEXT('2D SPACE',''
  ) );
#6445 = PCURVE('',#6446,#6451);
#6446 = CYLINDRICAL_SURFACE('',#6447,6.);
#6447 = AXIS2_PLACEMENT_3D('',#6448,#6449,#6450);
#6448 = CARTESIAN_POINT('',(-39.,-118.,105.));
#6449 = DIRECTION('',(-0.,0.,-1.));
#6450 = DIRECTION('',(1.,0.,-0.));
#6451 = DEFINITIONAL_REPRESENTATION('',(#6452),#6456);
#6452 = LINE('',#6453,#6454);
#6453 = CARTESIAN_POINT('',(1.570796326795,0.));
#6454 = VECTOR('',#6455,1.);
#6455 = DIRECTION('',(0.,1.));
#6456 = ( GEOMETRIC_REPRESENTATION_CONTEXT(2) 
PARAMETRIC_REPRESENTATION_CONTEXT() REPRESENTATION_CONTEXT('2D SPACE',''
  ) );
#6457 = ORIENTED_EDGE('',*,*,#6458,.T.);
#6458 = EDGE_CURVE('',#6431,#6459,#6461,.T.);
#6459 = VERTEX_POINT('',#6460);
#6460 = CARTESIAN_POINT('',(-25.,-124.,39.));
#6461 = SURFACE_CURVE('',#6462,(#6467,#6478),.PCURVE_S1.);
#6462 = CIRCLE('',#6463,14.);
#6463 = AXIS2_PLACEMENT_3D('',#6464,#6465,#6466);
#6464 = CARTESIAN_POINT('',(-25.,-124.,53.));
#6465 = DIRECTION('',(0.,-1.,-0.));
#6466 = DIRECTION('',(-1.,-0.,0.));
#6467 = PCURVE('',#2670,#6468);
#6468 = DEFINITIONAL_REPRESENTATION('',(#6469),#6477);
#6469 = ( BOUNDED_CURVE() B_SPLINE_CURVE(2,(#6470,#6471,#6472,#6473,
#6474,#6475,#6476),.UNSPECIFIED.,.T.,.F.) B_SPLINE_CURVE_WITH_KNOTS((1,2
    ,2,2,2,1),(-2.094395102393,0.,2.094395102393,4.188790204786,
6.28318530718,8.377580409573),.UNSPECIFIED.) CURVE() 
GEOMETRIC_REPRESENTATION_ITEM() RATIONAL_B_SPLINE_CURVE((1.,0.5,1.,0.5,
1.,0.5,1.)) REPRESENTATION_ITEM('') );
#6470 = CARTESIAN_POINT('',(53.,168.5));
#6471 = CARTESIAN_POINT('',(28.751288694036,168.5));
#6472 = CARTESIAN_POINT('',(40.875644347018,189.5));
#6473 = CARTESIAN_POINT('',(53.,210.5));
#6474 = CARTESIAN_POINT('',(65.124355652982,189.5));
#6475 = CARTESIAN_POINT('',(77.248711305964,168.5));
#6476 = CARTESIAN_POINT('',(53.,168.5));
#6477 = ( GEOMETRIC_REPRESENTATION_CONTEXT(2) 
PARAMETRIC_REPRESENTATION_CONTEXT() REPRESENTATION_CONTEXT('2D SPACE',''
  ) );
#6478 = PCURVE('',#6479,#6484);
#6479 = TOROIDAL_SURFACE('',#6480,14.,6.);
#6480 = AXIS2_PLACEMENT_3D('',#6481,#6482,#6483);
#6481 = CARTESIAN_POINT('',(-25.,-118.,53.));
#6482 = DIRECTION('',(-0.,1.,0.));
#6483 = DIRECTION('',(-1.,-0.,0.));
#6484 = DEFINITIONAL_REPRESENTATION('',(#6485),#6489);
#6485 = LINE('',#6486,#6487);
#6486 = CARTESIAN_POINT('',(-0.,4.712388980385));
#6487 = VECTOR('',#6488,1.);
#6488 = DIRECTION('',(-1.,0.));
#6489 = ( GEOMETRIC_REPRESENTATION_CONTEXT(2) 
PARAMETRIC_REPRESENTATION_CONTEXT() REPRESENTATION_CONTEXT('2D SPACE',''
  ) );
#6490 = ORIENTED_EDGE('',*,*,#6491,.T.);
#6491 = EDGE_CURVE('',#6459,#6492,#6494,.T.);
#6492 = VERTEX_POINT('',#6493);
#6493 = CARTESIAN_POINT('',(25.,-124.,39.));
#6494 = SURFACE_CURVE('',#6495,(#6499,#6506),.PCURVE_S1.);
#6495 = LINE('',#6496,#6497);
#6496 = CARTESIAN_POINT('',(-25.,-124.,39.));
#6497 = VECTOR('',#6498,1.);
#6498 = DIRECTION('',(1.,0.,-0.));
#6499 = PCURVE('',#2670,#6500);
#6500 = DEFINITIONAL_REPRESENTATION('',(#6501),#6505);
#6501 = LINE('',#6502,#6503);
#6502 = CARTESIAN_POINT('',(39.,182.5));
#6503 = VECTOR('',#6504,1.);
#6504 = DIRECTION('',(0.,1.));
#6505 = ( GEOMETRIC_REPRESENTATION_CONTEXT(2) 
PARAMETRIC_REPRESENTATION_CONTEXT() REPRESENTATION_CONTEXT('2D SPACE',''
  ) );
#6506 = PCURVE('',#6507,#6512);
#6507 = CYLINDRICAL_SURFACE('',#6508,6.);
#6508 = AXIS2_PLACEMENT_3D('',#6509,#6510,#6511);
#6509 = CARTESIAN_POINT('',(-25.,-118.,39.));
#6510 = DIRECTION('',(1.,0.,-0.));
#6511 = DIRECTION('',(0.,0.,1.));
#6512 = DEFINITIONAL_REPRESENTATION('',(#6513),#6517);
#6513 = LINE('',#6514,#6515);
#6514 = CARTESIAN_POINT('',(1.570796326795,0.));
#6515 = VECTOR('',#6516,1.);
#6516 = DIRECTION('',(0.,1.));
#6517 = ( GEOMETRIC_REPRESENTATION_CONTEXT(2) 
PARAMETRIC_REPRESENTATION_CONTEXT() REPRESENTATION_CONTEXT('2D SPACE',''
  ) );
#6518 = ORIENTED_EDGE('',*,*,#6519,.T.);
#6519 = EDGE_CURVE('',#6492,#6520,#6522,.T.);
#6520 = VERTEX_POINT('',#6521);
#6521 = CARTESIAN_POINT('',(39.,-124.,53.));
#6522 = SURFACE_CURVE('',#6523,(#6528,#6539),.PCURVE_S1.);
#6523 = CIRCLE('',#6524,14.);
#6524 = AXIS2_PLACEMENT_3D('',#6525,#6526,#6527);
#6525 = CARTESIAN_POINT('',(25.,-124.,53.));
#6526 = DIRECTION('',(0.,-1.,0.));
#6527 = DIRECTION('',(0.,0.,-1.));
#6528 = PCURVE('',#2670,#6529);
#6529 = DEFINITIONAL_REPRESENTATION('',(#6530),#6538);
#6530 = ( BOUNDED_CURVE() B_SPLINE_CURVE(2,(#6531,#6532,#6533,#6534,
#6535,#6536,#6537),.UNSPECIFIED.,.T.,.F.) B_SPLINE_CURVE_WITH_KNOTS((1,2
    ,2,2,2,1),(-2.094395102393,0.,2.094395102393,4.188790204786,
6.28318530718,8.377580409573),.UNSPECIFIED.) CURVE() 
GEOMETRIC_REPRESENTATION_ITEM() RATIONAL_B_SPLINE_CURVE((1.,0.5,1.,0.5,
1.,0.5,1.)) REPRESENTATION_ITEM('') );
#6531 = CARTESIAN_POINT('',(39.,232.5));
#6532 = CARTESIAN_POINT('',(39.,256.74871130596));
#6533 = CARTESIAN_POINT('',(60.,244.62435565298));
#6534 = CARTESIAN_POINT('',(81.,232.5));
#6535 = CARTESIAN_POINT('',(60.,220.37564434701));
#6536 = CARTESIAN_POINT('',(39.,208.25128869403));
#6537 = CARTESIAN_POINT('',(39.,232.5));
#6538 = ( GEOMETRIC_REPRESENTATION_CONTEXT(2) 
PARAMETRIC_REPRESENTATION_CONTEXT() REPRESENTATION_CONTEXT('2D SPACE',''
  ) );
#6539 = PCURVE('',#6540,#6545);
#6540 = TOROIDAL_SURFACE('',#6541,14.,6.);
#6541 = AXIS2_PLACEMENT_3D('',#6542,#6543,#6544);
#6542 = CARTESIAN_POINT('',(25.,-118.,53.));
#6543 = DIRECTION('',(-0.,1.,0.));
#6544 = DIRECTION('',(0.,0.,-1.));
#6545 = DEFINITIONAL_REPRESENTATION('',(#6546),#6550);
#6546 = LINE('',#6547,#6548);
#6547 = CARTESIAN_POINT('',(-0.,4.712388980385));
#6548 = VECTOR('',#6549,1.);
#6549 = DIRECTION('',(-1.,0.));
#6550 = ( GEOMETRIC_REPRESENTATION_CONTEXT(2) 
PARAMETRIC_REPRESENTATION_CONTEXT() REPRESENTATION_CONTEXT('2D SPACE',''
  ) );
#6551 = ORIENTED_EDGE('',*,*,#6552,.T.);
#6552 = EDGE_CURVE('',#6520,#6553,#6555,.T.);
#6553 = VERTEX_POINT('',#6554);
#6554 = CARTESIAN_POINT('',(39.,-124.,105.));
#6555 = SURFACE_CURVE('',#6556,(#6560,#6567),.PCURVE_S1.);
#6556 = LINE('',#6557,#6558);
#6557 = CARTESIAN_POINT('',(39.,-124.,53.));
#6558 = VECTOR('',#6559,1.);
#6559 = DIRECTION('',(0.,-0.,1.));
#6560 = PCURVE('',#2670,#6561);
#6561 = DEFINITIONAL_REPRESENTATION('',(#6562),#6566);
#6562 = LINE('',#6563,#6564);
#6563 = CARTESIAN_POINT('',(53.,246.5));
#6564 = VECTOR('',#6565,1.);
#6565 = DIRECTION('',(1.,0.));
#6566 = ( GEOMETRIC_REPRESENTATION_CONTEXT(2) 
PARAMETRIC_REPRESENTATION_CONTEXT() REPRESENTATION_CONTEXT('2D SPACE',''
  ) );
#6567 = PCURVE('',#6568,#6573);
#6568 = CYLINDRICAL_SURFACE('',#6569,6.);
#6569 = AXIS2_PLACEMENT_3D('',#6570,#6571,#6572);
#6570 = CARTESIAN_POINT('',(39.,-118.,53.));
#6571 = DIRECTION('',(0.,-0.,1.));
#6572 = DIRECTION('',(-1.,0.,0.));
#6573 = DEFINITIONAL_REPRESENTATION('',(#6574),#6578);
#6574 = LINE('',#6575,#6576);
#6575 = CARTESIAN_POINT('',(1.570796326795,0.));
#6576 = VECTOR('',#6577,1.);
#6577 = DIRECTION('',(0.,1.));
#6578 = ( GEOMETRIC_REPRESENTATION_CONTEXT(2) 
PARAMETRIC_REPRESENTATION_CONTEXT() REPRESENTATION_CONTEXT('2D SPACE',''
  ) );
#6579 = ORIENTED_EDGE('',*,*,#6580,.F.);
#6580 = EDGE_CURVE('',#6581,#6553,#6583,.T.);
#6581 = VERTEX_POINT('',#6582);
#6582 = CARTESIAN_POINT('',(69.733651710137,-124.,105.));
#6583 = SURFACE_CURVE('',#6584,(#6588,#6595),.PCURVE_S1.);
#6584 = LINE('',#6585,#6586);
#6585 = CARTESIAN_POINT('',(69.185842870421,-124.,105.));
#6586 = VECTOR('',#6587,1.);
#6587 = DIRECTION('',(-1.,0.,0.));
#6588 = PCURVE('',#2670,#6589);
#6589 = DEFINITIONAL_REPRESENTATION('',(#6590),#6594);
#6590 = LINE('',#6591,#6592);
#6591 = CARTESIAN_POINT('',(105.,276.68584287042));
#6592 = VECTOR('',#6593,1.);
#6593 = DIRECTION('',(0.,-1.));
#6594 = ( GEOMETRIC_REPRESENTATION_CONTEXT(2) 
PARAMETRIC_REPRESENTATION_CONTEXT() REPRESENTATION_CONTEXT('2D SPACE',''
  ) );
#6595 = PCURVE('',#6596,#6601);
#6596 = CYLINDRICAL_SURFACE('',#6597,60.);
#6597 = AXIS2_PLACEMENT_3D('',#6598,#6599,#6600);
#6598 = CARTESIAN_POINT('',(69.185842870421,-64.,105.));
#6599 = DIRECTION('',(-1.,0.,0.));
#6600 = DIRECTION('',(-0.,-1.,-0.));
#6601 = DEFINITIONAL_REPRESENTATION('',(#6602),#6606);
#6602 = LINE('',#6603,#6604);
#6603 = CARTESIAN_POINT('',(0.,0.));
#6604 = VECTOR('',#6605,1.);
#6605 = DIRECTION('',(0.,1.));
#6606 = ( GEOMETRIC_REPRESENTATION_CONTEXT(2) 
PARAMETRIC_REPRESENTATION_CONTEXT() REPRESENTATION_CONTEXT('2D SPACE',''
  ) );
#6607 = ORIENTED_EDGE('',*,*,#6608,.T.);
#6608 = EDGE_CURVE('',#6581,#6609,#6611,.T.);
#6609 = VERTEX_POINT('',#6610);
#6610 = CARTESIAN_POINT('',(76.968279905777,-124.,78.));
#6611 = SURFACE_CURVE('',#6612,(#6616,#6623),.PCURVE_S1.);
#6612 = LINE('',#6613,#6614);
#6613 = CARTESIAN_POINT('',(70.773907021952,-124.,101.11771432346));
#6614 = VECTOR('',#6615,1.);
#6615 = DIRECTION('',(0.258819045103,-0.,-0.965925826289));
#6616 = PCURVE('',#2670,#6617);
#6617 = DEFINITIONAL_REPRESENTATION('',(#6618),#6622);
#6618 = LINE('',#6619,#6620);
#6619 = CARTESIAN_POINT('',(101.11771432346,278.27390702195));
#6620 = VECTOR('',#6621,1.);
#6621 = DIRECTION('',(-0.965925826289,0.258819045103));
#6622 = ( GEOMETRIC_REPRESENTATION_CONTEXT(2) 
PARAMETRIC_REPRESENTATION_CONTEXT() REPRESENTATION_CONTEXT('2D SPACE',''
  ) );
#6623 = PCURVE('',#6624,#6629);
#6624 = CYLINDRICAL_SURFACE('',#6625,15.);
#6625 = AXIS2_PLACEMENT_3D('',#6626,#6627,#6628);
#6626 = CARTESIAN_POINT('',(70.773907021952,-109.,101.11771432346));
#6627 = DIRECTION('',(0.258819045103,-0.,-0.965925826289));
#6628 = DIRECTION('',(0.965925826289,0.,0.258819045103));
#6629 = DEFINITIONAL_REPRESENTATION('',(#6630),#6634);
#6630 = LINE('',#6631,#6632);
#6631 = CARTESIAN_POINT('',(1.570796326795,0.));
#6632 = VECTOR('',#6633,1.);
#6633 = DIRECTION('',(0.,1.));
#6634 = ( GEOMETRIC_REPRESENTATION_CONTEXT(2) 
PARAMETRIC_REPRESENTATION_CONTEXT() REPRESENTATION_CONTEXT('2D SPACE',''
  ) );
#6635 = ORIENTED_EDGE('',*,*,#6636,.F.);
#6636 = EDGE_CURVE('',#6637,#6609,#6639,.T.);
#6637 = VERTEX_POINT('',#6638);
#6638 = CARTESIAN_POINT('',(120.86464933237,-124.,42.));
#6639 = SURFACE_CURVE('',#6640,(#6838,#7039),.PCURVE_S1.);
#6640 = ( BOUNDED_CURVE() B_SPLINE_CURVE(14,(#6641,#6642,#6643,#6644,
    #6645,#6646,#6647,#6648,#6649,#6650,#6651,#6652,#6653,#6654,#6655,
    #6656,#6657,#6658,#6659,#6660,#6661,#6662,#6663,#6664,#6665,#6666,
    #6667,#6668,#6669,#6670,#6671,#6672,#6673,#6674,#6675,#6676,#6677,
    #6678,#6679,#6680,#6681,#6682,#6683,#6684,#6685,#6686,#6687,#6688,
    #6689,#6690,#6691,#6692,#6693,#6694,#6695,#6696,#6697,#6698,#6699,
    #6700,#6701,#6702,#6703,#6704,#6705,#6706,#6707,#6708,#6709,#6710,
    #6711,#6712,#6713,#6714,#6715,#6716,#6717,#6718,#6719,#6720,#6721,
    #6722,#6723,#6724,#6725,#6726,#6727,#6728,#6729,#6730,#6731,#6732,
    #6733,#6734,#6735,#6736,#6737,#6738,#6739,#6740,#6741,#6742,#6743,
    #6744,#6745,#6746,#6747,#6748,#6749,#6750,#6751,#6752,#6753,#6754,
    #6755,#6756,#6757,#6758,#6759,#6760,#6761,#6762,#6763,#6764,#6765,
    #6766,#6767,#6768,#6769,#6770,#6771,#6772,#6773,#6774,#6775,#6776,
    #6777,#6778,#6779,#6780,#6781,#6782,#6783,#6784,#6785,#6786,#6787,
    #6788,#6789,#6790,#6791,#6792,#6793,#6794,#6795,#6796,#6797,#6798,
    #6799,#6800,#6801,#6802,#6803,#6804,#6805,#6806,#6807,#6808,#6809,
    #6810,#6811,#6812,#6813,#6814,#6815,#6816,#6817,#6818,#6819,#6820,
    #6821,#6822,#6823,#6824,#6825,#6826,#6827,#6828,#6829,#6830,#6831,
    #6832,#6833,#6834,#6835,#6836,#6837),.UNSPECIFIED.,.F.,.F.) 
B_SPLINE_CURVE_WITH_KNOTS((15,13,13,13,13,13,13,13,13,13,13,13,13,13,13,
    15),(428.485540684,430.77820029802,456.58601827004,469.74940115672,
    473.04024687839,476.33109260006,479.62193832173,481.26736118256,
    482.09007261298,482.50142832819,482.7071061858,482.8099451146,
    482.861364579,482.8870743112,482.8999291773,482.9127840434),
.UNSPECIFIED.) CURVE() GEOMETRIC_REPRESENTATION_ITEM() 
RATIONAL_B_SPLINE_CURVE((1.,1.,1.,0.999999999999,1.000000000003,
    0.999999999996,1.000000000005,0.999999999994,1.000000000005,
    0.999999999996,1.000000000002,0.999999999999,1.,1.,1.,1.,
    0.999999999999,1.000000000002,0.999999999996,1.000000000007,
    0.999999999992,1.000000000007,0.999999999995,1.000000000003,
    0.999999999999,1.,1.,1.,1.000000000003,0.999999999991,1.000000000019
    ,0.99999999997,1.00000000004,0.999999999957,1.000000000039,
    0.999999999972,1.000000000017,0.999999999992,1.000000000003,
    0.999999999999,1.,0.999999999999,1.000000000003,0.999999999993,
    1.000000000013,0.999999999981,1.000000000022,0.99999999998,
    1.000000000015,0.999999999991,1.000000000004,0.999999999999,1.,1.,1.
    ,1.,0.999999999999,1.000000000003,0.999999999995,1.000000000006,
    0.999999999995,1.000000000004,0.999999999997,1.000000000001,
    0.999999999999,1.,1.,1.000000000001,0.999999999996,1.000000000008,
    0.999999999986,1.000000000017,0.999999999983,1.000000000015,
    0.99999999999,1.000000000006,0.999999999997,1.000000000001,1.,1.,
    0.999999999998,1.000000000006,0.999999999987,1.000000000022,
    0.999999999971,1.000000000031,0.999999999973,1.000000000019,
    0.999999999989,1.000000000005,0.999999999998,1.,1.,1.000000000001,
    0.999999999997,1.000000000006,0.99999999999,1.000000000013,
    0.999999999986,1.000000000013,0.99999999999,1.000000000006,
    0.999999999997,1.000000000001,1.,1.,1.,1.000000000001,0.999999999997
    ,1.000000000005,0.999999999992,1.00000000001,0.999999999991,
    1.000000000008,0.999999999995,1.000000000003,0.999999999999,
    1.000000000001,0.999999999999,1.000000000003,0.99999999999,
    1.000000000022,0.999999999966,1.000000000044,0.999999999955,
    1.000000000039,0.999999999973,1.000000000015,0.999999999993,
    1.000000000002,1.,1.,0.999999999999,1.000000000002,0.999999999997,
    1.000000000005,0.999999999994,1.000000000007,0.999999999994,
    1.000000000004,0.999999999998,1.000000000001,1.,1.,1.,0.999999999999
    ,1.000000000002,0.999999999996,1.000000000008,0.999999999989,
    1.000000000012,0.999999999989,1.000000000008,0.999999999995,
    1.000000000003,0.999999999999,1.,1.,1.000000000002,0.999999999994,
    1.000000000013,0.999999999978,1.00000000003,0.999999999968,
    1.000000000029,0.999999999979,1.000000000013,0.999999999994,
    1.000000000002,1.,1.,0.999999999999,1.000000000003,0.999999999993,
    1.000000000011,0.999999999987,1.000000000013,0.999999999989,
    1.000000000007,0.999999999996,1.000000000002,1.,1.,1.,0.999999999999
    ,1.000000000004,0.999999999992,1.000000000013,0.999999999983,
    1.000000000018,0.999999999984,1.000000000012,0.999999999993,
1.000000000003,0.999999999999,1.,1.)) REPRESENTATION_ITEM('') );
#6641 = CARTESIAN_POINT('',(120.86464933237,-124.,42.));
#6642 = CARTESIAN_POINT('',(120.69989737081,-124.,42.000000000002));
#6643 = CARTESIAN_POINT('',(120.53515507062,-124.,42.000987521286));
#6644 = CARTESIAN_POINT('',(120.37040717663,-124.,42.003001674017));
#6645 = CARTESIAN_POINT('',(120.20565765106,-124.,42.006023804575));
#6646 = CARTESIAN_POINT('',(120.04091615066,-124.,42.010031084704));
#6647 = CARTESIAN_POINT('',(119.87625818038,-124.,42.015019014335));
#6648 = CARTESIAN_POINT('',(119.71188703833,-123.9999999999,
    42.021001840565));
#6649 = CARTESIAN_POINT('',(119.54812567186,-124.,42.027999884101));
#6650 = CARTESIAN_POINT('',(119.38526655934,-123.9999999999,
    42.036022779617));
#6651 = CARTESIAN_POINT('',(119.22320773618,-124.,42.045057618955));
#6652 = CARTESIAN_POINT('',(119.06080308223,-124.,42.055071003493));
#6653 = CARTESIAN_POINT('',(118.89485498623,-124.,42.066033997145));
#6654 = CARTESIAN_POINT('',(118.7186775064,-124.,42.077978982394));
#6655 = CARTESIAN_POINT('',(116.28548205869,-124.,42.238767882022));
#6656 = CARTESIAN_POINT('',(114.00735751351,-124.,42.529169353911));
#6657 = CARTESIAN_POINT('',(111.77903197772,-123.9999999999,
    42.972715506728));
#6658 = CARTESIAN_POINT('',(109.617073625,-124.,43.555054757942));
#6659 = CARTESIAN_POINT('',(107.48293229597,-123.9999999999,
    44.264128767736));
#6660 = CARTESIAN_POINT('',(105.43694054036,-124.,45.100616308775));
#6661 = CARTESIAN_POINT('',(103.4656898963,-124.,46.04428832948));
#6662 = CARTESIAN_POINT('',(101.57021080836,-123.9999999999,
    47.086367620816));
#6663 = CARTESIAN_POINT('',(99.761677358377,-124.,48.22941838879));
#6664 = CARTESIAN_POINT('',(98.020229305665,-123.9999999999,
    49.458159226022));
#6665 = CARTESIAN_POINT('',(96.375430986298,-124.,50.75083236367));
#6666 = CARTESIAN_POINT('',(94.81728955311,-124.,52.099104563586));
#6667 = CARTESIAN_POINT('',(93.337175429912,-124.,53.513598947989));
#6668 = CARTESIAN_POINT('',(91.195956260555,-124.,55.72726452999));
#6669 = CARTESIAN_POINT('',(90.503963734534,-123.9999999999,
    56.478931436838));
#6670 = CARTESIAN_POINT('',(89.829898869944,-124.,57.243047911848));
#6671 = CARTESIAN_POINT('',(89.170027521765,-123.9999999999,
    58.021495279767));
#6672 = CARTESIAN_POINT('',(88.525028903998,-124.,58.812585192635));
#6673 = CARTESIAN_POINT('',(87.89680583524,-123.9999999999,
    59.613295108091));
#6674 = CARTESIAN_POINT('',(87.286779836707,-124.,60.420733196082));
#6675 = CARTESIAN_POINT('',(86.69523276562,-123.9999999999,
    61.23290922218));
#6676 = CARTESIAN_POINT('',(86.121320017068,-124.,62.048924490506));
#6677 = CARTESIAN_POINT('',(85.563443750358,-123.9999999999,
    62.868730469769));
#6678 = CARTESIAN_POINT('',(85.019737926703,-124.,63.692642268887));
#6679 = CARTESIAN_POINT('',(84.48848037629,-123.9999999999,
    64.520829660438));
#6680 = CARTESIAN_POINT('',(83.968310449581,-124.,65.353044899092));
#6681 = CARTESIAN_POINT('',(83.33066516385,-124.,66.397842666088));
#6682 = CARTESIAN_POINT('',(83.20376356018,-123.9999999999,
    66.607028896053));
#6683 = CARTESIAN_POINT('',(83.077474904212,-124.,66.816432630318));
#6684 = CARTESIAN_POINT('',(82.951785780452,-123.9999999999,
    67.026043833567));
#6685 = CARTESIAN_POINT('',(82.826683863496,-124.,67.235851607526));
#6686 = CARTESIAN_POINT('',(82.702157918421,-123.9999999999,
    67.445844190828));
#6687 = CARTESIAN_POINT('',(82.578197800166,-124.,67.6560089591));
#6688 = CARTESIAN_POINT('',(82.454794454323,-123.9999999999,
    67.866332425082));
#6689 = CARTESIAN_POINT('',(82.331939916298,-124.,68.076800238163));
#6690 = CARTESIAN_POINT('',(82.209627312064,-123.9999999999,
    68.287397185204));
#6691 = CARTESIAN_POINT('',(82.087850857581,-124.,68.498107189508));
#6692 = CARTESIAN_POINT('',(81.966605859186,-123.9999999999,
    68.708913311812));
#6693 = CARTESIAN_POINT('',(81.845888713356,-124.,68.919797749533));
#6694 = CARTESIAN_POINT('',(81.605505100335,-124.,69.341685924906));
#6695 = CARTESIAN_POINT('',(81.485837031546,-124.,69.552692052777));
#6696 = CARTESIAN_POINT('',(81.366688057998,-123.9999999999,
    69.763744254047));
#6697 = CARTESIAN_POINT('',(81.248060606086,-124.,69.97483235473));
#6698 = CARTESIAN_POINT('',(81.129961472667,-123.9999999999,
    70.185950397496));
#6699 = CARTESIAN_POINT('',(81.012399384699,-124.,70.397095267168));
#6700 = CARTESIAN_POINT('',(80.895382828356,-123.9999999999,
    70.608265521121));
#6701 = CARTESIAN_POINT('',(80.778918129494,-124.,70.819460419523));
#6702 = CARTESIAN_POINT('',(80.663007809953,-123.9999999999,
    71.030679162153));
#6703 = CARTESIAN_POINT('',(80.547649191302,-124.,71.241920324072));
#6704 = CARTESIAN_POINT('',(80.432833274403,-123.9999999999,
    71.453181497783));
#6705 = CARTESIAN_POINT('',(80.318543870342,-124.,71.664459135383));
#6706 = CARTESIAN_POINT('',(80.204757000832,-124.,71.875748595446));
#6707 = CARTESIAN_POINT('',(79.978124112497,-124.,72.298340187954));
#6708 = CARTESIAN_POINT('',(79.865278379042,-124.,72.509644920192));
#6709 = CARTESIAN_POINT('',(79.752873231261,-124.,72.720950346756));
#6710 = CARTESIAN_POINT('',(79.640871061576,-123.9999999999,
    72.932250477598));
#6711 = CARTESIAN_POINT('',(79.529228099656,-124.,73.143541451787));
#6712 = CARTESIAN_POINT('',(79.417895732635,-123.9999999999,
    73.354821414301));
#6713 = CARTESIAN_POINT('',(79.306821824858,-124.,73.566090394245));
#6714 = CARTESIAN_POINT('',(79.195952037902,-124.,73.777350180718));
#6715 = CARTESIAN_POINT('',(79.085231150819,-123.9999999999,
    73.988604201922));
#6716 = CARTESIAN_POINT('',(78.97460437949,-124.,74.199857400498));
#6717 = CARTESIAN_POINT('',(78.864018697415,-124.,74.411116112589));
#6718 = CARTESIAN_POINT('',(78.753424154895,-124.,74.622387943773));
#6719 = CARTESIAN_POINT('',(78.642775199585,-124.,74.833681647224));
#6720 = CARTESIAN_POINT('',(78.476660394411,-124.,75.150669677198));
#6721 = CARTESIAN_POINT('',(78.421265927959,-124.,75.256338597624));
#6722 = CARTESIAN_POINT('',(78.365842982796,-123.9999999999,
    75.362015360005));
#6723 = CARTESIAN_POINT('',(78.310386594247,-124.,75.467700988569));
#6724 = CARTESIAN_POINT('',(78.25489244722,-123.9999999999,
    75.573395933208));
#6725 = CARTESIAN_POINT('',(78.199356875687,-124.,75.679100070215));
#6726 = CARTESIAN_POINT('',(78.143776863468,-123.9999999999,
    75.784812701107));
#6727 = CARTESIAN_POINT('',(78.088150043244,-124.,75.890532554202));
#6728 = CARTESIAN_POINT('',(78.032474697621,-123.9999999999,
    75.996257782822));
#6729 = CARTESIAN_POINT('',(77.976749758126,-124.,76.101985967047));
#6730 = CARTESIAN_POINT('',(77.920974806051,-123.9999999999,
    76.207714112243));
#6731 = CARTESIAN_POINT('',(77.865150071815,-124.,76.313438650121));
#6732 = CARTESIAN_POINT('',(77.809276435396,-124.,76.419155438094));
#6733 = CARTESIAN_POINT('',(77.725394921411,-124.,76.577711920345));
#6734 = CARTESIAN_POINT('',(77.697421922978,-123.9999999999,
    76.630561632267));
#6735 = CARTESIAN_POINT('',(77.669437120202,-124.,76.68340772166));
#6736 = CARTESIAN_POINT('',(77.641441202784,-123.9999999999,
    76.736249014875));
#6737 = CARTESIAN_POINT('',(77.613434859794,-124.,76.789084338151));
#6738 = CARTESIAN_POINT('',(77.58541878146,-123.9999999999,
    76.841912517911));
#6739 = CARTESIAN_POINT('',(77.557393656259,-124.,76.89473238035));
#6740 = CARTESIAN_POINT('',(77.529360174893,-123.9999999999,
    76.947542751865));
#6741 = CARTESIAN_POINT('',(77.501319025663,-124.,77.000342458751));
#6742 = CARTESIAN_POINT('',(77.47327089908,-123.9999999999,
    77.053130327275));
#6743 = CARTESIAN_POINT('',(77.445216483922,-124.,77.105905183832));
#6744 = CARTESIAN_POINT('',(77.417156470117,-123.9999999999,
    77.158665854655));
#6745 = CARTESIAN_POINT('',(77.389091546954,-124.,77.211411166113));
#6746 = CARTESIAN_POINT('',(77.346987832546,-124.,77.290504333678));
#6747 = CARTESIAN_POINT('',(77.332952362088,-124.,77.316864415187));
#6748 = CARTESIAN_POINT('',(77.31891617301,-123.9999999999,
    77.34321993406));
#6749 = CARTESIAN_POINT('',(77.304879445335,-124.,77.369570635709));
#6750 = CARTESIAN_POINT('',(77.29084235988,-123.9999999999,
    77.395916264667));
#6751 = CARTESIAN_POINT('',(77.276805096025,-124.,77.422256567127));
#6752 = CARTESIAN_POINT('',(77.262767835274,-123.9999999999,
    77.4485912867));
#6753 = CARTESIAN_POINT('',(77.248730756512,-124.,77.474920170365));
#6754 = CARTESIAN_POINT('',(77.234694041348,-123.9999999999,
    77.501242961385));
#6755 = CARTESIAN_POINT('',(77.22065786899,-124.,77.527559406499));
#6756 = CARTESIAN_POINT('',(77.206622420441,-123.9999999999,
    77.553869249699));
#6757 = CARTESIAN_POINT('',(77.192587875572,-124.,77.580172236792));
#6758 = CARTESIAN_POINT('',(77.178554414845,-124.,77.606468112604));
#6759 = CARTESIAN_POINT('',(77.157506120293,-124.,77.645900877262));
#6760 = CARTESIAN_POINT('',(77.150490351547,-123.9999999999,
    77.659043275074));
#6761 = CARTESIAN_POINT('',(77.143474942017,-124.,77.672183775376));
#6762 = CARTESIAN_POINT('',(77.136459921347,-123.9999999999,
    77.68532233804));
#6763 = CARTESIAN_POINT('',(77.129445319546,-124.,77.698458922184));
#6764 = CARTESIAN_POINT('',(77.12243116586,-123.9999999999,
    77.711593488333));
#6765 = CARTESIAN_POINT('',(77.115417490832,-124.,77.724725994894));
#6766 = CARTESIAN_POINT('',(77.108404323171,-123.9999999999,
    77.737856402917));
#6767 = CARTESIAN_POINT('',(77.101391693762,-124.,77.750984670682));
#6768 = CARTESIAN_POINT('',(77.094379631322,-123.9999999999,
    77.764110758918));
#6769 = CARTESIAN_POINT('',(77.087368166373,-124.,77.777234626532));
#6770 = CARTESIAN_POINT('',(77.080357328196,-124.,77.79035623356));
#6771 = CARTESIAN_POINT('',(77.073347146761,-124.,77.803475539467));
#6772 = CARTESIAN_POINT('',(77.062832904232,-124.,77.823150986184));
#6773 = CARTESIAN_POINT('',(77.059328329276,-124.,77.829708881935));
#6774 = CARTESIAN_POINT('',(77.055823931138,-124.,77.836266185527));
#6775 = CARTESIAN_POINT('',(77.052319713862,-124.,77.842822891445));
#6776 = CARTESIAN_POINT('',(77.048815682054,-123.9999999999,
    77.849378993773));
#6777 = CARTESIAN_POINT('',(77.045311839199,-124.,77.855934487386));
#6778 = CARTESIAN_POINT('',(77.041808190614,-123.9999999999,
    77.86248936589));
#6779 = CARTESIAN_POINT('',(77.038304739112,-124.,77.869043624583));
#6780 = CARTESIAN_POINT('',(77.034801490395,-123.9999999999,
    77.875597256875));
#6781 = CARTESIAN_POINT('',(77.03129844735,-124.,77.88215025794));
#6782 = CARTESIAN_POINT('',(77.027795615165,-123.9999999999,
    77.888702621578));
#6783 = CARTESIAN_POINT('',(77.024292997472,-124.,77.89525434247));
#6784 = CARTESIAN_POINT('',(77.02079059875,-124.,77.901805414845));
#6785 = CARTESIAN_POINT('',(77.015537335318,-124.,77.911631042236));
#6786 = CARTESIAN_POINT('',(77.013786303324,-124.,77.914906087776));
#6787 = CARTESIAN_POINT('',(77.012035327848,-123.9999999999,
    77.918180968896));
#6788 = CARTESIAN_POINT('',(77.010284409013,-124.,77.92145568512));
#6789 = CARTESIAN_POINT('',(77.008533548328,-123.9999999999,
    77.924730235111));
#6790 = CARTESIAN_POINT('',(77.00678274473,-124.,77.928004619161));
#6791 = CARTESIAN_POINT('',(77.00503200103,-123.9999999999,
    77.931278835056));
#6792 = CARTESIAN_POINT('',(77.003281315194,-124.,77.934552883785));
#6793 = CARTESIAN_POINT('',(77.001530690274,-123.9999999999,
    77.937826762901));
#6794 = CARTESIAN_POINT('',(76.999780124825,-124.,77.941100473062));
#6795 = CARTESIAN_POINT('',(76.998029620744,-123.9999999999,
    77.944374012567));
#6796 = CARTESIAN_POINT('',(76.996279177858,-124.,77.947647381209));
#6797 = CARTESIAN_POINT('',(76.994528797042,-124.,77.950920578007));
#6798 = CARTESIAN_POINT('',(76.991903319613,-124.,77.955830114437));
#6799 = CARTESIAN_POINT('',(76.991028176096,-124.,77.957466583452));
#6800 = CARTESIAN_POINT('',(76.990153048367,-123.9999999999,
    77.959103009195));
#6801 = CARTESIAN_POINT('',(76.989277936211,-124.,77.960739391724));
#6802 = CARTESIAN_POINT('',(76.988402840342,-123.9999999999,
    77.962375730598));
#6803 = CARTESIAN_POINT('',(76.987527759705,-124.,77.964012026336));
#6804 = CARTESIAN_POINT('',(76.98665269599,-123.9999999999,
    77.96564827795));
#6805 = CARTESIAN_POINT('',(76.985777647333,-124.,77.967284486421));
#6806 = CARTESIAN_POINT('',(76.984902615752,-123.9999999999,
    77.96892065057));
#6807 = CARTESIAN_POINT('',(76.984027599674,-124.,77.970556771211));
#6808 = CARTESIAN_POINT('',(76.983152600334,-124.,77.972192847619));
#6809 = CARTESIAN_POINT('',(76.982277617125,-124.,77.973828880052));
#6810 = CARTESIAN_POINT('',(76.981402650437,-124.,77.975464868259));
#6811 = CARTESIAN_POINT('',(76.980090225126,-124.,77.977918784163));
#6812 = CARTESIAN_POINT('',(76.979652754153,-124.,77.978736745065));
#6813 = CARTESIAN_POINT('',(76.979215287311,-123.9999999999,
    77.979554694861));
#6814 = CARTESIAN_POINT('',(76.978777824618,-124.,77.980372633633));
#6815 = CARTESIAN_POINT('',(76.978340366079,-123.9999999999,
    77.981190561152));
#6816 = CARTESIAN_POINT('',(76.977902911697,-124.,77.982008477796));
#6817 = CARTESIAN_POINT('',(76.977465461497,-123.9999999999,
    77.982826382975));
#6818 = CARTESIAN_POINT('',(76.97702801547,-124.,77.983644277396));
#6819 = CARTESIAN_POINT('',(76.976590573635,-123.9999999999,
    77.984462160291));
#6820 = CARTESIAN_POINT('',(76.976153136002,-124.,77.985280032317));
#6821 = CARTESIAN_POINT('',(76.975715702573,-123.9999999999,
    77.986097892966));
#6822 = CARTESIAN_POINT('',(76.975278273363,-124.,77.98691574253));
#6823 = CARTESIAN_POINT('',(76.974840848379,-124.,77.987733580845));
#6824 = CARTESIAN_POINT('',(76.97396600688,-124.,77.989369235072));
#6825 = CARTESIAN_POINT('',(76.973489111749,-124.,77.99015560474));
#6826 = CARTESIAN_POINT('',(76.973395161152,-124.,77.991246989633));
#6827 = CARTESIAN_POINT('',(76.971456263021,-123.9999999999,
    77.990868789484));
#6828 = CARTESIAN_POINT('',(76.975295674288,-124.,77.995093216157));
#6829 = CARTESIAN_POINT('',(76.966133543288,-124.,77.988961409444));
#6830 = CARTESIAN_POINT('',(76.979025684361,-123.9999999999,
    78.000396647202));
#6831 = CARTESIAN_POINT('',(76.963000416371,-124.,77.988798063889));
#6832 = CARTESIAN_POINT('',(76.976625699837,-123.9999999999,
    78.000817247717));
#6833 = CARTESIAN_POINT('',(76.966436596716,-124.,77.99386736022));
#6834 = CARTESIAN_POINT('',(76.971112159878,-123.9999999999,
    77.998757725004));
#6835 = CARTESIAN_POINT('',(76.968720285769,-124.,77.998018594763));
#6836 = CARTESIAN_POINT('',(76.968785762876,-124.,77.999236822626));
#6837 = CARTESIAN_POINT('',(76.968279905777,-124.,78.));
#6838 = PCURVE('',#2670,#6839);
#6839 = DEFINITIONAL_REPRESENTATION('',(#6840),#7038);
#6840 = B_SPLINE_CURVE_WITH_KNOTS('',14,(#6841,#6842,#6843,#6844,#6845,
    #6846,#6847,#6848,#6849,#6850,#6851,#6852,#6853,#6854,#6855,#6856,
    #6857,#6858,#6859,#6860,#6861,#6862,#6863,#6864,#6865,#6866,#6867,
    #6868,#6869,#6870,#6871,#6872,#6873,#6874,#6875,#6876,#6877,#6878,
    #6879,#6880,#6881,#6882,#6883,#6884,#6885,#6886,#6887,#6888,#6889,
    #6890,#6891,#6892,#6893,#6894,#6895,#6896,#6897,#6898,#6899,#6900,
    #6901,#6902,#6903,#6904,#6905,#6906,#6907,#6908,#6909,#6910,#6911,
    #6912,#6913,#6914,#6915,#6916,#6917,#6918,#6919,#6920,#6921,#6922,
    #6923,#6924,#6925,#6926,#6927,#6928,#6929,#6930,#6931,#6932,#6933,
    #6934,#6935,#6936,#6937,#6938,#6939,#6940,#6941,#6942,#6943,#6944,
    #6945,#6946,#6947,#6948,#6949,#6950,#6951,#6952,#6953,#6954,#6955,
    #6956,#6957,#6958,#6959,#6960,#6961,#6962,#6963,#6964,#6965,#6966,
    #6967,#6968,#6969,#6970,#6971,#6972,#6973,#6974,#6975,#6976,#6977,
    #6978,#6979,#6980,#6981,#6982,#6983,#6984,#6985,#6986,#6987,#6988,
    #6989,#6990,#6991,#6992,#6993,#6994,#6995,#6996,#6997,#6998,#6999,
    #7000,#7001,#7002,#7003,#7004,#7005,#7006,#7007,#7008,#7009,#7010,
    #7011,#7012,#7013,#7014,#7015,#7016,#7017,#7018,#7019,#7020,#7021,
    #7022,#7023,#7024,#7025,#7026,#7027,#7028,#7029,#7030,#7031,#7032,
    #7033,#7034,#7035,#7036,#7037),.UNSPECIFIED.,.F.,.F.,(15,13,13,13,13
    ,13,13,13,13,13,13,13,13,13,13,15),(428.485540684,430.77820029802,
    456.58601827004,469.74940115672,473.04024687839,476.33109260006,
    479.62193832173,481.26736118256,482.09007261298,482.50142832819,
    482.7071061858,482.8099451146,482.861364579,482.8870743112,
    482.8999291773,482.9127840434),.UNSPECIFIED.);
#6841 = CARTESIAN_POINT('',(42.,328.36464933237));
#6842 = CARTESIAN_POINT('',(41.999999999993,328.19989737078));
#6843 = CARTESIAN_POINT('',(42.000987521326,328.03515507074));
#6844 = CARTESIAN_POINT('',(42.003001673906,327.87040717632));
#6845 = CARTESIAN_POINT('',(42.006023804811,327.70565765167));
#6846 = CARTESIAN_POINT('',(42.010031084304,327.5409161497));
#6847 = CARTESIAN_POINT('',(42.015019014894,327.37625818164));
#6848 = CARTESIAN_POINT('',(42.021001839917,327.21188703696));
#6849 = CARTESIAN_POINT('',(42.027999884717,327.0481256731));
#6850 = CARTESIAN_POINT('',(42.036022779142,326.88526655844));
#6851 = CARTESIAN_POINT('',(42.045057619246,326.7232077367));
#6852 = CARTESIAN_POINT('',(42.055071003357,326.56080308201));
#6853 = CARTESIAN_POINT('',(42.066033997188,326.39485498629));
#6854 = CARTESIAN_POINT('',(42.07797898239,326.21867750639));
#6855 = CARTESIAN_POINT('',(42.23876788203,323.78548205868));
#6856 = CARTESIAN_POINT('',(42.529169353901,321.50735751361));
#6857 = CARTESIAN_POINT('',(42.972715506725,319.27903197731));
#6858 = CARTESIAN_POINT('',(43.555054757991,317.11707362608));
#6859 = CARTESIAN_POINT('',(44.264128767604,314.98293229392));
#6860 = CARTESIAN_POINT('',(45.100616308995,312.93694054334));
#6861 = CARTESIAN_POINT('',(46.044288329218,310.96568989295));
#6862 = CARTESIAN_POINT('',(47.086367621051,309.07021081135));
#6863 = CARTESIAN_POINT('',(48.22941838863,307.26167735626));
#6864 = CARTESIAN_POINT('',(49.458159226101,305.52022930682));
#6865 = CARTESIAN_POINT('',(50.750832363648,303.87543098586));
#6866 = CARTESIAN_POINT('',(52.099104563581,302.31728955316));
#6867 = CARTESIAN_POINT('',(53.513598948,300.83717542998));
#6868 = CARTESIAN_POINT('',(55.727264529972,298.69595626043));
#6869 = CARTESIAN_POINT('',(56.478931436967,298.00396373546));
#6870 = CARTESIAN_POINT('',(57.243047911451,297.32989886705));
#6871 = CARTESIAN_POINT('',(58.021495280614,296.67002752788));
#6872 = CARTESIAN_POINT('',(58.812585191246,296.02502889401));
#6873 = CARTESIAN_POINT('',(59.613295109927,295.39680584833));
#6874 = CARTESIAN_POINT('',(60.420733194088,294.78677982258));
#6875 = CARTESIAN_POINT('',(61.232909223973,294.19523277822));
#6876 = CARTESIAN_POINT('',(62.048924489178,293.62132000775));
#6877 = CARTESIAN_POINT('',(62.868730470568,293.063443756));
#6878 = CARTESIAN_POINT('',(63.69264226851,292.51973792396));
#6879 = CARTESIAN_POINT('',(64.520829660567,291.98848037731));
#6880 = CARTESIAN_POINT('',(65.353044899068,291.46831044931));
#6881 = CARTESIAN_POINT('',(66.397842666091,290.83066516395));
#6882 = CARTESIAN_POINT('',(66.607028896047,290.70376355944));
#6883 = CARTESIAN_POINT('',(66.816432630339,290.57747490654));
#6884 = CARTESIAN_POINT('',(67.026043833503,290.45178577525));
#6885 = CARTESIAN_POINT('',(67.235851607662,290.32668387242));
#6886 = CARTESIAN_POINT('',(67.44584419062,290.20215790616));
#6887 = CARTESIAN_POINT('',(67.656008959339,290.07819781387));
#6888 = CARTESIAN_POINT('',(67.866332424864,289.95479444174));
#6889 = CARTESIAN_POINT('',(68.076800238323,289.83193992573));
#6890 = CARTESIAN_POINT('',(68.28739718511,289.70962730636));
#6891 = CARTESIAN_POINT('',(68.49810718955,289.58785086025));
#6892 = CARTESIAN_POINT('',(68.7089133118,289.46660585829));
#6893 = CARTESIAN_POINT('',(68.919797749533,289.3458887135));
#6894 = CARTESIAN_POINT('',(69.341685924909,289.10550510024));
#6895 = CARTESIAN_POINT('',(69.552692052749,288.98583703175));
#6896 = CARTESIAN_POINT('',(69.76374425414,288.86668805757));
#6897 = CARTESIAN_POINT('',(69.974832354518,288.74806060681));
#6898 = CARTESIAN_POINT('',(70.185950397862,288.6299614716));
#6899 = CARTESIAN_POINT('',(70.397095266665,288.51239938603));
#6900 = CARTESIAN_POINT('',(70.608265521681,288.39538282693));
#6901 = CARTESIAN_POINT('',(70.819460419012,288.27891813079));
#6902 = CARTESIAN_POINT('',(71.030679162534,288.16300780896));
#6903 = CARTESIAN_POINT('',(71.241920323841,288.0476491919));
#6904 = CARTESIAN_POINT('',(71.453181497896,287.93283327412));
#6905 = CARTESIAN_POINT('',(71.664459135339,287.81854387041));
#6906 = CARTESIAN_POINT('',(71.875748595459,287.70475700084));
#6907 = CARTESIAN_POINT('',(72.298340187934,287.47812411244));
#6908 = CARTESIAN_POINT('',(72.509644920303,287.36527837938));
#6909 = CARTESIAN_POINT('',(72.720950346426,287.25287323022));
#6910 = CARTESIAN_POINT('',(72.932250478296,287.14087106375));
#6911 = CARTESIAN_POINT('',(73.143541450646,287.02922809619));
#6912 = CARTESIAN_POINT('',(73.354821415791,286.91789573701));
#6913 = CARTESIAN_POINT('',(73.56609039265,286.80682182031));
#6914 = CARTESIAN_POINT('',(73.777350182132,286.69595204181));
#6915 = CARTESIAN_POINT('',(73.988604200879,286.58523114799));
#6916 = CARTESIAN_POINT('',(74.199857401133,286.47460438118));
#6917 = CARTESIAN_POINT('',(74.411116112276,286.36401869658));
#6918 = CARTESIAN_POINT('',(74.622387943893,286.25342415521));
#6919 = CARTESIAN_POINT('',(74.83368164719,286.14277519949));
#6920 = CARTESIAN_POINT('',(75.150669677224,285.97666039448));
#6921 = CARTESIAN_POINT('',(75.256338597464,285.9212659275));
#6922 = CARTESIAN_POINT('',(75.362015360488,285.86584298419));
#6923 = CARTESIAN_POINT('',(75.467700987548,285.81038659122));
#6924 = CARTESIAN_POINT('',(75.573395934857,285.75489245223));
#6925 = CARTESIAN_POINT('',(75.679100068106,285.69935686913));
#6926 = CARTESIAN_POINT('',(75.78481270328,285.64377687034));
#6927 = CARTESIAN_POINT('',(75.890532552379,285.58815003739));
#6928 = CARTESIAN_POINT('',(75.996257784073,285.53247470166));
#6929 = CARTESIAN_POINT('',(76.101985966348,285.47674975586));
#6930 = CARTESIAN_POINT('',(76.207714112556,285.42097480705));
#6931 = CARTESIAN_POINT('',(76.313438650014,285.36515007147));
#6932 = CARTESIAN_POINT('',(76.419155438119,285.30927643547));
#6933 = CARTESIAN_POINT('',(76.57771192033,285.22539492136));
#6934 = CARTESIAN_POINT('',(76.630561632352,285.1974219232));
#6935 = CARTESIAN_POINT('',(76.68340772141,285.16943711955));
#6936 = CARTESIAN_POINT('',(76.736249015401,285.14144120409));
#6937 = CARTESIAN_POINT('',(76.789084337271,285.11343485769));
#6938 = CARTESIAN_POINT('',(76.84191251912,285.0854187842));
#6939 = CARTESIAN_POINT('',(76.894732378971,285.05739365326));
#6940 = CARTESIAN_POINT('',(76.947542753167,285.02936017761));
#6941 = CARTESIAN_POINT('',(77.000342457741,285.00131902361));
#6942 = CARTESIAN_POINT('',(77.053130327907,284.97327090033));
#6943 = CARTESIAN_POINT('',(77.105905183524,284.94521648332));
#6944 = CARTESIAN_POINT('',(77.158665854764,284.91715647031));
#6945 = CARTESIAN_POINT('',(77.21141116609,284.88909154692));
#6946 = CARTESIAN_POINT('',(77.290504333689,284.84698783255));
#6947 = CARTESIAN_POINT('',(77.316864415137,284.8329523621));
#6948 = CARTESIAN_POINT('',(77.343219934205,284.81891617297));
#6949 = CARTESIAN_POINT('',(77.369570635391,284.80487944534));
#6950 = CARTESIAN_POINT('',(77.395916265224,284.79084236003));
#6951 = CARTESIAN_POINT('',(77.422256566326,284.77680509555));
#6952 = CARTESIAN_POINT('',(77.448591287656,284.76276783614));
#6953 = CARTESIAN_POINT('',(77.47492016941,284.74873075536));
#6954 = CARTESIAN_POINT('',(77.501242962179,284.73469404251));
#6955 = CARTESIAN_POINT('',(77.527559405952,284.72065786803));
#6956 = CARTESIAN_POINT('',(77.553869250008,284.70662242107));
#6957 = CARTESIAN_POINT('',(77.58017223665,284.69258787521));
#6958 = CARTESIAN_POINT('',(77.606468112657,284.67855441502));
#6959 = CARTESIAN_POINT('',(77.645900877211,284.65750612009));
#6960 = CARTESIAN_POINT('',(77.659043275401,284.65049035287));
#6961 = CARTESIAN_POINT('',(77.672183774393,284.64347493797));
#6962 = CARTESIAN_POINT('',(77.685322340095,284.63645992987));
#6963 = CARTESIAN_POINT('',(77.698458918885,284.62944530572));
#6964 = CARTESIAN_POINT('',(77.711593492564,284.62243118375));
#6965 = CARTESIAN_POINT('',(77.724725990469,284.61541747192));
#6966 = CARTESIAN_POINT('',(77.737856406723,284.60840433959));
#6967 = CARTESIAN_POINT('',(77.750984667992,284.60139168203));
#6968 = CARTESIAN_POINT('',(77.764110760462,284.59437963811));
#6969 = CARTESIAN_POINT('',(77.777234625835,284.58736816328));
#6970 = CARTESIAN_POINT('',(77.79035623379,284.58035732921));
#6971 = CARTESIAN_POINT('',(77.803475539425,284.57334714657));
#6972 = CARTESIAN_POINT('',(77.823150986198,284.56283290428));
#6973 = CARTESIAN_POINT('',(77.829708881894,284.55932832916));
#6974 = CARTESIAN_POINT('',(77.836266185616,284.55582393134));
#6975 = CARTESIAN_POINT('',(77.842822891298,284.55231971354));
#6976 = CARTESIAN_POINT('',(77.849378993954,284.54881568243));
#6977 = CARTESIAN_POINT('',(77.855934487226,284.54531183884));
#6978 = CARTESIAN_POINT('',(77.862489365978,284.54180819083));
#6979 = CARTESIAN_POINT('',(77.869043624575,284.53830473905));
#6980 = CARTESIAN_POINT('',(77.875597256835,284.53480149033));
#6981 = CARTESIAN_POINT('',(77.882150257987,284.53129844744));
#6982 = CARTESIAN_POINT('',(77.888702621545,284.52779561508));
#6983 = CARTESIAN_POINT('',(77.895254342486,284.52429299751));
#6984 = CARTESIAN_POINT('',(77.901805414838,284.52079059873));
#6985 = CARTESIAN_POINT('',(77.911631042243,284.51553733533));
#6986 = CARTESIAN_POINT('',(77.914906087729,284.5137863032));
#6987 = CARTESIAN_POINT('',(77.918180969055,284.51203532827));
#6988 = CARTESIAN_POINT('',(77.92145568475,284.51028440799));
#6989 = CARTESIAN_POINT('',(77.92473023577,284.5085335502));
#6990 = CARTESIAN_POINT('',(77.928004618223,284.50678274197));
#6991 = CARTESIAN_POINT('',(77.931278836136,284.50503200426));
#6992 = CARTESIAN_POINT('',(77.934552882767,284.5032813121));
#6993 = CARTESIAN_POINT('',(77.937826763692,284.50153069268));
#6994 = CARTESIAN_POINT('',(77.941100472558,284.49978012329));
#6995 = CARTESIAN_POINT('',(77.944374012828,284.49802962152));
#6996 = CARTESIAN_POINT('',(77.947647381102,284.49627917754));
#6997 = CARTESIAN_POINT('',(77.950920578039,284.49452879713));
#6998 = CARTESIAN_POINT('',(77.95583011441,284.49190331953));
#6999 = CARTESIAN_POINT('',(77.957466583623,284.49102817656));
#7000 = CARTESIAN_POINT('',(77.959103008666,284.4901530469));
#7001 = CARTESIAN_POINT('',(77.96073939287,284.48927793941));
#7002 = CARTESIAN_POINT('',(77.962375728688,284.48840283493));
#7003 = CARTESIAN_POINT('',(77.964012028878,284.48752776699));
#7004 = CARTESIAN_POINT('',(77.965648275202,284.48665268796));
#7005 = CARTESIAN_POINT('',(77.967284488848,284.48577765458));
#7006 = CARTESIAN_POINT('',(77.968920648824,284.48490261038));
#7007 = CARTESIAN_POINT('',(77.970556772224,284.48402760288));
#7008 = CARTESIAN_POINT('',(77.972192847161,284.48315259883));
#7009 = CARTESIAN_POINT('',(77.973828880201,284.48227761763));
#7010 = CARTESIAN_POINT('',(77.975464868235,284.48140265034));
#7011 = CARTESIAN_POINT('',(77.977918784167,284.48009022515));
#7012 = CARTESIAN_POINT('',(77.978736745078,284.47965275413));
#7013 = CARTESIAN_POINT('',(77.979554694788,284.47921528724));
#7014 = CARTESIAN_POINT('',(77.980372633839,284.47877782497));
#7015 = CARTESIAN_POINT('',(77.981190560736,284.47834036514));
#7016 = CARTESIAN_POINT('',(77.982008478448,284.47790291343));
#7017 = CARTESIAN_POINT('',(77.982826382164,284.47746545907));
#7018 = CARTESIAN_POINT('',(77.983644278207,284.4770280181));
#7019 = CARTESIAN_POINT('',(77.984462159638,284.47659057138));
#7020 = CARTESIAN_POINT('',(77.985280032739,284.47615313751));
#7021 = CARTESIAN_POINT('',(77.98609789275,284.47571570178));
#7022 = CARTESIAN_POINT('',(77.986915742615,284.47527827367));
#7023 = CARTESIAN_POINT('',(77.987733580821,284.47484084829));
#7024 = CARTESIAN_POINT('',(77.989369235104,284.47396600699));
#7025 = CARTESIAN_POINT('',(77.990155604571,284.47348911117));
#7026 = CARTESIAN_POINT('',(77.991246990119,284.47339516281));
#7027 = CARTESIAN_POINT('',(77.990868788479,284.47145625957));
#7028 = CARTESIAN_POINT('',(77.995093217778,284.47529567988));
#7029 = CARTESIAN_POINT('',(77.988961407328,284.46613353589));
#7030 = CARTESIAN_POINT('',(78.000396649471,284.47902569241));
#7031 = CARTESIAN_POINT('',(77.988798061877,284.4630004091));
#7032 = CARTESIAN_POINT('',(78.00081724919,284.47662570524));
#7033 = CARTESIAN_POINT('',(77.993867359341,284.46643659343));
#7034 = CARTESIAN_POINT('',(77.99875772542,284.47111216144));
#7035 = CARTESIAN_POINT('',(77.998018594617,284.46872028521));
#7036 = CARTESIAN_POINT('',(77.999236822657,284.46878576299));
#7037 = CARTESIAN_POINT('',(77.999999954472,284.46827991588));
#7038 = ( GEOMETRIC_REPRESENTATION_CONTEXT(2) 
PARAMETRIC_REPRESENTATION_CONTEXT() REPRESENTATION_CONTEXT('2D SPACE',''
  ) );
#7039 = PCURVE('',#7040,#7632);
#7040 = ( BOUNDED_SURFACE() B_SPLINE_SURFACE(2,14,(
    (#7041,#7042,#7043,#7044,#7045,#7046,#7047,#7048,#7049,#7050,#7051
      ,#7052,#7053,#7054,#7055,#7056,#7057,#7058,#7059,#7060,#7061,#7062
      ,#7063,#7064,#7065,#7066,#7067,#7068,#7069,#7070,#7071,#7072,#7073
      ,#7074,#7075,#7076,#7077,#7078,#7079,#7080,#7081,#7082,#7083,#7084
      ,#7085,#7086,#7087,#7088,#7089,#7090,#7091,#7092,#7093,#7094,#7095
      ,#7096,#7097,#7098,#7099,#7100,#7101,#7102,#7103,#7104,#7105,#7106
      ,#7107,#7108,#7109,#7110,#7111,#7112,#7113,#7114,#7115,#7116,#7117
      ,#7118,#7119,#7120,#7121,#7122,#7123,#7124,#7125,#7126,#7127,#7128
      ,#7129,#7130,#7131,#7132,#7133,#7134,#7135,#7136,#7137,#7138,#7139
      ,#7140,#7141,#7142,#7143,#7144,#7145,#7146,#7147,#7148,#7149,#7150
      ,#7151,#7152,#7153,#7154,#7155,#7156,#7157,#7158,#7159,#7160,#7161
      ,#7162,#7163,#7164,#7165,#7166,#7167,#7168,#7169,#7170,#7171,#7172
      ,#7173,#7174,#7175,#7176,#7177,#7178,#7179,#7180,#7181,#7182,#7183
      ,#7184,#7185,#7186,#7187,#7188,#7189,#7190,#7191,#7192,#7193,#7194
      ,#7195,#7196,#7197,#7198,#7199,#7200,#7201,#7202,#7203,#7204,#7205
      ,#7206,#7207,#7208,#7209,#7210,#7211,#7212,#7213,#7214,#7215,#7216
      ,#7217,#7218,#7219,#7220,#7221,#7222,#7223,#7224,#7225,#7226,#7227
      ,#7228,#7229,#7230,#7231,#7232,#7233,#7234,#7235,#7236,#7237)
    ,(#7238,#7239,#7240,#7241,#7242,#7243,#7244,#7245,#7246,#7247,#7248
      ,#7249,#7250,#7251,#7252,#7253,#7254,#7255,#7256,#7257,#7258,#7259
      ,#7260,#7261,#7262,#7263,#7264,#7265,#7266,#7267,#7268,#7269,#7270
      ,#7271,#7272,#7273,#7274,#7275,#7276,#7277,#7278,#7279,#7280,#7281
      ,#7282,#7283,#7284,#7285,#7286,#7287,#7288,#7289,#7290,#7291,#7292
      ,#7293,#7294,#7295,#7296,#7297,#7298,#7299,#7300,#7301,#7302,#7303
      ,#7304,#7305,#7306,#7307,#7308,#7309,#7310,#7311,#7312,#7313,#7314
      ,#7315,#7316,#7317,#7318,#7319,#7320,#7321,#7322,#7323,#7324,#7325
      ,#7326,#7327,#7328,#7329,#7330,#7331,#7332,#7333,#7334,#7335,#7336
      ,#7337,#7338,#7339,#7340,#7341,#7342,#7343,#7344,#7345,#7346,#7347
      ,#7348,#7349,#7350,#7351,#7352,#7353,#7354,#7355,#7356,#7357,#7358
      ,#7359,#7360,#7361,#7362,#7363,#7364,#7365,#7366,#7367,#7368,#7369
      ,#7370,#7371,#7372,#7373,#7374,#7375,#7376,#7377,#7378,#7379,#7380
      ,#7381,#7382,#7383,#7384,#7385,#7386,#7387,#7388,#7389,#7390,#7391
      ,#7392,#7393,#7394,#7395,#7396,#7397,#7398,#7399,#7400,#7401,#7402
      ,#7403,#7404,#7405,#7406,#7407,#7408,#7409,#7410,#7411,#7412,#7413
      ,#7414,#7415,#7416,#7417,#7418,#7419,#7420,#7421,#7422,#7423,#7424
      ,#7425,#7426,#7427,#7428,#7429,#7430,#7431,#7432,#7433,#7434)
    ,(#7435,#7436,#7437,#7438,#7439,#7440,#7441,#7442,#7443,#7444,#7445
      ,#7446,#7447,#7448,#7449,#7450,#7451,#7452,#7453,#7454,#7455,#7456
      ,#7457,#7458,#7459,#7460,#7461,#7462,#7463,#7464,#7465,#7466,#7467
      ,#7468,#7469,#7470,#7471,#7472,#7473,#7474,#7475,#7476,#7477,#7478
      ,#7479,#7480,#7481,#7482,#7483,#7484,#7485,#7486,#7487,#7488,#7489
      ,#7490,#7491,#7492,#7493,#7494,#7495,#7496,#7497,#7498,#7499,#7500
      ,#7501,#7502,#7503,#7504,#7505,#7506,#7507,#7508,#7509,#7510,#7511
      ,#7512,#7513,#7514,#7515,#7516,#7517,#7518,#7519,#7520,#7521,#7522
      ,#7523,#7524,#7525,#7526,#7527,#7528,#7529,#7530,#7531,#7532,#7533
      ,#7534,#7535,#7536,#7537,#7538,#7539,#7540,#7541,#7542,#7543,#7544
      ,#7545,#7546,#7547,#7548,#7549,#7550,#7551,#7552,#7553,#7554,#7555
      ,#7556,#7557,#7558,#7559,#7560,#7561,#7562,#7563,#7564,#7565,#7566
      ,#7567,#7568,#7569,#7570,#7571,#7572,#7573,#7574,#7575,#7576,#7577
      ,#7578,#7579,#7580,#7581,#7582,#7583,#7584,#7585,#7586,#7587,#7588
      ,#7589,#7590,#7591,#7592,#7593,#7594,#7595,#7596,#7597,#7598,#7599
      ,#7600,#7601,#7602,#7603,#7604,#7605,#7606,#7607,#7608,#7609,#7610
      ,#7611,#7612,#7613,#7614,#7615,#7616,#7617,#7618,#7619,#7620,#7621
      ,#7622,#7623,#7624,#7625,#7626,#7627,#7628,#7629,#7630,#7631
)),.UNSPECIFIED.,.F.,.F.,.F.) B_SPLINE_SURFACE_WITH_KNOTS((3,3),(15,13,
    13,13,13,13,13,13,13,13,13,13,13,13,13,15),(0.,54.427243359395),(
    428.485540684,430.77820029802,456.58601827004,469.74940115672,
    473.04024687839,476.33109260006,479.62193832173,481.26736118256,
    482.09007261298,482.50142832819,482.7071061858,482.8099451146,
    482.861364579,482.8870743112,482.8999291773,482.9127840434),
.UNSPECIFIED.) GEOMETRIC_REPRESENTATION_ITEM() RATIONAL_B_SPLINE_SURFACE
((
    (1.,1.,1.,0.999999999999,1.000000000003,0.999999999996
      ,1.000000000005,0.999999999994,1.000000000005,0.999999999996
      ,1.000000000002,0.999999999999,1.,1.,1.,1.,0.999999999999
      ,1.000000000002,0.999999999996,1.000000000007,0.999999999992
      ,1.000000000007,0.999999999995,1.000000000003,0.999999999999,1.,1.
      ,1.,1.000000000003,0.999999999991,1.000000000019,0.99999999997
      ,1.00000000004,0.999999999957,1.000000000039,0.999999999972
      ,1.000000000017,0.999999999992,1.000000000003,0.999999999999,1.
      ,0.999999999999,1.000000000003,0.999999999993,1.000000000013
      ,0.999999999981,1.000000000022,0.99999999998,1.000000000015
      ,0.999999999991,1.000000000004,0.999999999999,1.,1.,1.,1.
      ,0.999999999999,1.000000000003,0.999999999995,1.000000000006
      ,0.999999999995,1.000000000004,0.999999999997,1.000000000001
      ,0.999999999999,1.,1.,1.000000000001,0.999999999996,1.000000000008
      ,0.999999999986,1.000000000017,0.999999999983,1.000000000015
      ,0.99999999999,1.000000000006,0.999999999997,1.000000000001,1.,1.
      ,0.999999999998,1.000000000006,0.999999999987,1.000000000022
      ,0.999999999971,1.000000000031,0.999999999973,1.000000000019
      ,0.999999999989,1.000000000005,0.999999999998,1.,1.,1.000000000001
      ,0.999999999997,1.000000000006,0.99999999999,1.000000000013
      ,0.999999999986,1.000000000013,0.99999999999,1.000000000006
      ,0.999999999997,1.000000000001,1.,1.,1.,1.000000000001
      ,0.999999999997,1.000000000005,0.999999999992,1.00000000001
      ,0.999999999991,1.000000000008,0.999999999995,1.000000000003
      ,0.999999999999,1.000000000001,0.999999999999,1.000000000003
      ,0.99999999999,1.000000000022,0.999999999966,1.000000000044
      ,0.999999999955,1.000000000039,0.999999999973,1.000000000015
      ,0.999999999993,1.000000000002,1.,1.,0.999999999999,1.000000000002
      ,0.999999999997,1.000000000005,0.999999999994,1.000000000007
      ,0.999999999994,1.000000000004,0.999999999998,1.000000000001,1.,1.
      ,1.,0.999999999999,1.000000000002,0.999999999996,1.000000000008
      ,0.999999999989,1.000000000012,0.999999999989,1.000000000008
      ,0.999999999995,1.000000000003,0.999999999999,1.,1.,1.000000000002
      ,0.999999999994,1.000000000013,0.999999999978,1.00000000003
      ,0.999999999968,1.000000000029,0.999999999979,1.000000000013
      ,0.999999999994,1.000000000002,1.,1.,0.999999999999,1.000000000003
      ,0.999999999993,1.000000000011,0.999999999987,1.000000000013
      ,0.999999999989,1.000000000007,0.999999999996,1.000000000002,1.,1.
      ,1.,0.999999999999,1.000000000004,0.999999999992,1.000000000013
      ,0.999999999983,1.000000000018,0.999999999984,1.000000000012
      ,0.999999999993,1.000000000003,0.999999999999,1.,1.)
    ,(0.707106781187,0.707463495195,0.707823860122,0.708187903779
      ,0.708555778176,0.708927621605,0.709303524439,0.709683558538
      ,0.710067831465,0.710456524894,0.710849878778,0.711248080561
      ,0.711651020784,0.712057874839,0.717065930027,0.72210581022
      ,0.727766230155,0.734143382496,0.741234213664,0.749077726643
      ,0.757763928884,0.767464493661,0.778517527986,0.79081953871
      ,0.803701490952,0.817662023312,0.832992438125,0.856179276741
      ,0.864188555997,0.872342415391,0.880562228187,0.888773898137
      ,0.896923221358,0.904971940616,0.912886559171,0.920628385144
      ,0.928149692051,0.935397283632,0.942321165511,0.948882430449
      ,0.956592987103,0.958110525468,0.959603033192,0.961070083931
      ,0.962511282753,0.963926265972,0.965314701428,0.966676288094
      ,0.968010756537,0.969317868464,0.9705974171,0.97184922692
      ,0.973073153811,0.975465016169,0.976632599815,0.977770245891
      ,0.978876864849,0.979951818843,0.980994867312,0.982006106969
      ,0.98298590611,0.983934833395,0.984853580875,0.985742881546
      ,0.986603421144,0.987435744416,0.989044567005,0.989821062551
      ,0.990570061019,0.991291760133,0.991986164425,0.992653113215
      ,0.993292308209,0.993903341633,0.994485723729,0.995038910905
      ,0.995562333307,0.996055422828,0.996517640835,0.997163938664
      ,0.997371533857,0.997571227563,0.99776295933,0.997946672481
      ,0.998122313812,0.998289834076,0.998449187331,0.998600331683
      ,0.998743228566,0.998877843337,0.999004144858,0.999122105743
      ,0.999286500484,0.99933920554,0.999389815734,0.99943832944
      ,0.999484744928,0.999529060659,0.999571274805,0.999611385905
      ,0.999649392103,0.999685291905,0.999719083535,0.999750765403
      ,0.999780335816,0.999821521782,0.999834722618,0.999847395606
      ,0.999859540707,0.999871157905,0.999882247139,0.999892808423
      ,0.999902841665,0.999912346901,0.999921324035,0.999929773086
      ,0.999937693989,0.999945086732,0.999955383543,0.999958683785
      ,0.999961851976,0.999964888189,0.999967792272,0.999970564487
      ,0.999973204475,0.999975712653,0.999978088622,0.999980332708
      ,0.999982444692,0.999984424701,0.999986272679,0.999988846631
      ,0.999989671611,0.999990463591,0.999991222564,0.999991948542
      ,0.999992641509,0.999993301485,0.99999392845,0.999994522422
      ,0.999995083388,0.999995611357,0.999996106325,0.999996568293
      ,0.999997211747,0.999997417981,0.999997615969,0.999997805698
      ,0.999997987195,0.999998160413,0.999998325422,0.999998482136
      ,0.999998630642,0.999998770866,0.999998902862,0.999999026597
      ,0.999999142087,0.999999302946,0.999999354506,0.999999403993
      ,0.999999451446,0.999999496779,0.999999540142,0.999999581322
      ,0.999999620571,0.999999657639,0.999999692734,0.99999972571
      ,0.999999756653,0.999999785523,0.999999825738,0.999999838626
      ,0.999999851003,0.999999862853,0.999999874209,0.999999885018
      ,0.999999895349,0.999999905128,0.999999914421,0.999999923178
      ,0.99999993143,0.999999939163,0.999999946381,0.999999959786
      ,0.999999965971,0.999999971647,0.999999976793,0.99999998145
      ,0.99999998555,0.999999989188,0.999999992253,0.999999994853
      ,0.999999996901,0.999999998456,0.999999999484,1.,1.)
    ,(1.,1.,1.,0.999999999999,1.000000000003,0.999999999996
      ,1.000000000005,0.999999999994,1.000000000005,0.999999999996
      ,1.000000000002,0.999999999999,1.,1.,1.,1.,0.999999999999
      ,1.000000000002,0.999999999996,1.000000000007,0.999999999992
      ,1.000000000007,0.999999999995,1.000000000003,0.999999999999,1.,1.
      ,1.,1.000000000003,0.999999999991,1.000000000019,0.99999999997
      ,1.00000000004,0.999999999957,1.000000000039,0.999999999972
      ,1.000000000017,0.999999999992,1.000000000003,0.999999999999,1.
      ,0.999999999999,1.000000000003,0.999999999993,1.000000000013
      ,0.999999999981,1.000000000022,0.99999999998,1.000000000015
      ,0.999999999991,1.000000000004,0.999999999999,1.,1.,1.,1.
      ,0.999999999999,1.000000000003,0.999999999995,1.000000000006
      ,0.999999999995,1.000000000004,0.999999999997,1.000000000001
      ,0.999999999999,1.,1.,1.000000000001,0.999999999996,1.000000000008
      ,0.999999999986,1.000000000017,0.999999999983,1.000000000015
      ,0.99999999999,1.000000000006,0.999999999997,1.000000000001,1.,1.
      ,0.999999999998,1.000000000006,0.999999999987,1.000000000022
      ,0.999999999971,1.000000000031,0.999999999973,1.000000000019
      ,0.999999999989,1.000000000005,0.999999999998,1.,1.,1.000000000001
      ,0.999999999997,1.000000000006,0.99999999999,1.000000000013
      ,0.999999999986,1.000000000013,0.99999999999,1.000000000006
      ,0.999999999997,1.000000000001,1.,1.,1.,1.000000000001
      ,0.999999999997,1.000000000005,0.999999999992,1.00000000001
      ,0.999999999991,1.000000000008,0.999999999995,1.000000000003
      ,0.999999999999,1.000000000001,0.999999999999,1.000000000003
      ,0.99999999999,1.000000000022,0.999999999966,1.000000000044
      ,0.999999999955,1.000000000039,0.999999999973,1.000000000015
      ,0.999999999993,1.000000000002,1.,1.,0.999999999999,1.000000000002
      ,0.999999999997,1.000000000005,0.999999999994,1.000000000007
      ,0.999999999994,1.000000000004,0.999999999998,1.000000000001,1.,1.
      ,1.,0.999999999999,1.000000000002,0.999999999996,1.000000000008
      ,0.999999999989,1.000000000012,0.999999999989,1.000000000008
      ,0.999999999995,1.000000000003,0.999999999999,1.,1.,1.000000000002
      ,0.999999999994,1.000000000013,0.999999999978,1.00000000003
      ,0.999999999968,1.000000000029,0.999999999979,1.000000000013
      ,0.999999999994,1.000000000002,1.,1.,0.999999999999,1.000000000003
      ,0.999999999993,1.000000000011,0.999999999987,1.000000000013
      ,0.999999999989,1.000000000007,0.999999999996,1.000000000002,1.,1.
      ,1.,0.999999999999,1.000000000004,0.999999999992,1.000000000013
      ,0.999999999983,1.000000000018,0.999999999984,1.000000000012
      ,0.999999999993,1.000000000003,0.999999999999,1.,1.
))) REPRESENTATION_ITEM('') SURFACE() );
#7041 = CARTESIAN_POINT('',(120.86464933237,-124.,42.));
#7042 = CARTESIAN_POINT('',(120.69989737081,-124.,42.000000000002));
#7043 = CARTESIAN_POINT('',(120.53515507062,-124.,42.000987521286));
#7044 = CARTESIAN_POINT('',(120.37040717663,-124.,42.003001674017));
#7045 = CARTESIAN_POINT('',(120.20565765106,-124.,42.006023804575));
#7046 = CARTESIAN_POINT('',(120.04091615066,-124.,42.010031084704));
#7047 = CARTESIAN_POINT('',(119.87625818038,-124.,42.015019014335));
#7048 = CARTESIAN_POINT('',(119.71188703833,-123.9999999999,
    42.021001840565));
#7049 = CARTESIAN_POINT('',(119.54812567186,-124.,42.027999884101));
#7050 = CARTESIAN_POINT('',(119.38526655934,-123.9999999999,
    42.036022779617));
#7051 = CARTESIAN_POINT('',(119.22320773618,-124.,42.045057618955));
#7052 = CARTESIAN_POINT('',(119.06080308223,-124.,42.055071003493));
#7053 = CARTESIAN_POINT('',(118.89485498623,-124.,42.066033997145));
#7054 = CARTESIAN_POINT('',(118.7186775064,-124.,42.077978982394));
#7055 = CARTESIAN_POINT('',(116.28548205869,-124.,42.238767882022));
#7056 = CARTESIAN_POINT('',(114.00735751351,-124.,42.529169353911));
#7057 = CARTESIAN_POINT('',(111.77903197772,-123.9999999999,
    42.972715506728));
#7058 = CARTESIAN_POINT('',(109.617073625,-124.,43.555054757942));
#7059 = CARTESIAN_POINT('',(107.48293229597,-123.9999999999,
    44.264128767736));
#7060 = CARTESIAN_POINT('',(105.43694054036,-124.,45.100616308775));
#7061 = CARTESIAN_POINT('',(103.4656898963,-124.,46.04428832948));
#7062 = CARTESIAN_POINT('',(101.57021080836,-123.9999999999,
    47.086367620816));
#7063 = CARTESIAN_POINT('',(99.761677358377,-124.,48.22941838879));
#7064 = CARTESIAN_POINT('',(98.020229305665,-123.9999999999,
    49.458159226022));
#7065 = CARTESIAN_POINT('',(96.375430986298,-124.,50.75083236367));
#7066 = CARTESIAN_POINT('',(94.81728955311,-124.,52.099104563586));
#7067 = CARTESIAN_POINT('',(93.337175429912,-124.,53.513598947989));
#7068 = CARTESIAN_POINT('',(91.195956260555,-124.,55.72726452999));
#7069 = CARTESIAN_POINT('',(90.503963734534,-123.9999999999,
    56.478931436838));
#7070 = CARTESIAN_POINT('',(89.829898869944,-124.,57.243047911848));
#7071 = CARTESIAN_POINT('',(89.170027521765,-123.9999999999,
    58.021495279767));
#7072 = CARTESIAN_POINT('',(88.525028903998,-124.,58.812585192635));
#7073 = CARTESIAN_POINT('',(87.89680583524,-123.9999999999,
    59.613295108091));
#7074 = CARTESIAN_POINT('',(87.286779836707,-124.,60.420733196082));
#7075 = CARTESIAN_POINT('',(86.69523276562,-123.9999999999,
    61.23290922218));
#7076 = CARTESIAN_POINT('',(86.121320017068,-124.,62.048924490506));
#7077 = CARTESIAN_POINT('',(85.563443750358,-123.9999999999,
    62.868730469769));
#7078 = CARTESIAN_POINT('',(85.019737926703,-124.,63.692642268887));
#7079 = CARTESIAN_POINT('',(84.48848037629,-123.9999999999,
    64.520829660438));
#7080 = CARTESIAN_POINT('',(83.968310449581,-124.,65.353044899092));
#7081 = CARTESIAN_POINT('',(83.33066516385,-124.,66.397842666088));
#7082 = CARTESIAN_POINT('',(83.20376356018,-123.9999999999,
    66.607028896053));
#7083 = CARTESIAN_POINT('',(83.077474904212,-124.,66.816432630318));
#7084 = CARTESIAN_POINT('',(82.951785780452,-123.9999999999,
    67.026043833567));
#7085 = CARTESIAN_POINT('',(82.826683863496,-124.,67.235851607526));
#7086 = CARTESIAN_POINT('',(82.702157918421,-123.9999999999,
    67.445844190828));
#7087 = CARTESIAN_POINT('',(82.578197800166,-124.,67.6560089591));
#7088 = CARTESIAN_POINT('',(82.454794454323,-123.9999999999,
    67.866332425082));
#7089 = CARTESIAN_POINT('',(82.331939916298,-124.,68.076800238163));
#7090 = CARTESIAN_POINT('',(82.209627312064,-123.9999999999,
    68.287397185204));
#7091 = CARTESIAN_POINT('',(82.087850857581,-124.,68.498107189508));
#7092 = CARTESIAN_POINT('',(81.966605859186,-123.9999999999,
    68.708913311812));
#7093 = CARTESIAN_POINT('',(81.845888713356,-124.,68.919797749533));
#7094 = CARTESIAN_POINT('',(81.605505100335,-124.,69.341685924906));
#7095 = CARTESIAN_POINT('',(81.485837031546,-124.,69.552692052777));
#7096 = CARTESIAN_POINT('',(81.366688057998,-123.9999999999,
    69.763744254047));
#7097 = CARTESIAN_POINT('',(81.248060606086,-124.,69.97483235473));
#7098 = CARTESIAN_POINT('',(81.129961472667,-123.9999999999,
    70.185950397496));
#7099 = CARTESIAN_POINT('',(81.012399384699,-124.,70.397095267168));
#7100 = CARTESIAN_POINT('',(80.895382828356,-123.9999999999,
    70.608265521121));
#7101 = CARTESIAN_POINT('',(80.778918129494,-124.,70.819460419523));
#7102 = CARTESIAN_POINT('',(80.663007809953,-123.9999999999,
    71.030679162153));
#7103 = CARTESIAN_POINT('',(80.547649191302,-124.,71.241920324072));
#7104 = CARTESIAN_POINT('',(80.432833274403,-123.9999999999,
    71.453181497783));
#7105 = CARTESIAN_POINT('',(80.318543870342,-124.,71.664459135383));
#7106 = CARTESIAN_POINT('',(80.204757000832,-124.,71.875748595446));
#7107 = CARTESIAN_POINT('',(79.978124112497,-124.,72.298340187954));
#7108 = CARTESIAN_POINT('',(79.865278379042,-124.,72.509644920192));
#7109 = CARTESIAN_POINT('',(79.752873231261,-124.,72.720950346756));
#7110 = CARTESIAN_POINT('',(79.640871061576,-123.9999999999,
    72.932250477598));
#7111 = CARTESIAN_POINT('',(79.529228099656,-124.,73.143541451787));
#7112 = CARTESIAN_POINT('',(79.417895732635,-123.9999999999,
    73.354821414301));
#7113 = CARTESIAN_POINT('',(79.306821824858,-124.,73.566090394245));
#7114 = CARTESIAN_POINT('',(79.195952037902,-124.,73.777350180718));
#7115 = CARTESIAN_POINT('',(79.085231150819,-123.9999999999,
    73.988604201922));
#7116 = CARTESIAN_POINT('',(78.97460437949,-124.,74.199857400498));
#7117 = CARTESIAN_POINT('',(78.864018697415,-124.,74.411116112589));
#7118 = CARTESIAN_POINT('',(78.753424154895,-124.,74.622387943773));
#7119 = CARTESIAN_POINT('',(78.642775199585,-124.,74.833681647224));
#7120 = CARTESIAN_POINT('',(78.476660394411,-124.,75.150669677198));
#7121 = CARTESIAN_POINT('',(78.421265927959,-124.,75.256338597624));
#7122 = CARTESIAN_POINT('',(78.365842982796,-123.9999999999,
    75.362015360005));
#7123 = CARTESIAN_POINT('',(78.310386594247,-124.,75.467700988569));
#7124 = CARTESIAN_POINT('',(78.25489244722,-123.9999999999,
    75.573395933208));
#7125 = CARTESIAN_POINT('',(78.199356875687,-124.,75.679100070215));
#7126 = CARTESIAN_POINT('',(78.143776863468,-123.9999999999,
    75.784812701107));
#7127 = CARTESIAN_POINT('',(78.088150043244,-124.,75.890532554202));
#7128 = CARTESIAN_POINT('',(78.032474697621,-123.9999999999,
    75.996257782822));
#7129 = CARTESIAN_POINT('',(77.976749758126,-124.,76.101985967047));
#7130 = CARTESIAN_POINT('',(77.920974806051,-123.9999999999,
    76.207714112243));
#7131 = CARTESIAN_POINT('',(77.865150071815,-124.,76.313438650121));
#7132 = CARTESIAN_POINT('',(77.809276435396,-124.,76.419155438094));
#7133 = CARTESIAN_POINT('',(77.725394921411,-124.,76.577711920345));
#7134 = CARTESIAN_POINT('',(77.697421922978,-123.9999999999,
    76.630561632267));
#7135 = CARTESIAN_POINT('',(77.669437120202,-124.,76.68340772166));
#7136 = CARTESIAN_POINT('',(77.641441202784,-123.9999999999,
    76.736249014875));
#7137 = CARTESIAN_POINT('',(77.613434859794,-124.,76.789084338151));
#7138 = CARTESIAN_POINT('',(77.58541878146,-123.9999999999,
    76.841912517911));
#7139 = CARTESIAN_POINT('',(77.557393656259,-124.,76.89473238035));
#7140 = CARTESIAN_POINT('',(77.529360174893,-123.9999999999,
    76.947542751865));
#7141 = CARTESIAN_POINT('',(77.501319025663,-124.,77.000342458751));
#7142 = CARTESIAN_POINT('',(77.47327089908,-123.9999999999,
    77.053130327275));
#7143 = CARTESIAN_POINT('',(77.445216483922,-124.,77.105905183832));
#7144 = CARTESIAN_POINT('',(77.417156470117,-123.9999999999,
    77.158665854655));
#7145 = CARTESIAN_POINT('',(77.389091546954,-124.,77.211411166113));
#7146 = CARTESIAN_POINT('',(77.346987832546,-124.,77.290504333678));
#7147 = CARTESIAN_POINT('',(77.332952362088,-124.,77.316864415187));
#7148 = CARTESIAN_POINT('',(77.31891617301,-123.9999999999,
    77.34321993406));
#7149 = CARTESIAN_POINT('',(77.304879445335,-124.,77.369570635709));
#7150 = CARTESIAN_POINT('',(77.29084235988,-123.9999999999,
    77.395916264667));
#7151 = CARTESIAN_POINT('',(77.276805096025,-124.,77.422256567127));
#7152 = CARTESIAN_POINT('',(77.262767835274,-123.9999999999,
    77.4485912867));
#7153 = CARTESIAN_POINT('',(77.248730756512,-124.,77.474920170365));
#7154 = CARTESIAN_POINT('',(77.234694041348,-123.9999999999,
    77.501242961385));
#7155 = CARTESIAN_POINT('',(77.22065786899,-124.,77.527559406499));
#7156 = CARTESIAN_POINT('',(77.206622420441,-123.9999999999,
    77.553869249699));
#7157 = CARTESIAN_POINT('',(77.192587875572,-124.,77.580172236792));
#7158 = CARTESIAN_POINT('',(77.178554414845,-124.,77.606468112604));
#7159 = CARTESIAN_POINT('',(77.157506120293,-124.,77.645900877262));
#7160 = CARTESIAN_POINT('',(77.150490351547,-123.9999999999,
    77.659043275074));
#7161 = CARTESIAN_POINT('',(77.143474942017,-124.,77.672183775376));
#7162 = CARTESIAN_POINT('',(77.136459921347,-123.9999999999,
    77.68532233804));
#7163 = CARTESIAN_POINT('',(77.129445319546,-124.,77.698458922184));
#7164 = CARTESIAN_POINT('',(77.12243116586,-123.9999999999,
    77.711593488333));
#7165 = CARTESIAN_POINT('',(77.115417490832,-124.,77.724725994894));
#7166 = CARTESIAN_POINT('',(77.108404323171,-123.9999999999,
    77.737856402917));
#7167 = CARTESIAN_POINT('',(77.101391693762,-124.,77.750984670682));
#7168 = CARTESIAN_POINT('',(77.094379631322,-123.9999999999,
    77.764110758918));
#7169 = CARTESIAN_POINT('',(77.087368166373,-124.,77.777234626532));
#7170 = CARTESIAN_POINT('',(77.080357328196,-124.,77.79035623356));
#7171 = CARTESIAN_POINT('',(77.073347146761,-124.,77.803475539467));
#7172 = CARTESIAN_POINT('',(77.062832904232,-124.,77.823150986184));
#7173 = CARTESIAN_POINT('',(77.059328329276,-124.,77.829708881935));
#7174 = CARTESIAN_POINT('',(77.055823931138,-124.,77.836266185527));
#7175 = CARTESIAN_POINT('',(77.052319713862,-124.,77.842822891445));
#7176 = CARTESIAN_POINT('',(77.048815682054,-123.9999999999,
    77.849378993773));
#7177 = CARTESIAN_POINT('',(77.045311839199,-124.,77.855934487386));
#7178 = CARTESIAN_POINT('',(77.041808190614,-123.9999999999,
    77.86248936589));
#7179 = CARTESIAN_POINT('',(77.038304739112,-124.,77.869043624583));
#7180 = CARTESIAN_POINT('',(77.034801490395,-123.9999999999,
    77.875597256875));
#7181 = CARTESIAN_POINT('',(77.03129844735,-124.,77.88215025794));
#7182 = CARTESIAN_POINT('',(77.027795615165,-123.9999999999,
    77.888702621578));
#7183 = CARTESIAN_POINT('',(77.024292997472,-124.,77.89525434247));
#7184 = CARTESIAN_POINT('',(77.02079059875,-124.,77.901805414845));
#7185 = CARTESIAN_POINT('',(77.015537335318,-124.,77.911631042236));
#7186 = CARTESIAN_POINT('',(77.013786303324,-124.,77.914906087776));
#7187 = CARTESIAN_POINT('',(77.012035327848,-123.9999999999,
    77.918180968896));
#7188 = CARTESIAN_POINT('',(77.010284409013,-124.,77.92145568512));
#7189 = CARTESIAN_POINT('',(77.008533548328,-123.9999999999,
    77.924730235111));
#7190 = CARTESIAN_POINT('',(77.00678274473,-124.,77.928004619161));
#7191 = CARTESIAN_POINT('',(77.00503200103,-123.9999999999,
    77.931278835056));
#7192 = CARTESIAN_POINT('',(77.003281315194,-124.,77.934552883785));
#7193 = CARTESIAN_POINT('',(77.001530690274,-123.9999999999,
    77.937826762901));
#7194 = CARTESIAN_POINT('',(76.999780124825,-124.,77.941100473062));
#7195 = CARTESIAN_POINT('',(76.998029620744,-123.9999999999,
    77.944374012567));
#7196 = CARTESIAN_POINT('',(76.996279177858,-124.,77.947647381209));
#7197 = CARTESIAN_POINT('',(76.994528797042,-124.,77.950920578007));
#7198 = CARTESIAN_POINT('',(76.991903319613,-124.,77.955830114437));
#7199 = CARTESIAN_POINT('',(76.991028176096,-124.,77.957466583452));
#7200 = CARTESIAN_POINT('',(76.990153048367,-123.9999999999,
    77.959103009195));
#7201 = CARTESIAN_POINT('',(76.989277936211,-124.,77.960739391724));
#7202 = CARTESIAN_POINT('',(76.988402840342,-123.9999999999,
    77.962375730598));
#7203 = CARTESIAN_POINT('',(76.987527759705,-124.,77.964012026336));
#7204 = CARTESIAN_POINT('',(76.98665269599,-123.9999999999,
    77.96564827795));
#7205 = CARTESIAN_POINT('',(76.985777647333,-124.,77.967284486421));
#7206 = CARTESIAN_POINT('',(76.984902615752,-123.9999999999,
    77.96892065057));
#7207 = CARTESIAN_POINT('',(76.984027599674,-124.,77.970556771211));
#7208 = CARTESIAN_POINT('',(76.983152600334,-124.,77.972192847619));
#7209 = CARTESIAN_POINT('',(76.982277617125,-124.,77.973828880052));
#7210 = CARTESIAN_POINT('',(76.981402650437,-124.,77.975464868259));
#7211 = CARTESIAN_POINT('',(76.980090225126,-124.,77.977918784163));
#7212 = CARTESIAN_POINT('',(76.979652754153,-124.,77.978736745065));
#7213 = CARTESIAN_POINT('',(76.979215287311,-123.9999999999,
    77.979554694861));
#7214 = CARTESIAN_POINT('',(76.978777824618,-124.,77.980372633633));
#7215 = CARTESIAN_POINT('',(76.978340366079,-123.9999999999,
    77.981190561152));
#7216 = CARTESIAN_POINT('',(76.977902911697,-124.,77.982008477796));
#7217 = CARTESIAN_POINT('',(76.977465461497,-123.9999999999,
    77.982826382975));
#7218 = CARTESIAN_POINT('',(76.97702801547,-124.,77.983644277396));
#7219 = CARTESIAN_POINT('',(76.976590573635,-123.9999999999,
    77.984462160291));
#7220 = CARTESIAN_POINT('',(76.976153136002,-124.,77.985280032317));
#7221 = CARTESIAN_POINT('',(76.975715702573,-123.9999999999,
    77.986097892966));
#7222 = CARTESIAN_POINT('',(76.975278273363,-124.,77.98691574253));
#7223 = CARTESIAN_POINT('',(76.974840848379,-124.,77.987733580845));
#7224 = CARTESIAN_POINT('',(76.97396600688,-124.,77.989369235072));
#7225 = CARTESIAN_POINT('',(76.973489111749,-124.,77.99015560474));
#7226 = CARTESIAN_POINT('',(76.973395161152,-124.,77.991246989633));
#7227 = CARTESIAN_POINT('',(76.971456263021,-123.9999999999,
    77.990868789484));
#7228 = CARTESIAN_POINT('',(76.975295674288,-124.,77.995093216157));
#7229 = CARTESIAN_POINT('',(76.966133543288,-124.,77.988961409444));
#7230 = CARTESIAN_POINT('',(76.979025684361,-123.9999999999,
    78.000396647202));
#7231 = CARTESIAN_POINT('',(76.963000416371,-124.,77.988798063889));
#7232 = CARTESIAN_POINT('',(76.976625699837,-123.9999999999,
    78.000817247717));
#7233 = CARTESIAN_POINT('',(76.966436596716,-124.,77.99386736022));
#7234 = CARTESIAN_POINT('',(76.971112159878,-123.9999999999,
    77.998757725004));
#7235 = CARTESIAN_POINT('',(76.968720285769,-124.,77.998018594763));
#7236 = CARTESIAN_POINT('',(76.968785762876,-124.,77.999236822626));
#7237 = CARTESIAN_POINT('',(76.968279905777,-124.,78.));
#7238 = CARTESIAN_POINT('',(120.86464933237,-124.,50.));
#7239 = CARTESIAN_POINT('',(120.70007603395,-124.,49.991932553151));
#7240 = CARTESIAN_POINT('',(120.53549116652,-123.9999999999,
    49.984788114001));
#7241 = CARTESIAN_POINT('',(120.37090319029,-124.,49.978563570868));
#7242 = CARTESIAN_POINT('',(120.20630587813,-123.9999999999,
    49.973256497129));
#7243 = CARTESIAN_POINT('',(120.0416945139,-124.,49.968864642553));
#7244 = CARTESIAN_POINT('',(119.87707030056,-123.9999999999,
    49.96538562622));
#7245 = CARTESIAN_POINT('',(119.71243730622,-124.,49.96281682741));
#7246 = CARTESIAN_POINT('',(119.54779617434,-123.9999999999,
    49.961155474734));
#7247 = CARTESIAN_POINT('',(119.3831387497,-124.,49.960398919327));
#7248 = CARTESIAN_POINT('',(119.21844766176,-123.9999999999,
    49.960545091405));
#7249 = CARTESIAN_POINT('',(119.05370483479,-124.,49.961593125665));
#7250 = CARTESIAN_POINT('',(118.88891278484,-123.9999999999,
    49.963544157092));
#7251 = CARTESIAN_POINT('',(118.72413248355,-124.,49.966402283131));
#7252 = CARTESIAN_POINT('',(116.71972698423,-123.9999999999,
    50.012355340401));
#7253 = CARTESIAN_POINT('',(114.91642692913,-124.,50.166137143818));
#7254 = CARTESIAN_POINT('',(113.09433571868,-123.9999999999,
    50.423321054862));
#7255 = CARTESIAN_POINT('',(111.28149275339,-124.,50.79032160761));
#7256 = CARTESIAN_POINT('',(109.50862831767,-123.9999999999,
    51.258967341573));
#7257 = CARTESIAN_POINT('',(107.7830983518,-124.,51.810228227743));
#7258 = CARTESIAN_POINT('',(106.07860511463,-123.9999999999,
    52.444813425742));
#7259 = CARTESIAN_POINT('',(104.39200325282,-124.,53.166519624963));
#7260 = CARTESIAN_POINT('',(102.73159139125,-123.9999999999,
    53.970515650594));
#7261 = CARTESIAN_POINT('',(101.10334887309,-124.,54.845172897029));
#7262 = CARTESIAN_POINT('',(99.528096775695,-123.9999999999,
    55.775552513416));
#7263 = CARTESIAN_POINT('',(97.982259841451,-124.,56.76421493714));
#7264 = CARTESIAN_POINT('',(96.435398188932,-124.,57.83519831174));
#7265 = CARTESIAN_POINT('',(94.200632918015,-124.,59.508128624863));
#7266 = CARTESIAN_POINT('',(93.470561795879,-124.,60.07364805021));
#7267 = CARTESIAN_POINT('',(92.746568177496,-123.9999999999,
    60.653738085851));
#7268 = CARTESIAN_POINT('',(92.028569464065,-124.,61.249148010107));
#7269 = CARTESIAN_POINT('',(91.318005259624,-123.9999999999,
    61.858993685632));
#7270 = CARTESIAN_POINT('',(90.616198689184,-124.,62.481806289759));
#7271 = CARTESIAN_POINT('',(89.923796607365,-123.9999999999,
    63.116198061675));
#7272 = CARTESIAN_POINT('',(89.240786941747,-124.,63.761202043937));
#7273 = CARTESIAN_POINT('',(88.56675852136,-123.9999999999,
    64.416334348527));
#7274 = CARTESIAN_POINT('',(87.901196278503,-124.,65.081435431997));
#7275 = CARTESIAN_POINT('',(87.24369595819,-123.9999999999,
    65.756373867194));
#7276 = CARTESIAN_POINT('',(86.59404240864,-124.,66.440742886121));
#7277 = CARTESIAN_POINT('',(85.952128358053,-124.,67.133747288524));
#7278 = CARTESIAN_POINT('',(85.160370867719,-124.,68.008360878392));
#7279 = CARTESIAN_POINT('',(85.003457277186,-123.9999999999,
    68.182683860824));
#7280 = CARTESIAN_POINT('',(84.846956749657,-124.,68.35752293177));
#7281 = CARTESIAN_POINT('',(84.690866755324,-123.9999999999,
    68.532863768658));
#7282 = CARTESIAN_POINT('',(84.535184354238,-124.,68.708691659464));
#7283 = CARTESIAN_POINT('',(84.379906226662,-123.9999999999,
    68.884991474588));
#7284 = CARTESIAN_POINT('',(84.225028700197,-124.,69.061747640301));
#7285 = CARTESIAN_POINT('',(84.070547780234,-123.9999999999,
    69.238944109123));
#7286 = CARTESIAN_POINT('',(83.916459174738,-124.,69.416564333487));
#7287 = CARTESIAN_POINT('',(83.762758323981,-123.9999999999,
    69.594591235261));
#7288 = CARTESIAN_POINT('',(83.609440424622,-124.,69.773007178576));
#7289 = CARTESIAN_POINT('',(83.45650045725,-123.9999999999,
    69.951793939541));
#7290 = CARTESIAN_POINT('',(83.3039332108,-124.,70.130932677583));
#7291 = CARTESIAN_POINT('',(82.999906602662,-124.,70.489435065801));
#7292 = CARTESIAN_POINT('',(82.848435988989,-124.,70.668828851895));
#7293 = CARTESIAN_POINT('',(82.697355301638,-124.,70.848602993831));
#7294 = CARTESIAN_POINT('',(82.546697767886,-123.9999999999,
    71.028772829897));
#7295 = CARTESIAN_POINT('',(82.39649214739,-124.,71.209349354432));
#7296 = CARTESIAN_POINT('',(82.246759722162,-123.9999999999,
    71.390337750341));
#7297 = CARTESIAN_POINT('',(82.09751211764,-124.,71.571736410792));
#7298 = CARTESIAN_POINT('',(81.948749947625,-123.9999999999,
    71.753536450187));
#7299 = CARTESIAN_POINT('',(81.800462262697,-124.,71.935721712642));
#7300 = CARTESIAN_POINT('',(81.652626799134,-123.9999999999,
    72.118269277256));
#7301 = CARTESIAN_POINT('',(81.505211010807,-124.,72.301150470451));
#7302 = CARTESIAN_POINT('',(81.358173879898,-123.9999999999,
    72.484332386079));
#7303 = CARTESIAN_POINT('',(81.211468494505,-124.,72.667779922537));
#7304 = CARTESIAN_POINT('',(80.918860456326,-124.,73.034837979139));
#7305 = CARTESIAN_POINT('',(80.772942889267,-124.,73.218471303557));
#7306 = CARTESIAN_POINT('',(80.627240403295,-123.9999999999,
    73.402319549224));
#7307 = CARTESIAN_POINT('',(80.481701170879,-124.,73.586347037153));
#7308 = CARTESIAN_POINT('',(80.336274503894,-123.9999999999,
    73.770521127761));
#7309 = CARTESIAN_POINT('',(80.190911563372,-124.,73.954812146814));
#7310 = CARTESIAN_POINT('',(80.045566087823,-123.9999999999,
    74.139193280643));
#7311 = CARTESIAN_POINT('',(79.900195149647,-124.,74.323640444639));
#7312 = CARTESIAN_POINT('',(79.754759927034,-123.9999999999,
    74.508132119217));
#7313 = CARTESIAN_POINT('',(79.609226506218,-124.,74.692649159999));
#7314 = CARTESIAN_POINT('',(79.463566700126,-123.9999999999,
    74.877174575163));
#7315 = CARTESIAN_POINT('',(79.317758896027,-124.,75.061693276219));
#7316 = CARTESIAN_POINT('',(79.17178892406,-124.,75.24619179733));
#7317 = CARTESIAN_POINT('',(78.952629325611,-124.,75.522831301323));
#7318 = CARTESIAN_POINT('',(78.879561966167,-124.,75.614999815081));
#7319 = CARTESIAN_POINT('',(78.806447604886,-123.9999999999,
    75.707162268298));
#7320 = CARTESIAN_POINT('',(78.733285426709,-124.,75.799317076501));
#7321 = CARTESIAN_POINT('',(78.660075071638,-123.9999999999,
    75.891462328994));
#7322 = CARTESIAN_POINT('',(78.586816635818,-124.,75.983595786623));
#7323 = CARTESIAN_POINT('',(78.513510672076,-123.9999999999,
    76.07571488121));
#7324 = CARTESIAN_POINT('',(78.440158191414,-124.,76.167816712728));
#7325 = CARTESIAN_POINT('',(78.366760663351,-123.9999999999,
    76.259898048844));
#7326 = CARTESIAN_POINT('',(78.293320017777,-124.,76.351955322234));
#7327 = CARTESIAN_POINT('',(78.219838645347,-123.9999999999,
    76.443984629504));
#7328 = CARTESIAN_POINT('',(78.146319399277,-124.,76.535981729062));
#7329 = CARTESIAN_POINT('',(78.072765596238,-124.,76.627942039424));
#7330 = CARTESIAN_POINT('',(77.96239478141,-124.,76.765812375421));
#7331 = CARTESIAN_POINT('',(77.925600006547,-123.9999999999,
    76.811754670735));
#7332 = CARTESIAN_POINT('',(77.888797400079,-124.,76.857686551544));
#7333 = CARTESIAN_POINT('',(77.851987668936,-123.9999999999,
    76.903607046323));
#7334 = CARTESIAN_POINT('',(77.815171518168,-124.,76.949515184303));
#7335 = CARTESIAN_POINT('',(77.778349655018,-123.9999999999,
    76.995409994311));
#7336 = CARTESIAN_POINT('',(77.741522782192,-124.,77.041290506603));
#7337 = CARTESIAN_POINT('',(77.704691607227,-123.9999999999,
    77.08715575031));
#7338 = CARTESIAN_POINT('',(77.667856831559,-124.,77.13300475636));
#7339 = CARTESIAN_POINT('',(77.63101916141,-123.9999999999,
    77.178836554536));
#7340 = CARTESIAN_POINT('',(77.594179298628,-124.,77.224650175935));
#7341 = CARTESIAN_POINT('',(77.557337947264,-123.9999999999,
    77.270444651153));
#7342 = CARTESIAN_POINT('',(77.520495809638,-124.,77.316219011364));
#7343 = CARTESIAN_POINT('',(77.465233236493,-124.,77.384847983556));
#7344 = CARTESIAN_POINT('',(77.446812886802,-124.,77.407718374117));
#7345 = CARTESIAN_POINT('',(77.428392671232,-123.9999999999,
    77.430583273377));
#7346 = CARTESIAN_POINT('',(77.409972721349,-124.,77.453442495498));
#7347 = CARTESIAN_POINT('',(77.391553169669,-123.9999999999,
    77.476295854159));
#7348 = CARTESIAN_POINT('',(77.373134146893,-124.,77.499143163899));
#7349 = CARTESIAN_POINT('',(77.354715786545,-123.9999999999,
    77.521984237954));
#7350 = CARTESIAN_POINT('',(77.336298218409,-124.,77.544818891174));
#7351 = CARTESIAN_POINT('',(77.317881576442,-123.9999999999,
    77.567646936676));
#7352 = CARTESIAN_POINT('',(77.299465990632,-124.,77.590468189128));
#7353 = CARTESIAN_POINT('',(77.28105159414,-123.9999999999,
    77.613282461973));
#7354 = CARTESIAN_POINT('',(77.262638517993,-124.,77.636089569447));
#7355 = CARTESIAN_POINT('',(77.244226894391,-123.9999999999,
    77.65888932532));
#7356 = CARTESIAN_POINT('',(77.216611930116,-124.,77.69307753533));
#7357 = CARTESIAN_POINT('',(77.207407399835,-123.9999999999,
    77.704471642524));
#7358 = CARTESIAN_POINT('',(77.198203283579,-124.,77.715863837059));
#7359 = CARTESIAN_POINT('',(77.188999600882,-123.9999999999,
    77.72725409046));
#7360 = CARTESIAN_POINT('',(77.179796370982,-124.,77.738642375175));
#7361 = CARTESIAN_POINT('',(77.170593613685,-123.9999999999,
    77.750028661923));
#7362 = CARTESIAN_POINT('',(77.161391347876,-124.,77.761412924079));
#7363 = CARTESIAN_POINT('',(77.152189593713,-123.9999999999,
    77.772795131592));
#7364 = CARTESIAN_POINT('',(77.142988369854,-124.,77.784175258139));
#7365 = CARTESIAN_POINT('',(77.133787696463,-123.9999999999,
    77.795553273954));
#7366 = CARTESIAN_POINT('',(77.124587592426,-124.,77.806929151956));
#7367 = CARTESIAN_POINT('',(77.115388077538,-123.9999999999,
    77.818302863301));
#7368 = CARTESIAN_POINT('',(77.106189171063,-124.,77.829674380099));
#7369 = CARTESIAN_POINT('',(77.092391765076,-124.,77.846728306382));
#7370 = CARTESIAN_POINT('',(77.08779279407,-124.,77.8524123835));
#7371 = CARTESIAN_POINT('',(77.083193982149,-123.9999999999,
    77.858095901541));
#7372 = CARTESIAN_POINT('',(77.078595331827,-124.,77.863778856639));
#7373 = CARTESIAN_POINT('',(77.07399684594,-123.9999999999,
    77.869461244962));
#7374 = CARTESIAN_POINT('',(77.069398526719,-124.,77.875143062623));
#7375 = CARTESIAN_POINT('',(77.064800377347,-123.9999999999,
    77.880824305792));
#7376 = CARTESIAN_POINT('',(77.060202399736,-124.,77.886504970608));
#7377 = CARTESIAN_POINT('',(77.055604597246,-123.9999999999,
    77.892185053197));
#7378 = CARTESIAN_POINT('',(77.051006971828,-124.,77.897864549732));
#7379 = CARTESIAN_POINT('',(77.0464095266,-123.9999999999,
    77.903543456333));
#7380 = CARTESIAN_POINT('',(77.041812263865,-124.,77.909221769154));
#7381 = CARTESIAN_POINT('',(77.037215186399,-124.,77.91489948434));
#7382 = CARTESIAN_POINT('',(77.030319853414,-124.,77.923415153045));
#7383 = CARTESIAN_POINT('',(77.028021456947,-124.,77.926253557803));
#7384 = CARTESIAN_POINT('',(77.025723107667,-123.9999999999,
    77.929091811716));
#7385 = CARTESIAN_POINT('',(77.023424805981,-124.,77.931929914525));
#7386 = CARTESIAN_POINT('',(77.021126552091,-123.9999999999,
    77.934767865195));
#7387 = CARTESIAN_POINT('',(77.018828346558,-124.,77.93760566414));
#7388 = CARTESIAN_POINT('',(77.016530189415,-123.9999999999,
    77.940443309561));
#7389 = CARTESIAN_POINT('',(77.014232081362,-124.,77.943280802475));
#7390 = CARTESIAN_POINT('',(77.011934022366,-123.9999999999,
    77.946118140885));
#7391 = CARTESIAN_POINT('',(77.009636013098,-124.,77.948955325519));
#7392 = CARTESIAN_POINT('',(77.00733805364,-123.9999999999,
    77.951792355026));
#7393 = CARTESIAN_POINT('',(77.005040144498,-124.,77.954629229381));
#7394 = CARTESIAN_POINT('',(77.002742285922,-124.,77.957465947868));
#7395 = CARTESIAN_POINT('',(76.999295574653,-124.,77.961720790914));
#7396 = CARTESIAN_POINT('',(76.998146683732,-124.,77.963139032724));
#7397 = CARTESIAN_POINT('',(76.996997805607,-123.9999999999,
    77.964557235349));
#7398 = CARTESIAN_POINT('',(76.995848940202,-124.,77.965975398942));
#7399 = CARTESIAN_POINT('',(76.994700087808,-123.9999999999,
    77.967393522944));
#7400 = CARTESIAN_POINT('',(76.993551248069,-124.,77.968811608177));
#7401 = CARTESIAN_POINT('',(76.992402421542,-123.9999999999,
    77.970229653276));
#7402 = CARTESIAN_POINT('',(76.991253607734,-124.,77.971647659767));
#7403 = CARTESIAN_POINT('',(76.990104807141,-123.9999999999,
    77.973065625958));
#7404 = CARTESIAN_POINT('',(76.9889560195,-124.,77.974483553178));
#7405 = CARTESIAN_POINT('',(76.987807245016,-123.9999999999,
    77.975901440374));
#7406 = CARTESIAN_POINT('',(76.986658483668,-124.,77.977319288053));
#7407 = CARTESIAN_POINT('',(76.985509735515,-124.,77.978737095892));
#7408 = CARTESIAN_POINT('',(76.983786633166,-124.,77.980863747891));
#7409 = CARTESIAN_POINT('',(76.983212269036,-124.,77.98157262193));
#7410 = CARTESIAN_POINT('',(76.982637908238,-123.9999999999,
    77.982281485932));
#7411 = CARTESIAN_POINT('',(76.982063550711,-124.,77.982990340164));
#7412 = CARTESIAN_POINT('',(76.981489196601,-123.9999999999,
    77.983699183999));
#7413 = CARTESIAN_POINT('',(76.980914845676,-124.,77.984408018525));
#7414 = CARTESIAN_POINT('',(76.980340498274,-123.9999999999,
    77.985116842144));
#7415 = CARTESIAN_POINT('',(76.979766154003,-124.,77.98582565677));
#7416 = CARTESIAN_POINT('',(76.979191813277,-123.9999999999,
    77.986534460442));
#7417 = CARTESIAN_POINT('',(76.97861747574,-124.,77.987243254818));
#7418 = CARTESIAN_POINT('',(76.978043141669,-123.9999999999,
    77.987952038706));
#7419 = CARTESIAN_POINT('',(76.977468810899,-124.,77.988660812785));
#7420 = CARTESIAN_POINT('',(76.976894483521,-124.,77.989369576732));
#7421 = CARTESIAN_POINT('',(76.975745835503,-124.,77.990787084547));
#7422 = CARTESIAN_POINT('',(76.97512823976,-123.9999999999,
    77.991461358146));
#7423 = CARTESIAN_POINT('',(76.97493041342,-124.,77.992469981097));
#7424 = CARTESIAN_POINT('',(76.972710217551,-123.9999999999,
    77.991867697901));
#7425 = CARTESIAN_POINT('',(76.976824005043,-124.,77.996310657995));
#7426 = CARTESIAN_POINT('',(76.966685946467,-123.9999999999,
    77.989401473506));
#7427 = CARTESIAN_POINT('',(76.980723023245,-124.,78.001748681607));
#7428 = CARTESIAN_POINT('',(76.963061826795,-123.9999999999,
    77.988847008792));
#7429 = CARTESIAN_POINT('',(76.977902546425,-124.,78.001834323194));
#7430 = CARTESIAN_POINT('',(76.966638751155,-123.9999999999,
    77.99402839555));
#7431 = CARTESIAN_POINT('',(76.971669091759,-124.,77.999201347972));
#7432 = CARTESIAN_POINT('',(76.968952348805,-123.9999999999,
    77.998203443667));
#7433 = CARTESIAN_POINT('',(76.968929268608,-124.,77.999351130344));
#7434 = CARTESIAN_POINT('',(76.968279921216,-124.,77.999999958717));
#7435 = CARTESIAN_POINT('',(120.86464933237,-116.,50.));
#7436 = CARTESIAN_POINT('',(120.69999301169,-116.0080715166,
    49.999999999999));
#7437 = CARTESIAN_POINT('',(120.53533480146,-116.0162300399,
    50.000994174887));
#7438 = CARTESIAN_POINT('',(120.37068870637,-116.0244763122,
    50.00297879516));
#7439 = CARTESIAN_POINT('',(120.20604527385,-116.0328139444,
    50.005954485201));
#7440 = CARTESIAN_POINT('',(120.04139784329,-116.0412462436,
    50.009921783091));
#7441 = CARTESIAN_POINT('',(119.87674896535,-116.0497754197,
    50.014879708145));
#7442 = CARTESIAN_POINT('',(119.71210462653,-116.0584032614,
    50.020826301608));
#7443 = CARTESIAN_POINT('',(119.54746394352,-116.0671323747,
    50.027760114379));
#7444 = CARTESIAN_POINT('',(119.38281195051,-116.0759670765,
    50.035681603288));
#7445 = CARTESIAN_POINT('',(119.21812315241,-116.0849130336,
    50.044593413096));
#7446 = CARTESIAN_POINT('',(119.05338346533,-116.093974741,
    50.054498504173));
#7447 = CARTESIAN_POINT('',(118.8886382119,-116.1031499306,
    50.06539510223));
#7448 = CARTESIAN_POINT('',(118.72407380321,-116.1124200027,
    50.077267432974));
#7449 = CARTESIAN_POINT('',(116.7147930998,-116.2265982878,
    50.234199740249));
#7450 = CARTESIAN_POINT('',(114.91825139466,-116.3422285854,
    50.498648751291));
#7451 = CARTESIAN_POINT('',(113.1165422385,-116.4729858103,
    50.877139194003));
#7452 = CARTESIAN_POINT('',(111.33686056646,-116.6213247222,
    51.376404267763));
#7453 = CARTESIAN_POINT('',(109.61573326546,-116.7880659712,
    51.983337100948));
#7454 = CARTESIAN_POINT('',(107.9625222214,-116.9738164524,
    52.68004253251));
#7455 = CARTESIAN_POINT('',(106.35169710021,-117.1825505093,
    53.456381288179));
#7456 = CARTESIAN_POINT('',(104.77047041127,-117.417869194,
    54.325539659489));
#7457 = CARTESIAN_POINT('',(103.23502386903,-117.6893670684,
    55.283598790192));
#7458 = CARTESIAN_POINT('',(101.76333592236,-117.9984768733,
    56.292217539393));
#7459 = CARTESIAN_POINT('',(100.35425479481,-118.3274497246,
    57.332323927877));
#7460 = CARTESIAN_POINT('',(98.979750582027,-118.6901942928,
    58.415332297352));
#7461 = CARTESIAN_POINT('',(97.600309579199,-119.0982500287,
    59.556127474024));
#7462 = CARTESIAN_POINT('',(95.591329411063,-119.7277058526,
    61.28237107107));
#7463 = CARTESIAN_POINT('',(94.917748782291,-119.9472417179,
    61.871138131201));
#7464 = CARTESIAN_POINT('',(94.245676649789,-120.1729917173,
    62.466976527434));
#7465 = CARTESIAN_POINT('',(93.575328527886,-120.4029078443,
    63.068315404898));
#7466 = CARTESIAN_POINT('',(92.907365864413,-120.6349735863,
    63.673094176173));
#7467 = CARTESIAN_POINT('',(92.241584087889,-120.8676400814,
    64.27985179394));
#7468 = CARTESIAN_POINT('',(91.57679271777,-121.0997381513,
    64.88795834333));
#7469 = CARTESIAN_POINT('',(90.911284880633,-121.3301847724,
    65.497400413731));
#7470 = CARTESIAN_POINT('',(90.24344471343,-121.5577110171,
    66.108427866394));
#7471 = CARTESIAN_POINT('',(89.572192306187,-121.7807469681,
    66.721265762017));
#7472 = CARTESIAN_POINT('',(88.897116961154,-121.9975075883,
    67.335991377061));
#7473 = CARTESIAN_POINT('',(88.218300725374,-122.2062319961,
    67.95257237887));
#7474 = CARTESIAN_POINT('',(87.535985277798,-122.4054370735,
    68.570958396782));
#7475 = CARTESIAN_POINT('',(86.678986710847,-122.6410842378,
    69.346028363214));
#7476 = CARTESIAN_POINT('',(86.507380338171,-122.6875447898,
    69.501147432262));
#7477 = CARTESIAN_POINT('',(86.335572157634,-122.7333180703,
    69.656369440211));
#7478 = CARTESIAN_POINT('',(86.163566156252,-122.7783866869,
    69.811692468512));
#7479 = CARTESIAN_POINT('',(85.991365456769,-122.8227342462,
    69.967114816981));
#7480 = CARTESIAN_POINT('',(85.818972317358,-122.8663453527,
    70.122635003703));
#7481 = CARTESIAN_POINT('',(85.646388132188,-122.9092056101,
    70.278251765146));
#7482 = CARTESIAN_POINT('',(85.4736134305,-122.9513016199,70.43396405609
    ));
#7483 = CARTESIAN_POINT('',(85.300647877885,-122.9926209828,
    70.589771049583));
#7484 = CARTESIAN_POINT('',(85.127490274796,-123.0331522974,
    70.745672137134));
#7485 = CARTESIAN_POINT('',(84.954138558002,-123.0728851613,
    70.901666928407));
#7486 = CARTESIAN_POINT('',(84.780589799401,-123.1118101702,
    71.057755251553));
#7487 = CARTESIAN_POINT('',(84.60684020682,-123.1499189186,
    71.213937152936));
#7488 = CARTESIAN_POINT('',(84.25893004034,-123.2244890803,
    71.526488641682));
#7489 = CARTESIAN_POINT('',(84.084786002254,-123.2609396754,
    71.682872575644));
#7490 = CARTESIAN_POINT('',(83.910518041412,-123.2965024038,
    71.839423588749));
#7491 = CARTESIAN_POINT('',(83.73618726523,-123.3311392975,
    71.996196335178));
#7492 = CARTESIAN_POINT('',(83.561845381154,-123.3648264311,
    72.153237284017));
#7493 = CARTESIAN_POINT('',(83.387530560271,-123.3975523471,
    72.310581740411));
#7494 = CARTESIAN_POINT('',(83.213264640282,-123.4293162763,
    72.468251841287));
#7495 = CARTESIAN_POINT('',(83.039051667121,-123.4601261555,
    72.626255519646));
#7496 = CARTESIAN_POINT('',(82.864877776132,-123.4899964395,
    72.784586445744));
#7497 = CARTESIAN_POINT('',(82.69071241183,-123.5189457107,
    72.943224935281));
#7498 = CARTESIAN_POINT('',(82.516510887132,-123.5469940823,
    73.102139834666));
#7499 = CARTESIAN_POINT('',(82.342218281369,-123.5741603997,
    73.26129137456));
#7500 = CARTESIAN_POINT('',(82.167774677536,-123.6004592363,
    73.420634998265));
#7501 = CARTESIAN_POINT('',(81.818468799514,-123.6513361351,
    73.739617323352));
#7502 = CARTESIAN_POINT('',(81.643611813075,-123.6759140237,
    73.899259165194));
#7503 = CARTESIAN_POINT('',(81.468484111159,-123.6996421775,
    74.059001500151));
#7504 = CARTESIAN_POINT('',(81.29302627114,-123.7225245069,
    74.218797308359));
#7505 = CARTESIAN_POINT('',(81.117186543945,-123.7445588849,
    74.378602732722));
#7506 = CARTESIAN_POINT('',(80.940921280652,-123.765738025,
    74.538377075398));
#7507 = CARTESIAN_POINT('',(80.76419536174,-123.78605036,74.69808279435)
  );
#7508 = CARTESIAN_POINT('',(80.586982622505,-123.8054809194,
    74.85768549965));
#7509 = CARTESIAN_POINT('',(80.40926628317,-123.8240122082,
    75.017153950233));
#7510 = CARTESIAN_POINT('',(80.231039374102,-123.8416250846,
    75.17646005007));
#7511 = CARTESIAN_POINT('',(80.052305165375,-123.8582996386,
    75.33557884492));
#7512 = CARTESIAN_POINT('',(79.873077593054,-123.8740160698,
    75.494488518618));
#7513 = CARTESIAN_POINT('',(79.693381687561,-123.8887555656,
    75.653170389678));
#7514 = CARTESIAN_POINT('',(79.423190157649,-123.9093739865,
    75.89082816671));
#7515 = CARTESIAN_POINT('',(79.333017040047,-123.9159983647,
    75.96998577515));
#7516 = CARTESIAN_POINT('',(79.242738879639,-123.9223720768,
    76.049079696188));
#7517 = CARTESIAN_POINT('',(79.152360202304,-123.92849301,
    76.128107828808));
#7518 = CARTESIAN_POINT('',(79.06188582925,-123.9343591764,
    76.207068007028));
#7519 = CARTESIAN_POINT('',(78.971320875093,-123.9399687129,
    76.285958001542));
#7520 = CARTESIAN_POINT('',(78.880670751041,-123.9453198811,
    76.364775516888));
#7521 = CARTESIAN_POINT('',(78.789941160507,-123.9504110673,
    76.443518195556));
#7522 = CARTESIAN_POINT('',(78.699138104189,-123.9552407826,
    76.52218361292));
#7523 = CARTESIAN_POINT('',(78.6082678751,-123.9598076628,
    76.600769282574));
#7524 = CARTESIAN_POINT('',(78.517337062683,-123.9641104686,
    76.679272651544));
#7525 = CARTESIAN_POINT('',(78.426352549934,-123.9681480852,
    76.757691103931));
#7526 = CARTESIAN_POINT('',(78.335321515087,-123.9719195227,
    76.836021958583));
#7527 = CARTESIAN_POINT('',(78.198716388659,-123.9771761127,
    76.953382726192));
#7528 = CARTESIAN_POINT('',(78.153171470909,-123.9788614758,
    76.992480504526));
#7529 = CARTESIAN_POINT('',(78.107617579567,-123.9804799427,
    77.031555335097));
#7530 = CARTESIAN_POINT('',(78.0620556167,-123.9820314504,
    77.070606747551));
#7531 = CARTESIAN_POINT('',(78.016486484273,-123.9835159363,
    77.109634271817));
#7532 = CARTESIAN_POINT('',(77.970911084422,-123.9849333376,
    77.1486374373));
#7533 = CARTESIAN_POINT('',(77.925330319029,-123.9862835916,
    77.187615774229));
#7534 = CARTESIAN_POINT('',(77.879745090317,-123.9875666354,
    77.226568811726));
#7535 = CARTESIAN_POINT('',(77.83415630009,-123.9887824064,
    77.265496080184));
#7536 = CARTESIAN_POINT('',(77.78856485062,-123.9899308417,
    77.30439710875));
#7537 = CARTESIAN_POINT('',(77.742971643715,-123.9910118786,
    77.343271427611));
#7538 = CARTESIAN_POINT('',(77.69737758158,-123.9920254543,
    77.382118566219));
#7539 = CARTESIAN_POINT('',(77.651783566136,-123.992971506,
    77.420938054462));
#7540 = CARTESIAN_POINT('',(77.583393966134,-123.9942892036,
    77.479125105789));
#7541 = CARTESIAN_POINT('',(77.560597675006,-123.9947115553,
    77.498513723286));
#7542 = CARTESIAN_POINT('',(77.537801732363,-123.9951170245,
    77.517895194997));
#7543 = CARTESIAN_POINT('',(77.515006243938,-123.9955056096,
    77.53726944186));
#7544 = CARTESIAN_POINT('',(77.492211316768,-123.9958773089,
    77.556636383747));
#7545 = CARTESIAN_POINT('',(77.469417055427,-123.996232121,
    77.575995942555));
#7546 = CARTESIAN_POINT('',(77.446623568307,-123.9965700439,
    77.595348037013));
#7547 = CARTESIAN_POINT('',(77.42383095886,-123.9968910765,
    77.614692590005));
#7548 = CARTESIAN_POINT('',(77.401039335918,-123.9971952166,
    77.634029519807));
#7549 = CARTESIAN_POINT('',(77.378248803368,-123.997482463,
    77.653358749028));
#7550 = CARTESIAN_POINT('',(77.355459468921,-123.9977528139,
    77.672680196832));
#7551 = CARTESIAN_POINT('',(77.332671437825,-123.9980062677,
    77.691993784676));
#7552 = CARTESIAN_POINT('',(77.309884816622,-123.9982428228,
    77.711299432766));
#7553 = CARTESIAN_POINT('',(77.275707158674,-123.998572305,
    77.740245876384));
#7554 = CARTESIAN_POINT('',(77.264314983278,-123.9986779079,
    77.749892683332));
#7555 = CARTESIAN_POINT('',(77.252923197186,-123.9987792864,
    77.759537471377));
#7556 = CARTESIAN_POINT('',(77.241531812086,-123.9988764404,
    77.769180229367));
#7557 = CARTESIAN_POINT('',(77.23014084056,-123.9989693699,
    77.778820945731));
#7558 = CARTESIAN_POINT('',(77.218750293494,-123.9990580752,
    77.788459609721));
#7559 = CARTESIAN_POINT('',(77.207360184385,-123.9991425558,
    77.79809620929));
#7560 = CARTESIAN_POINT('',(77.195970523392,-123.9992228123,
    77.80773073409));
#7561 = CARTESIAN_POINT('',(77.184581324254,-123.9992988442,
    77.817363171905));
#7562 = CARTESIAN_POINT('',(77.173192597477,-123.9993706518,
    77.826993512254));
#7563 = CARTESIAN_POINT('',(77.161804356023,-123.9994382351,
    77.836621743295));
#7564 = CARTESIAN_POINT('',(77.150416611296,-123.999501594,
    77.846247854085));
#7565 = CARTESIAN_POINT('',(77.139029375509,-123.9995607287,
    77.855871833185));
#7566 = CARTESIAN_POINT('',(77.121949303066,-123.9996430941,
    77.870304587477));
#7567 = CARTESIAN_POINT('',(77.11625607558,-123.9996694932,
    77.875114969672));
#7568 = CARTESIAN_POINT('',(77.110562979514,-123.9996948362,
    77.879924814527));
#7569 = CARTESIAN_POINT('',(77.104870016075,-123.9997191233,
    77.884734120428));
#7570 = CARTESIAN_POINT('',(77.099177187024,-123.9997423542,
    77.889542886165));
#7571 = CARTESIAN_POINT('',(77.093484493026,-123.9997645292,
    77.894351109785));
#7572 = CARTESIAN_POINT('',(77.087791936531,-123.999785648,
    77.899158790462));
#7573 = CARTESIAN_POINT('',(77.08209951754,-123.999805711,
    77.903965925938));
#7574 = CARTESIAN_POINT('',(77.076407238905,-123.9998247178,
    77.908772515494));
#7575 = CARTESIAN_POINT('',(77.070715100667,-123.9998426688,
    77.913578557006));
#7576 = CARTESIAN_POINT('',(77.065023105195,-123.9998595637,
    77.918384049438));
#7577 = CARTESIAN_POINT('',(77.059331253262,-123.9998754026,
    77.923188991044));
#7578 = CARTESIAN_POINT('',(77.053639546524,-123.9998901855,
    77.927993380465));
#7579 = CARTESIAN_POINT('',(77.045102206131,-123.999910776,
    77.935199134019));
#7580 = CARTESIAN_POINT('',(77.04225646259,-123.9999173755,
    77.93760091345));
#7581 = CARTESIAN_POINT('',(77.0394107559,-123.999923711,77.940002554191
    ));
#7582 = CARTESIAN_POINT('',(77.036565085912,-123.9999297825,
    77.942404056296));
#7583 = CARTESIAN_POINT('',(77.033719453488,-123.99993559,77.94480541903
    ));
#7584 = CARTESIAN_POINT('',(77.030873857562,-123.9999411336,
    77.947206643174));
#7585 = CARTESIAN_POINT('',(77.028028300054,-123.9999464131,
    77.949607727119));
#7586 = CARTESIAN_POINT('',(77.025182779043,-123.9999514287,
    77.952008672403));
#7587 = CARTESIAN_POINT('',(77.022337296756,-123.9999561802,
    77.954409477077));
#7588 = CARTESIAN_POINT('',(77.019491851641,-123.9999606679,
    77.95681014245));
#7589 = CARTESIAN_POINT('',(77.016646445053,-123.9999648915,
    77.95921066727));
#7590 = CARTESIAN_POINT('',(77.013801076466,-123.9999688511,
    77.961611051966));
#7591 = CARTESIAN_POINT('',(77.010955746367,-123.9999725467,
    77.964011296061));
#7592 = CARTESIAN_POINT('',(77.006687809014,-123.9999776942,
    77.967611451167));
#7593 = CARTESIAN_POINT('',(77.005265172886,-123.9999793441,
    77.968811467686));
#7594 = CARTESIAN_POINT('',(77.003842546345,-123.9999809279,
    77.970011449014));
#7595 = CARTESIAN_POINT('',(77.002419929667,-123.9999824458,
    77.97121139509));
#7596 = CARTESIAN_POINT('',(77.000997322311,-123.9999838976,
    77.972411305968));
#7597 = CARTESIAN_POINT('',(76.999574725285,-123.9999852835,
    77.973611181479));
#7598 = CARTESIAN_POINT('',(76.998152137168,-123.9999866034,
    77.97481102183));
#7599 = CARTESIAN_POINT('',(76.99672955974,-123.9999878572,
    77.976010826691));
#7600 = CARTESIAN_POINT('',(76.99530699121,-123.9999890451,
    77.977210596374));
#7601 = CARTESIAN_POINT('',(76.993884433164,-123.999990167,
    77.97841033055));
#7602 = CARTESIAN_POINT('',(76.99246188449,-123.9999912229,
    77.979610029425));
#7603 = CARTESIAN_POINT('',(76.991039345882,-123.9999922128,
    77.980809692831));
#7604 = CARTESIAN_POINT('',(76.989616817038,-123.9999931367,
    77.98200932082));
#7605 = CARTESIAN_POINT('',(76.987483038622,-123.9999944236,
    77.983808709591));
#7606 = CARTESIAN_POINT('',(76.986771781612,-123.999994836,
    77.984408496999));
#7607 = CARTESIAN_POINT('',(76.986060527094,-123.999995232,
    77.985008275466));
#7608 = CARTESIAN_POINT('',(76.985349275005,-123.9999956114,
    77.985608045254));
#7609 = CARTESIAN_POINT('',(76.984638025476,-123.9999959744,
    77.986207805785));
#7610 = CARTESIAN_POINT('',(76.983926778298,-123.9999963209,
    77.986807558039));
#7611 = CARTESIAN_POINT('',(76.983215533766,-123.9999966508,
    77.987407300638));
#7612 = CARTESIAN_POINT('',(76.982504291534,-123.9999969643,
    77.988007035178));
#7613 = CARTESIAN_POINT('',(76.981793051963,-123.9999972612,
    77.988606760099));
#7614 = CARTESIAN_POINT('',(76.981081814738,-123.9999975417,
    77.989206476668));
#7615 = CARTESIAN_POINT('',(76.980370580098,-123.9999978057,
    77.989806184017));
#7616 = CARTESIAN_POINT('',(76.979659347899,-123.9999980532,
    77.990405882629));
#7617 = CARTESIAN_POINT('',(76.978948118218,-123.9999982841,
    77.991005572281));
#7618 = CARTESIAN_POINT('',(76.977525663834,-123.9999987131,
    77.99220493381));
#7619 = CARTESIAN_POINT('',(76.976767367549,-123.9999989111,
    77.992767111359));
#7620 = CARTESIAN_POINT('',(76.976465665476,-123.9999990925,
    77.993692972556));
#7621 = CARTESIAN_POINT('',(76.973964172031,-123.9999992575,
    77.992866606038));
#7622 = CARTESIAN_POINT('',(76.978352335541,-123.999999406,
    77.99752810011));
#7623 = CARTESIAN_POINT('',(76.967238349778,-123.999999538,
    77.989841537141));
#7624 = CARTESIAN_POINT('',(76.982420361882,-123.9999996535,
    78.003100716429));
#7625 = CARTESIAN_POINT('',(76.963123237323,-123.9999997524,
    77.988895953315));
#7626 = CARTESIAN_POINT('',(76.979179392932,-123.999999835,
    78.002851398958));
#7627 = CARTESIAN_POINT('',(76.966840905598,-123.9999999009,
    77.994189430711));
#7628 = CARTESIAN_POINT('',(76.97222602364,-123.9999999505,
    77.999644971028));
#7629 = CARTESIAN_POINT('',(76.969184411837,-123.9999999834,
    77.998388292543));
#7630 = CARTESIAN_POINT('',(76.969072774341,-124.,77.999465438069));
#7631 = CARTESIAN_POINT('',(76.968279905777,-124.,78.));
#7632 = DEFINITIONAL_REPRESENTATION('',(#7633),#7637);
#7633 = LINE('',#7634,#7635);
#7634 = CARTESIAN_POINT('',(0.,0.));
#7635 = VECTOR('',#7636,1.);
#7636 = DIRECTION('',(0.,1.));
#7637 = ( GEOMETRIC_REPRESENTATION_CONTEXT(2) 
PARAMETRIC_REPRESENTATION_CONTEXT() REPRESENTATION_CONTEXT('2D SPACE',''
  ) );
#7638 = ORIENTED_EDGE('',*,*,#7639,.F.);
#7639 = EDGE_CURVE('',#5319,#6637,#7640,.T.);
#7640 = SURFACE_CURVE('',#7641,(#7645,#7652),.PCURVE_S1.);
#7641 = LINE('',#7642,#7643);
#7642 = CARTESIAN_POINT('',(152.5,-124.,42.));
#7643 = VECTOR('',#7644,1.);
#7644 = DIRECTION('',(-1.,-0.,0.));
#7645 = PCURVE('',#2670,#7646);
#7646 = DEFINITIONAL_REPRESENTATION('',(#7647),#7651);
#7647 = LINE('',#7648,#7649);
#7648 = CARTESIAN_POINT('',(42.,360.));
#7649 = VECTOR('',#7650,1.);
#7650 = DIRECTION('',(0.,-1.));
#7651 = ( GEOMETRIC_REPRESENTATION_CONTEXT(2) 
PARAMETRIC_REPRESENTATION_CONTEXT() REPRESENTATION_CONTEXT('2D SPACE',''
  ) );
#7652 = PCURVE('',#5051,#7653);
#7653 = DEFINITIONAL_REPRESENTATION('',(#7654),#7658);
#7654 = LINE('',#7655,#7656);
#7655 = CARTESIAN_POINT('',(0.,0.));
#7656 = VECTOR('',#7657,1.);
#7657 = DIRECTION('',(0.,1.));
#7658 = ( GEOMETRIC_REPRESENTATION_CONTEXT(2) 
PARAMETRIC_REPRESENTATION_CONTEXT() REPRESENTATION_CONTEXT('2D SPACE',''
  ) );
#7659 = ADVANCED_FACE('',(#7660),#2703,.T.);
#7660 = FACE_BOUND('',#7661,.F.);
#7661 = EDGE_LOOP('',(#7662,#7663,#7664,#7665));
#7662 = ORIENTED_EDGE('',*,*,#4798,.F.);
#7663 = ORIENTED_EDGE('',*,*,#2682,.T.);
#7664 = ORIENTED_EDGE('',*,*,#5318,.T.);
#7665 = ORIENTED_EDGE('',*,*,#7666,.F.);
#7666 = EDGE_CURVE('',#4799,#5319,#7667,.T.);
#7667 = SURFACE_CURVE('',#7668,(#7673,#7680),.PCURVE_S1.);
#7668 = CIRCLE('',#7669,55.);
#7669 = AXIS2_PLACEMENT_3D('',#7670,#7671,#7672);
#7670 = CARTESIAN_POINT('',(152.5,-69.,42.));
#7671 = DIRECTION('',(0.,-0.,-1.));
#7672 = DIRECTION('',(1.,0.,-0.));
#7673 = PCURVE('',#2703,#7674);
#7674 = DEFINITIONAL_REPRESENTATION('',(#7675),#7679);
#7675 = LINE('',#7676,#7677);
#7676 = CARTESIAN_POINT('',(-0.,42.));
#7677 = VECTOR('',#7678,1.);
#7678 = DIRECTION('',(-1.,0.));
#7679 = ( GEOMETRIC_REPRESENTATION_CONTEXT(2) 
PARAMETRIC_REPRESENTATION_CONTEXT() REPRESENTATION_CONTEXT('2D SPACE',''
  ) );
#7680 = PCURVE('',#5084,#7681);
#7681 = DEFINITIONAL_REPRESENTATION('',(#7682),#7686);
#7682 = LINE('',#7683,#7684);
#7683 = CARTESIAN_POINT('',(-0.,0.));
#7684 = VECTOR('',#7685,1.);
#7685 = DIRECTION('',(-1.,0.));
#7686 = ( GEOMETRIC_REPRESENTATION_CONTEXT(2) 
PARAMETRIC_REPRESENTATION_CONTEXT() REPRESENTATION_CONTEXT('2D SPACE',''
  ) );
#7687 = ADVANCED_FACE('',(#7688),#2975,.F.);
#7688 = FACE_BOUND('',#7689,.F.);
#7689 = EDGE_LOOP('',(#7690,#7691,#7739,#7740));
#7690 = ORIENTED_EDGE('',*,*,#5119,.F.);
#7691 = ORIENTED_EDGE('',*,*,#7692,.T.);
#7692 = EDGE_CURVE('',#5120,#3369,#7693,.T.);
#7693 = SURFACE_CURVE('',#7694,(#7699,#7733),.PCURVE_S1.);
#7694 = CIRCLE('',#7695,28.);
#7695 = AXIS2_PLACEMENT_3D('',#7696,#7697,#7698);
#7696 = CARTESIAN_POINT('',(121.48515566341,109.,78.));
#7697 = DIRECTION('',(0.,1.,0.));
#7698 = DIRECTION('',(0.,0.,-1.));
#7699 = PCURVE('',#2975,#7700);
#7700 = DEFINITIONAL_REPRESENTATION('',(#7701),#7732);
#7701 = B_SPLINE_CURVE_WITH_KNOTS('',8,(#7702,#7703,#7704,#7705,#7706,
    #7707,#7708,#7709,#7710,#7711,#7712,#7713,#7714,#7715,#7716,#7717,
    #7718,#7719,#7720,#7721,#7722,#7723,#7724,#7725,#7726,#7727,#7728,
    #7729,#7730,#7731),.UNSPECIFIED.,.F.,.F.,(9,7,7,7,9),(0.,
    0.327249234749,0.654498469498,0.981747704247,1.308996938996),
  .UNSPECIFIED.);
#7702 = CARTESIAN_POINT('',(-1.7763568394E-15,241.97933342636));
#7703 = CARTESIAN_POINT('',(1.007381326768,241.97933342635));
#7704 = CARTESIAN_POINT('',(1.998776137904,241.97933342636));
#7705 = CARTESIAN_POINT('',(2.975912409383,241.97933342635));
#7706 = CARTESIAN_POINT('',(3.940385071264,241.97933342636));
#7707 = CARTESIAN_POINT('',(4.893681411668,241.97933342635));
#7708 = CARTESIAN_POINT('',(5.837202757583,241.97933342636));
#7709 = CARTESIAN_POINT('',(6.772282432495,241.97933342635));
#7710 = CARTESIAN_POINT('',(8.628117549163,241.97933342636));
#7711 = CARTESIAN_POINT('',(9.548873033502,241.97933342635));
#7712 = CARTESIAN_POINT('',(10.463747014072,241.97933342635));
#7713 = CARTESIAN_POINT('',(11.373962469564,241.97933342636));
#7714 = CARTESIAN_POINT('',(12.2807144385,241.97933342635));
#7715 = CARTESIAN_POINT('',(13.18516055097,241.97933342636));
#7716 = CARTESIAN_POINT('',(14.08845605015,241.97933342636));
#7717 = CARTESIAN_POINT('',(15.895046720033,241.97933342635));
#7718 = CARTESIAN_POINT('',(16.798342219214,241.97933342636));
#7719 = CARTESIAN_POINT('',(17.702788331682,241.97933342635));
#7720 = CARTESIAN_POINT('',(18.609540300621,241.97933342637));
#7721 = CARTESIAN_POINT('',(19.519755756111,241.97933342634));
#7722 = CARTESIAN_POINT('',(20.434629736682,241.97933342636));
#7723 = CARTESIAN_POINT('',(21.35538522102,241.97933342635));
#7724 = CARTESIAN_POINT('',(23.211220337688,241.97933342636));
#7725 = CARTESIAN_POINT('',(24.146300012601,241.97933342635));
#7726 = CARTESIAN_POINT('',(25.089821358516,241.97933342636));
#7727 = CARTESIAN_POINT('',(26.04311769892,241.97933342635));
#7728 = CARTESIAN_POINT('',(27.0075903608,241.97933342636));
#7729 = CARTESIAN_POINT('',(27.984726632281,241.97933342635));
#7730 = CARTESIAN_POINT('',(28.976121443416,241.97933342636));
#7731 = CARTESIAN_POINT('',(29.983502770184,241.97933342636));
#7732 = ( GEOMETRIC_REPRESENTATION_CONTEXT(2) 
PARAMETRIC_REPRESENTATION_CONTEXT() REPRESENTATION_CONTEXT('2D SPACE',''
  ) );
#7733 = PCURVE('',#5194,#7734);
#7734 = DEFINITIONAL_REPRESENTATION('',(#7735),#7738);
#7735 = B_SPLINE_CURVE_WITH_KNOTS('',1,(#7736,#7737),.UNSPECIFIED.,.F.,
  .F.,(2,2),(0.,1.308996938996),.PIECEWISE_BEZIER_KNOTS.);
#7736 = CARTESIAN_POINT('',(0.,218.));
#7737 = CARTESIAN_POINT('',(1.308996938996,218.));
#7738 = ( GEOMETRIC_REPRESENTATION_CONTEXT(2) 
PARAMETRIC_REPRESENTATION_CONTEXT() REPRESENTATION_CONTEXT('2D SPACE',''
  ) );
#7739 = ORIENTED_EDGE('',*,*,#3398,.T.);
#7740 = ORIENTED_EDGE('',*,*,#2767,.T.);
#7741 = ADVANCED_FACE('',(#7742),#3353,.T.);
#7742 = FACE_BOUND('',#7743,.F.);
#7743 = EDGE_LOOP('',(#7744,#7766,#7767,#7768));
#7744 = ORIENTED_EDGE('',*,*,#7745,.F.);
#7745 = EDGE_CURVE('',#3314,#7746,#7748,.T.);
#7746 = VERTEX_POINT('',#7747);
#7747 = CARTESIAN_POINT('',(-199.5,69.,50.));
#7748 = SURFACE_CURVE('',#7749,(#7754,#7760),.PCURVE_S1.);
#7749 = CIRCLE('',#7750,8.);
#7750 = AXIS2_PLACEMENT_3D('',#7751,#7752,#7753);
#7751 = CARTESIAN_POINT('',(-199.5,69.,42.));
#7752 = DIRECTION('',(-0.,1.,0.));
#7753 = DIRECTION('',(-1.,-0.,0.));
#7754 = PCURVE('',#3353,#7755);
#7755 = DEFINITIONAL_REPRESENTATION('',(#7756),#7759);
#7756 = B_SPLINE_CURVE_WITH_KNOTS('',1,(#7757,#7758),.UNSPECIFIED.,.F.,
  .F.,(2,2),(0.,1.570796326795),.PIECEWISE_BEZIER_KNOTS.);
#7757 = CARTESIAN_POINT('',(0.,0.));
#7758 = CARTESIAN_POINT('',(0.,1.570796326795));
#7759 = ( GEOMETRIC_REPRESENTATION_CONTEXT(2) 
PARAMETRIC_REPRESENTATION_CONTEXT() REPRESENTATION_CONTEXT('2D SPACE',''
  ) );
#7760 = PCURVE('',#5248,#7761);
#7761 = DEFINITIONAL_REPRESENTATION('',(#7762),#7765);
#7762 = B_SPLINE_CURVE_WITH_KNOTS('',1,(#7763,#7764),.UNSPECIFIED.,.F.,
  .F.,(2,2),(0.,1.570796326795),.PIECEWISE_BEZIER_KNOTS.);
#7763 = CARTESIAN_POINT('',(0.,138.));
#7764 = CARTESIAN_POINT('',(1.570796326795,138.));
#7765 = ( GEOMETRIC_REPRESENTATION_CONTEXT(2) 
PARAMETRIC_REPRESENTATION_CONTEXT() REPRESENTATION_CONTEXT('2D SPACE',''
  ) );
#7766 = ORIENTED_EDGE('',*,*,#3338,.T.);
#7767 = ORIENTED_EDGE('',*,*,#3534,.T.);
#7768 = ORIENTED_EDGE('',*,*,#7769,.F.);
#7769 = EDGE_CURVE('',#7746,#3535,#7770,.T.);
#7770 = SURFACE_CURVE('',#7771,(#7776,#7783),.PCURVE_S1.);
#7771 = CIRCLE('',#7772,47.);
#7772 = AXIS2_PLACEMENT_3D('',#7773,#7774,#7775);
#7773 = CARTESIAN_POINT('',(-152.5,69.,50.));
#7774 = DIRECTION('',(-0.,0.,-1.));
#7775 = DIRECTION('',(-1.,2.5837917664E-16,0.));
#7776 = PCURVE('',#3353,#7777);
#7777 = DEFINITIONAL_REPRESENTATION('',(#7778),#7782);
#7778 = LINE('',#7779,#7780);
#7779 = CARTESIAN_POINT('',(-0.,1.570796326795));
#7780 = VECTOR('',#7781,1.);
#7781 = DIRECTION('',(-1.,0.));
#7782 = ( GEOMETRIC_REPRESENTATION_CONTEXT(2) 
PARAMETRIC_REPRESENTATION_CONTEXT() REPRESENTATION_CONTEXT('2D SPACE',''
  ) );
#7783 = PCURVE('',#3572,#7784);
#7784 = DEFINITIONAL_REPRESENTATION('',(#7785),#7793);
#7785 = ( BOUNDED_CURVE() B_SPLINE_CURVE(2,(#7786,#7787,#7788,#7789,
#7790,#7791,#7792),.UNSPECIFIED.,.T.,.F.) B_SPLINE_CURVE_WITH_KNOTS((1,2
    ,2,2,2,1),(-2.094395102393,0.,2.094395102393,4.188790204786,
6.28318530718,8.377580409573),.UNSPECIFIED.) CURVE() 
GEOMETRIC_REPRESENTATION_ITEM() RATIONAL_B_SPLINE_CURVE((1.,0.5,1.,0.5,
1.,0.5,1.)) REPRESENTATION_ITEM('') );
#7786 = CARTESIAN_POINT('',(8.,193.));
#7787 = CARTESIAN_POINT('',(8.,274.40638795573));
#7788 = CARTESIAN_POINT('',(78.5,233.70319397786));
#7789 = CARTESIAN_POINT('',(149.,193.));
#7790 = CARTESIAN_POINT('',(78.5,152.29680602213));
#7791 = CARTESIAN_POINT('',(8.,111.59361204426));
#7792 = CARTESIAN_POINT('',(8.,193.));
#7793 = ( GEOMETRIC_REPRESENTATION_CONTEXT(2) 
PARAMETRIC_REPRESENTATION_CONTEXT() REPRESENTATION_CONTEXT('2D SPACE',''
  ) );
#7794 = ADVANCED_FACE('',(#7795),#3386,.T.);
#7795 = FACE_BOUND('',#7796,.T.);
#7796 = EDGE_LOOP('',(#7797,#7822,#7843,#7844,#7883,#7911));
#7797 = ORIENTED_EDGE('',*,*,#7798,.T.);
#7798 = EDGE_CURVE('',#7799,#7801,#7803,.T.);
#7799 = VERTEX_POINT('',#7800);
#7800 = CARTESIAN_POINT('',(84.227167008273,-109.0000106574,
    108.86501410442));
#7801 = VERTEX_POINT('',#7802);
#7802 = CARTESIAN_POINT('',(94.439232527317,-109.,70.753066737129));
#7803 = SURFACE_CURVE('',#7804,(#7808,#7815),.PCURVE_S1.);
#7804 = LINE('',#7805,#7806);
#7805 = CARTESIAN_POINT('',(85.262794416288,-109.,105.));
#7806 = VECTOR('',#7807,1.);
#7807 = DIRECTION('',(0.258819045103,-0.,-0.965925826289));
#7808 = PCURVE('',#3386,#7809);
#7809 = DEFINITIONAL_REPRESENTATION('',(#7810),#7814);
#7810 = LINE('',#7811,#7812);
#7811 = CARTESIAN_POINT('',(108.70399894305,109.));
#7812 = VECTOR('',#7813,1.);
#7813 = DIRECTION('',(-1.,0.));
#7814 = ( GEOMETRIC_REPRESENTATION_CONTEXT(2) 
PARAMETRIC_REPRESENTATION_CONTEXT() REPRESENTATION_CONTEXT('2D SPACE',''
  ) );
#7815 = PCURVE('',#6624,#7816);
#7816 = DEFINITIONAL_REPRESENTATION('',(#7817),#7821);
#7817 = LINE('',#7818,#7819);
#7818 = CARTESIAN_POINT('',(0.,0.));
#7819 = VECTOR('',#7820,1.);
#7820 = DIRECTION('',(0.,1.));
#7821 = ( GEOMETRIC_REPRESENTATION_CONTEXT(2) 
PARAMETRIC_REPRESENTATION_CONTEXT() REPRESENTATION_CONTEXT('2D SPACE',''
  ) );
#7822 = ORIENTED_EDGE('',*,*,#7823,.T.);
#7823 = EDGE_CURVE('',#7801,#3369,#7824,.T.);
#7824 = SURFACE_CURVE('',#7825,(#7829,#7836),.PCURVE_S1.);
#7825 = LINE('',#7826,#7827);
#7826 = CARTESIAN_POINT('',(94.439232527317,-109.,70.753066737129));
#7827 = VECTOR('',#7828,1.);
#7828 = DIRECTION('',(0.,1.,0.));
#7829 = PCURVE('',#3386,#7830);
#7830 = DEFINITIONAL_REPRESENTATION('',(#7831),#7835);
#7831 = LINE('',#7832,#7833);
#7832 = CARTESIAN_POINT('',(73.248964683915,109.));
#7833 = VECTOR('',#7834,1.);
#7834 = DIRECTION('',(0.,-1.));
#7835 = ( GEOMETRIC_REPRESENTATION_CONTEXT(2) 
PARAMETRIC_REPRESENTATION_CONTEXT() REPRESENTATION_CONTEXT('2D SPACE',''
  ) );
#7836 = PCURVE('',#5194,#7837);
#7837 = DEFINITIONAL_REPRESENTATION('',(#7838),#7842);
#7838 = LINE('',#7839,#7840);
#7839 = CARTESIAN_POINT('',(1.308996938996,0.));
#7840 = VECTOR('',#7841,1.);
#7841 = DIRECTION('',(0.,1.));
#7842 = ( GEOMETRIC_REPRESENTATION_CONTEXT(2) 
PARAMETRIC_REPRESENTATION_CONTEXT() REPRESENTATION_CONTEXT('2D SPACE',''
  ) );
#7843 = ORIENTED_EDGE('',*,*,#3368,.T.);
#7844 = ORIENTED_EDGE('',*,*,#7845,.T.);
#7845 = EDGE_CURVE('',#3371,#7846,#7848,.T.);
#7846 = VERTEX_POINT('',#7847);
#7847 = CARTESIAN_POINT('',(72.164825445073,64.,153.88228567653));
#7848 = SURFACE_CURVE('',#7849,(#7861,#7876),.PCURVE_S1.);
#7849 = ( BOUNDED_CURVE() B_SPLINE_CURVE(10,(#7850,#7851,#7852,#7853,
    #7854,#7855,#7856,#7857,#7858,#7859,#7860),.UNSPECIFIED.,.F.,.F.) 
B_SPLINE_CURVE_WITH_KNOTS((11,11),(60.962049552989,152.857523628),
.PIECEWISE_BEZIER_KNOTS.) CURVE() GEOMETRIC_REPRESENTATION_ITEM() 
RATIONAL_B_SPLINE_CURVE((1.,1.,1.,1.,1.,1.,1.,1.,1.,1.,1.)) 
REPRESENTATION_ITEM('') );
#7850 = CARTESIAN_POINT('',(84.227167008273,109.00001065749,
    108.86501410442));
#7851 = CARTESIAN_POINT('',(82.470379457428,109.00304767811,
    115.42143450228));
#7852 = CARTESIAN_POINT('',(80.734024266739,107.95553312828,
    121.90160029391));
#7853 = CARTESIAN_POINT('',(79.019423555513,105.8990504175,
    128.3005772629));
#7854 = CARTESIAN_POINT('',(77.332063562996,102.75089628059,
    134.59789048563));
#7855 = CARTESIAN_POINT('',(75.728056076112,98.328090954617,
    140.58412792241));
#7856 = CARTESIAN_POINT('',(74.327412681314,92.64204449371,
    145.81140023508));
#7857 = CARTESIAN_POINT('',(73.233801003341,85.949259638149,
    149.89281458103));
#7858 = CARTESIAN_POINT('',(72.511446158074,78.670811011801,
    152.58867956466));
#7859 = CARTESIAN_POINT('',(72.164825445072,71.241657884005,
    153.88228567653));
#7860 = CARTESIAN_POINT('',(72.164825445073,64.,153.88228567653));
#7861 = PCURVE('',#3386,#7862);
#7862 = DEFINITIONAL_REPRESENTATION('',(#7863),#7875);
#7863 = B_SPLINE_CURVE_WITH_KNOTS('',10,(#7864,#7865,#7866,#7867,#7868,
    #7869,#7870,#7871,#7872,#7873,#7874),.UNSPECIFIED.,.F.,.F.,(11,11),(
    60.962049552989,152.857523628),.PIECEWISE_BEZIER_KNOTS.);
#7864 = CARTESIAN_POINT('',(112.70535598231,-109.0000106574));
#7865 = CARTESIAN_POINT('',(119.49306184897,-109.0030476781));
#7866 = CARTESIAN_POINT('',(126.20182313817,-107.9555331282));
#7867 = CARTESIAN_POINT('',(132.82653157313,-105.8990504175));
#7868 = CARTESIAN_POINT('',(139.34598995325,-102.7508962805));
#7869 = CARTESIAN_POINT('',(145.54339898176,-98.32809095464));
#7870 = CARTESIAN_POINT('',(150.95506949565,-92.64204449369));
#7871 = CARTESIAN_POINT('',(155.18046055034,-85.94925963816));
#7872 = CARTESIAN_POINT('',(157.97142535353,-78.67081101179));
#7873 = CARTESIAN_POINT('',(159.31066494797,-71.241657884));
#7874 = CARTESIAN_POINT('',(159.31066494797,-64.));
#7875 = ( GEOMETRIC_REPRESENTATION_CONTEXT(2) 
PARAMETRIC_REPRESENTATION_CONTEXT() REPRESENTATION_CONTEXT('2D SPACE',''
  ) );
#7876 = PCURVE('',#3487,#7877);
#7877 = DEFINITIONAL_REPRESENTATION('',(#7878),#7882);
#7878 = LINE('',#7879,#7880);
#7879 = CARTESIAN_POINT('',(0.,0.));
#7880 = VECTOR('',#7881,1.);
#7881 = DIRECTION('',(0.,1.));
#7882 = ( GEOMETRIC_REPRESENTATION_CONTEXT(2) 
PARAMETRIC_REPRESENTATION_CONTEXT() REPRESENTATION_CONTEXT('2D SPACE',''
  ) );
#7883 = ORIENTED_EDGE('',*,*,#7884,.T.);
#7884 = EDGE_CURVE('',#7846,#7885,#7887,.T.);
#7885 = VERTEX_POINT('',#7886);
#7886 = CARTESIAN_POINT('',(72.164825445072,-64.,153.88228567653));
#7887 = SURFACE_CURVE('',#7888,(#7892,#7899),.PCURVE_S1.);
#7888 = LINE('',#7889,#7890);
#7889 = CARTESIAN_POINT('',(72.164825445072,64.,153.88228567653));
#7890 = VECTOR('',#7891,1.);
#7891 = DIRECTION('',(0.,-1.,0.));
#7892 = PCURVE('',#3386,#7893);
#7893 = DEFINITIONAL_REPRESENTATION('',(#7894),#7898);
#7894 = LINE('',#7895,#7896);
#7895 = CARTESIAN_POINT('',(159.31066494797,-64.));
#7896 = VECTOR('',#7897,1.);
#7897 = DIRECTION('',(0.,1.));
#7898 = ( GEOMETRIC_REPRESENTATION_CONTEXT(2) 
PARAMETRIC_REPRESENTATION_CONTEXT() REPRESENTATION_CONTEXT('2D SPACE',''
  ) );
#7899 = PCURVE('',#7900,#7905);
#7900 = CYLINDRICAL_SURFACE('',#7901,15.);
#7901 = AXIS2_PLACEMENT_3D('',#7902,#7903,#7904);
#7902 = CARTESIAN_POINT('',(57.675938050736,64.,150.));
#7903 = DIRECTION('',(0.,-1.,0.));
#7904 = DIRECTION('',(0.965925826289,0.,0.258819045103));
#7905 = DEFINITIONAL_REPRESENTATION('',(#7906),#7910);
#7906 = LINE('',#7907,#7908);
#7907 = CARTESIAN_POINT('',(0.,0.));
#7908 = VECTOR('',#7909,1.);
#7909 = DIRECTION('',(0.,1.));
#7910 = ( GEOMETRIC_REPRESENTATION_CONTEXT(2) 
PARAMETRIC_REPRESENTATION_CONTEXT() REPRESENTATION_CONTEXT('2D SPACE',''
  ) );
#7911 = ORIENTED_EDGE('',*,*,#7912,.T.);
#7912 = EDGE_CURVE('',#7885,#7799,#7913,.T.);
#7913 = SURFACE_CURVE('',#7914,(#7926,#7941),.PCURVE_S1.);
#7914 = ( BOUNDED_CURVE() B_SPLINE_CURVE(10,(#7915,#7916,#7917,#7918,
    #7919,#7920,#7921,#7922,#7923,#7924,#7925),.UNSPECIFIED.,.F.,.F.) 
B_SPLINE_CURVE_WITH_KNOTS((11,11),(280.857523628,372.75299770301),
.PIECEWISE_BEZIER_KNOTS.) CURVE() GEOMETRIC_REPRESENTATION_ITEM() 
RATIONAL_B_SPLINE_CURVE((1.,1.,1.,1.,1.,1.,1.,1.,1.,1.,1.)) 
REPRESENTATION_ITEM('') );
#7915 = CARTESIAN_POINT('',(72.164825445073,-64.,153.88228567653));
#7916 = CARTESIAN_POINT('',(72.164825445073,-71.241657884,
    153.88228567653));
#7917 = CARTESIAN_POINT('',(72.511446158074,-78.67081101179,
    152.58867956466));
#7918 = CARTESIAN_POINT('',(73.233801003342,-85.94925963815,
    149.89281458103));
#7919 = CARTESIAN_POINT('',(74.327412681313,-92.6420444937,
    145.81140023508));
#7920 = CARTESIAN_POINT('',(75.728056076113,-98.32809095461,
    140.58412792241));
#7921 = CARTESIAN_POINT('',(77.332063562995,-102.7508962805,
    134.59789048563));
#7922 = CARTESIAN_POINT('',(79.019423555514,-105.8990504175,
    128.3005772629));
#7923 = CARTESIAN_POINT('',(80.734024266739,-107.9555331282,
    121.90160029391));
#7924 = CARTESIAN_POINT('',(82.470379457428,-109.0030476781,
    115.42143450228));
#7925 = CARTESIAN_POINT('',(84.227167008273,-109.0000106574,
    108.86501410442));
#7926 = PCURVE('',#3386,#7927);
#7927 = DEFINITIONAL_REPRESENTATION('',(#7928),#7940);
#7928 = B_SPLINE_CURVE_WITH_KNOTS('',10,(#7929,#7930,#7931,#7932,#7933,
    #7934,#7935,#7936,#7937,#7938,#7939),.UNSPECIFIED.,.F.,.F.,(11,11),(
    280.857523628,372.75299770301),.PIECEWISE_BEZIER_KNOTS.);
#7929 = CARTESIAN_POINT('',(159.31066494797,64.));
#7930 = CARTESIAN_POINT('',(159.31066494798,71.241657884007));
#7931 = CARTESIAN_POINT('',(157.9714253535,78.670811011792));
#7932 = CARTESIAN_POINT('',(155.18046055041,85.949259638171));
#7933 = CARTESIAN_POINT('',(150.95506949555,92.642044493678));
#7934 = CARTESIAN_POINT('',(145.54339898188,98.328090954651));
#7935 = CARTESIAN_POINT('',(139.34598995315,102.75089628057));
#7936 = CARTESIAN_POINT('',(132.82653157319,105.89905041751));
#7937 = CARTESIAN_POINT('',(126.20182313814,107.95553312828));
#7938 = CARTESIAN_POINT('',(119.49306184898,109.00304767811));
#7939 = CARTESIAN_POINT('',(112.70535598231,109.00001065749));
#7940 = ( GEOMETRIC_REPRESENTATION_CONTEXT(2) 
PARAMETRIC_REPRESENTATION_CONTEXT() REPRESENTATION_CONTEXT('2D SPACE',''
  ) );
#7941 = PCURVE('',#7942,#7976);
#7942 = ( BOUNDED_SURFACE() B_SPLINE_SURFACE(2,10,(
    (#7943,#7944,#7945,#7946,#7947,#7948,#7949,#7950,#7951,#7952,#7953)
    ,(#7954,#7955,#7956,#7957,#7958,#7959,#7960,#7961,#7962,#7963,#7964)
    ,(#7965,#7966,#7967,#7968,#7969,#7970,#7971,#7972,#7973,#7974,#7975
)),.UNSPECIFIED.,.F.,.F.,.F.) B_SPLINE_SURFACE_WITH_KNOTS((3,3),(11,11),
  (0.,91.895474075015),(280.857523628,372.75299770301),
.PIECEWISE_BEZIER_KNOTS.) GEOMETRIC_REPRESENTATION_ITEM() 
RATIONAL_B_SPLINE_SURFACE((
    (1.,1.,1.,1.,1.,1.,1.,1.,1.,1.,1.)
    ,(0.793353340291,0.793353340291,0.791086116162,0.786474324654
      ,0.779538658734,0.770535384159,0.759639347791,0.747526396508
      ,0.734628875021,0.721093394105,0.707106781187)
,(1.,1.,1.,1.,1.,1.,1.,1.,1.,1.,1.
  ))) REPRESENTATION_ITEM('') SURFACE() );
#7943 = CARTESIAN_POINT('',(72.164825445073,-64.,153.88228567653));
#7944 = CARTESIAN_POINT('',(72.164825445073,-71.241657884,
    153.88228567653));
#7945 = CARTESIAN_POINT('',(72.511446158074,-78.67081101179,
    152.58867956466));
#7946 = CARTESIAN_POINT('',(73.233801003342,-85.94925963815,
    149.89281458103));
#7947 = CARTESIAN_POINT('',(74.327412681313,-92.6420444937,
    145.81140023508));
#7948 = CARTESIAN_POINT('',(75.728056076113,-98.32809095461,
    140.58412792241));
#7949 = CARTESIAN_POINT('',(77.332063562995,-102.7508962805,
    134.59789048563));
#7950 = CARTESIAN_POINT('',(79.019423555514,-105.8990504175,
    128.3005772629));
#7951 = CARTESIAN_POINT('',(80.734024266739,-107.9555331282,
    121.90160029391));
#7952 = CARTESIAN_POINT('',(82.470379457428,-109.0030476781,
    115.42143450228));
#7953 = CARTESIAN_POINT('',(84.227167008273,-109.0000106574,
    108.86501410442));
#7954 = CARTESIAN_POINT('',(69.185842870421,-64.,165.));
#7955 = CARTESIAN_POINT('',(69.185842870421,-73.0362458032,165.));
#7956 = CARTESIAN_POINT('',(69.591082513742,-82.25885134437,
    163.48762506188));
#7957 = CARTESIAN_POINT('',(70.429426578958,-91.32562835622,
    160.35888241627));
#7958 = CARTESIAN_POINT('',(71.698555506602,-99.79438084962,
    155.62242877695));
#7959 = CARTESIAN_POINT('',(73.344576626668,-107.2180342376,
    149.47939432653));
#7960 = CARTESIAN_POINT('',(75.259589212029,-113.296085396,
    142.33247006082));
#7961 = CARTESIAN_POINT('',(77.342246924907,-118.0065547047,
    134.5598856616));
#7962 = CARTESIAN_POINT('',(79.549250562954,-121.3897879648,
    126.32323595191));
#7963 = CARTESIAN_POINT('',(81.853399560095,-123.4181085378,
    117.72403482637));
#7964 = CARTESIAN_POINT('',(84.222539104473,-124.,108.88228567653));
#7965 = CARTESIAN_POINT('',(57.675938050736,-64.,165.));
#7966 = CARTESIAN_POINT('',(57.675938050737,-73.5007193348,165.));
#7967 = CARTESIAN_POINT('',(58.012117538121,-83.12187296437,
    163.32839409732));
#7968 = CARTESIAN_POINT('',(58.699662833631,-92.49199437106,
    159.91416734438));
#7969 = CARTESIAN_POINT('',(59.731385948862,-101.1684010714,
    154.79412525642));
#7970 = CARTESIAN_POINT('',(61.063451660352,-108.7142713563,
    148.19047819016));
#7971 = CARTESIAN_POINT('',(62.61077370522,-114.8192817867,
    140.4709602664));
#7972 = CARTESIAN_POINT('',(64.295662808692,-119.3815342711,
    132.0663678852));
#7973 = CARTESIAN_POINT('',(66.066789141357,-122.4425559806,
    123.24679243531));
#7974 = CARTESIAN_POINT('',(67.890649425294,-124.,114.17090639264));
#7975 = CARTESIAN_POINT('',(69.733651710137,-124.,105.));
#7976 = DEFINITIONAL_REPRESENTATION('',(#7977),#7981);
#7977 = LINE('',#7978,#7979);
#7978 = CARTESIAN_POINT('',(0.,0.));
#7979 = VECTOR('',#7980,1.);
#7980 = DIRECTION('',(0.,1.));
#7981 = ( GEOMETRIC_REPRESENTATION_CONTEXT(2) 
PARAMETRIC_REPRESENTATION_CONTEXT() REPRESENTATION_CONTEXT('2D SPACE',''
  ) );
#7982 = ADVANCED_FACE('',(#7983),#3487,.T.);
#7983 = FACE_BOUND('',#7984,.T.);
#7984 = EDGE_LOOP('',(#7985,#7986,#7987,#8014));
#7985 = ORIENTED_EDGE('',*,*,#3473,.T.);
#7986 = ORIENTED_EDGE('',*,*,#3641,.T.);
#7987 = ORIENTED_EDGE('',*,*,#7988,.F.);
#7988 = EDGE_CURVE('',#7846,#3642,#7989,.T.);
#7989 = SURFACE_CURVE('',#7990,(#7994,#8000),.PCURVE_S1.);
#7990 = ( BOUNDED_CURVE() B_SPLINE_CURVE(2,(#7991,#7992,#7993),
.UNSPECIFIED.,.F.,.F.) B_SPLINE_CURVE_WITH_KNOTS((3,3),(0.,
91.895474075015),.PIECEWISE_BEZIER_KNOTS.) CURVE() 
GEOMETRIC_REPRESENTATION_ITEM() RATIONAL_B_SPLINE_CURVE((1.,
0.793353340291,1.)) REPRESENTATION_ITEM('') );
#7991 = CARTESIAN_POINT('',(72.164825445073,64.,153.88228567653));
#7992 = CARTESIAN_POINT('',(69.185842870421,64.,165.));
#7993 = CARTESIAN_POINT('',(57.675938050736,64.,165.));
#7994 = PCURVE('',#3487,#7995);
#7995 = DEFINITIONAL_REPRESENTATION('',(#7996),#7999);
#7996 = B_SPLINE_CURVE_WITH_KNOTS('',1,(#7997,#7998),.UNSPECIFIED.,.F.,
  .F.,(2,2),(0.,91.895474075015),.PIECEWISE_BEZIER_KNOTS.);
#7997 = CARTESIAN_POINT('',(0.,152.857523628));
#7998 = CARTESIAN_POINT('',(91.895474075015,152.857523628));
#7999 = ( GEOMETRIC_REPRESENTATION_CONTEXT(2) 
PARAMETRIC_REPRESENTATION_CONTEXT() REPRESENTATION_CONTEXT('2D SPACE',''
  ) );
#8000 = PCURVE('',#7900,#8001);
#8001 = DEFINITIONAL_REPRESENTATION('',(#8002),#8013);
#8002 = B_SPLINE_CURVE_WITH_KNOTS('',9,(#8003,#8004,#8005,#8006,#8007,
    #8008,#8009,#8010,#8011,#8012),.UNSPECIFIED.,.F.,.F.,(10,10),(0.,
    91.895474075015),.PIECEWISE_BEZIER_KNOTS.);
#8003 = CARTESIAN_POINT('',(-5.551115123126E-16,0.));
#8004 = CARTESIAN_POINT('',(0.135280317557,0.));
#8005 = CARTESIAN_POINT('',(0.277549342265,0.));
#8006 = CARTESIAN_POINT('',(0.425636543433,0.));
#8007 = CARTESIAN_POINT('',(0.577710383754,0.));
#8008 = CARTESIAN_POINT('',(0.731286555242,0.));
#8009 = CARTESIAN_POINT('',(0.883360395563,0.));
#8010 = CARTESIAN_POINT('',(1.031447596731,0.));
#8011 = CARTESIAN_POINT('',(1.173716621438,0.));
#8012 = CARTESIAN_POINT('',(1.308996938996,0.));
#8013 = ( GEOMETRIC_REPRESENTATION_CONTEXT(2) 
PARAMETRIC_REPRESENTATION_CONTEXT() REPRESENTATION_CONTEXT('2D SPACE',''
  ) );
#8014 = ORIENTED_EDGE('',*,*,#7845,.F.);
#8015 = ADVANCED_FACE('',(#8016),#3572,.T.);
#8016 = FACE_BOUND('',#8017,.T.);
#8017 = EDGE_LOOP('',(#8018,#8079,#8080,#8081,#8104,#8132,#8155,#8283));
#8018 = ORIENTED_EDGE('',*,*,#8019,.F.);
#8019 = EDGE_CURVE('',#3557,#8020,#8022,.T.);
#8020 = VERTEX_POINT('',#8021);
#8021 = CARTESIAN_POINT('',(-121.4851556634,108.99999999998,50.));
#8022 = SURFACE_CURVE('',#8023,(#8046,#8072),.PCURVE_S1.);
#8023 = ( BOUNDED_CURVE() B_SPLINE_CURVE(11,(#8024,#8025,#8026,#8027,
    #8028,#8029,#8030,#8031,#8032,#8033,#8034,#8035,#8036,#8037,#8038,
    #8039,#8040,#8041,#8042,#8043,#8044,#8045),.UNSPECIFIED.,.F.,.F.) 
B_SPLINE_CURVE_WITH_KNOTS((12,10,12),(-6.004169343821,0.,23.979333426363
),.UNSPECIFIED.) CURVE() GEOMETRIC_REPRESENTATION_ITEM() 
RATIONAL_B_SPLINE_CURVE((1.,1.,1.,1.000000000001,0.999999999999,
    1.000000000001,0.999999999999,1.000000000001,1.,1.,1.,1.,1.,
    0.999999999999,1.000000000001,0.999999999999,1.000000000001,
0.999999999999,1.000000000001,1.,1.,1.)) REPRESENTATION_ITEM('') );
#8024 = CARTESIAN_POINT('',(-71.39248365703,151.43921456952,50.));
#8025 = CARTESIAN_POINT('',(-72.194594302,151.39405011687,50.));
#8026 = CARTESIAN_POINT('',(-72.9689343657,151.30168459034,
    50.000000000001));
#8027 = CARTESIAN_POINT('',(-73.78448926185,151.19807659602,
    49.999999999999));
#8028 = CARTESIAN_POINT('',(-74.71378283357,151.1109637312,
    50.000000000002));
#8029 = CARTESIAN_POINT('',(-75.80464224266,151.04799004892,
    49.999999999997));
#8030 = CARTESIAN_POINT('',(-77.10301922708,151.03169004089,
    50.000000000003));
#8031 = CARTESIAN_POINT('',(-78.53513996668,150.99076590818,
    49.999999999998));
#8032 = CARTESIAN_POINT('',(-80.0223612773,150.91213520009,
    50.000000000001));
#8033 = CARTESIAN_POINT('',(-81.52118613055,150.78355186505,50.));
#8034 = CARTESIAN_POINT('',(-83.00471104399,150.60396236668,50.));
#8035 = CARTESIAN_POINT('',(-90.32632334814,149.45804894829,50.));
#8036 = CARTESIAN_POINT('',(-95.90375591939,147.74594297587,
    50.000000000001));
#8037 = CARTESIAN_POINT('',(-101.1098188333,145.31398074794,
    49.999999999998));
#8038 = CARTESIAN_POINT('',(-105.8692973611,142.23301822666,
    50.000000000004));
#8039 = CARTESIAN_POINT('',(-110.1158613609,138.57316866908,
    49.999999999994));
#8040 = CARTESIAN_POINT('',(-113.7860895513,134.40238395035,
    50.000000000006));
#8041 = CARTESIAN_POINT('',(-116.8149722162,129.79344529013,
    49.999999999995));
#8042 = CARTESIAN_POINT('',(-119.1378936349,124.83513409933,
    50.000000000003));
#8043 = CARTESIAN_POINT('',(-120.7026272126,119.63655747328,
    49.999999999999));
#8044 = CARTESIAN_POINT('',(-121.4851556634,114.31827359746,50.));
#8045 = CARTESIAN_POINT('',(-121.4851556634,108.99999999998,50.));
#8046 = PCURVE('',#3572,#8047);
#8047 = DEFINITIONAL_REPRESENTATION('',(#8048),#8071);
#8048 = B_SPLINE_CURVE_WITH_KNOTS('',11,(#8049,#8050,#8051,#8052,#8053,
    #8054,#8055,#8056,#8057,#8058,#8059,#8060,#8061,#8062,#8063,#8064,
    #8065,#8066,#8067,#8068,#8069,#8070),.UNSPECIFIED.,.F.,.F.,(12,10,12
    ),(-6.004169343821,0.,23.979333426363),.UNSPECIFIED.);
#8049 = CARTESIAN_POINT('',(136.10751634296,275.43921456952));
#8050 = CARTESIAN_POINT('',(135.30540569799,275.39405011688));
#8051 = CARTESIAN_POINT('',(134.53106563427,275.30168459027));
#8052 = CARTESIAN_POINT('',(133.71551073817,275.1980765962));
#8053 = CARTESIAN_POINT('',(132.78621716636,275.1109637309));
#8054 = CARTESIAN_POINT('',(131.69535775742,275.04799004931));
#8055 = CARTESIAN_POINT('',(130.39698077283,275.03169004053));
#8056 = CARTESIAN_POINT('',(128.96486003336,274.99076590843));
#8057 = CARTESIAN_POINT('',(127.47763872267,274.91213519996));
#8058 = CARTESIAN_POINT('',(125.97881386945,274.78355186509));
#8059 = CARTESIAN_POINT('',(124.495288956,274.60396236668));
#8060 = CARTESIAN_POINT('',(117.17367665184,273.45804894829));
#8061 = CARTESIAN_POINT('',(111.59624408062,271.7459429759));
#8062 = CARTESIAN_POINT('',(106.39018116659,269.31398074785));
#8063 = CARTESIAN_POINT('',(101.63070263895,266.23301822681));
#8064 = CARTESIAN_POINT('',(97.384138638892,262.57316866889));
#8065 = CARTESIAN_POINT('',(93.713910448738,258.40238395053));
#8066 = CARTESIAN_POINT('',(90.685027783671,253.79344529));
#8067 = CARTESIAN_POINT('',(88.362106365131,248.83513409941));
#8068 = CARTESIAN_POINT('',(86.797372787337,243.63655747325));
#8069 = CARTESIAN_POINT('',(86.014844336591,238.31827359747));
#8070 = CARTESIAN_POINT('',(86.014844336589,232.99999999998));
#8071 = ( GEOMETRIC_REPRESENTATION_CONTEXT(2) 
PARAMETRIC_REPRESENTATION_CONTEXT() REPRESENTATION_CONTEXT('2D SPACE',''
  ) );
#8072 = PCURVE('',#3947,#8073);
#8073 = DEFINITIONAL_REPRESENTATION('',(#8074),#8078);
#8074 = LINE('',#8075,#8076);
#8075 = CARTESIAN_POINT('',(0.,0.));
#8076 = VECTOR('',#8077,1.);
#8077 = DIRECTION('',(0.,1.));
#8078 = ( GEOMETRIC_REPRESENTATION_CONTEXT(2) 
PARAMETRIC_REPRESENTATION_CONTEXT() REPRESENTATION_CONTEXT('2D SPACE',''
  ) );
#8079 = ORIENTED_EDGE('',*,*,#3556,.F.);
#8080 = ORIENTED_EDGE('',*,*,#7769,.F.);
#8081 = ORIENTED_EDGE('',*,*,#8082,.F.);
#8082 = EDGE_CURVE('',#8083,#7746,#8085,.T.);
#8083 = VERTEX_POINT('',#8084);
#8084 = CARTESIAN_POINT('',(-199.5,-69.,50.));
#8085 = SURFACE_CURVE('',#8086,(#8090,#8097),.PCURVE_S1.);
#8086 = LINE('',#8087,#8088);
#8087 = CARTESIAN_POINT('',(-199.5,-69.,50.));
#8088 = VECTOR('',#8089,1.);
#8089 = DIRECTION('',(-0.,1.,0.));
#8090 = PCURVE('',#3572,#8091);
#8091 = DEFINITIONAL_REPRESENTATION('',(#8092),#8096);
#8092 = LINE('',#8093,#8094);
#8093 = CARTESIAN_POINT('',(8.,55.));
#8094 = VECTOR('',#8095,1.);
#8095 = DIRECTION('',(0.,1.));
#8096 = ( GEOMETRIC_REPRESENTATION_CONTEXT(2) 
PARAMETRIC_REPRESENTATION_CONTEXT() REPRESENTATION_CONTEXT('2D SPACE',''
  ) );
#8097 = PCURVE('',#5248,#8098);
#8098 = DEFINITIONAL_REPRESENTATION('',(#8099),#8103);
#8099 = LINE('',#8100,#8101);
#8100 = CARTESIAN_POINT('',(1.570796326795,0.));
#8101 = VECTOR('',#8102,1.);
#8102 = DIRECTION('',(0.,1.));
#8103 = ( GEOMETRIC_REPRESENTATION_CONTEXT(2) 
PARAMETRIC_REPRESENTATION_CONTEXT() REPRESENTATION_CONTEXT('2D SPACE',''
  ) );
#8104 = ORIENTED_EDGE('',*,*,#8105,.F.);
#8105 = EDGE_CURVE('',#8106,#8083,#8108,.T.);
#8106 = VERTEX_POINT('',#8107);
#8107 = CARTESIAN_POINT('',(-152.5,-116.,50.));
#8108 = SURFACE_CURVE('',#8109,(#8114,#8125),.PCURVE_S1.);
#8109 = CIRCLE('',#8110,47.);
#8110 = AXIS2_PLACEMENT_3D('',#8111,#8112,#8113);
#8111 = CARTESIAN_POINT('',(-152.5,-69.,50.));
#8112 = DIRECTION('',(-0.,-0.,-1.));
#8113 = DIRECTION('',(0.,-1.,0.));
#8114 = PCURVE('',#3572,#8115);
#8115 = DEFINITIONAL_REPRESENTATION('',(#8116),#8124);
#8116 = ( BOUNDED_CURVE() B_SPLINE_CURVE(2,(#8117,#8118,#8119,#8120,
#8121,#8122,#8123),.UNSPECIFIED.,.T.,.F.) B_SPLINE_CURVE_WITH_KNOTS((1,2
    ,2,2,2,1),(-2.094395102393,0.,2.094395102393,4.188790204786,
6.28318530718,8.377580409573),.UNSPECIFIED.) CURVE() 
GEOMETRIC_REPRESENTATION_ITEM() RATIONAL_B_SPLINE_CURVE((1.,0.5,1.,0.5,
1.,0.5,1.)) REPRESENTATION_ITEM('') );
#8117 = CARTESIAN_POINT('',(55.,8.));
#8118 = CARTESIAN_POINT('',(-26.40638795573,8.));
#8119 = CARTESIAN_POINT('',(14.296806022131,78.5));
#8120 = CARTESIAN_POINT('',(55.,149.));
#8121 = CARTESIAN_POINT('',(95.703193977869,78.5));
#8122 = CARTESIAN_POINT('',(136.40638795573,8.));
#8123 = CARTESIAN_POINT('',(55.,8.));
#8124 = ( GEOMETRIC_REPRESENTATION_CONTEXT(2) 
PARAMETRIC_REPRESENTATION_CONTEXT() REPRESENTATION_CONTEXT('2D SPACE',''
  ) );
#8125 = PCURVE('',#5303,#8126);
#8126 = DEFINITIONAL_REPRESENTATION('',(#8127),#8131);
#8127 = LINE('',#8128,#8129);
#8128 = CARTESIAN_POINT('',(-0.,1.570796326795));
#8129 = VECTOR('',#8130,1.);
#8130 = DIRECTION('',(-1.,0.));
#8131 = ( GEOMETRIC_REPRESENTATION_CONTEXT(2) 
PARAMETRIC_REPRESENTATION_CONTEXT() REPRESENTATION_CONTEXT('2D SPACE',''
  ) );
#8132 = ORIENTED_EDGE('',*,*,#8133,.F.);
#8133 = EDGE_CURVE('',#8134,#8106,#8136,.T.);
#8134 = VERTEX_POINT('',#8135);
#8135 = CARTESIAN_POINT('',(-120.8646493323,-116.,50.));
#8136 = SURFACE_CURVE('',#8137,(#8141,#8148),.PCURVE_S1.);
#8137 = LINE('',#8138,#8139);
#8138 = CARTESIAN_POINT('',(-118.5594608429,-116.,50.));
#8139 = VECTOR('',#8140,1.);
#8140 = DIRECTION('',(-1.,-0.,0.));
#8141 = PCURVE('',#3572,#8142);
#8142 = DEFINITIONAL_REPRESENTATION('',(#8143),#8147);
#8143 = LINE('',#8144,#8145);
#8144 = CARTESIAN_POINT('',(88.94053915705,8.));
#8145 = VECTOR('',#8146,1.);
#8146 = DIRECTION('',(-1.,0.));
#8147 = ( GEOMETRIC_REPRESENTATION_CONTEXT(2) 
PARAMETRIC_REPRESENTATION_CONTEXT() REPRESENTATION_CONTEXT('2D SPACE',''
  ) );
#8148 = PCURVE('',#5359,#8149);
#8149 = DEFINITIONAL_REPRESENTATION('',(#8150),#8154);
#8150 = LINE('',#8151,#8152);
#8151 = CARTESIAN_POINT('',(1.570796326795,0.));
#8152 = VECTOR('',#8153,1.);
#8153 = DIRECTION('',(0.,1.));
#8154 = ( GEOMETRIC_REPRESENTATION_CONTEXT(2) 
PARAMETRIC_REPRESENTATION_CONTEXT() REPRESENTATION_CONTEXT('2D SPACE',''
  ) );
#8155 = ORIENTED_EDGE('',*,*,#8156,.F.);
#8156 = EDGE_CURVE('',#8157,#8134,#8159,.T.);
#8157 = VERTEX_POINT('',#8158);
#8158 = CARTESIAN_POINT('',(-121.4851556634,-109.,50.));
#8159 = SURFACE_CURVE('',#8160,(#8183,#8209),.PCURVE_S1.);
#8160 = ( BOUNDED_CURVE() B_SPLINE_CURVE(11,(#8161,#8162,#8163,#8164,
    #8165,#8166,#8167,#8168,#8169,#8170,#8171,#8172,#8173,#8174,#8175,
    #8176,#8177,#8178,#8179,#8180,#8181,#8182),.UNSPECIFIED.,.F.,.F.) 
B_SPLINE_CURVE_WITH_KNOTS((12,10,12),(241.97933342636,265.95866685272,
271.96283619654),.UNSPECIFIED.) CURVE() GEOMETRIC_REPRESENTATION_ITEM() 
RATIONAL_B_SPLINE_CURVE((1.,1.,1.,1.,1.000000000001,0.999999999999,
    1.000000000001,0.999999999999,1.,1.,1.,1.,1.,0.999999999999,
    1.000000000002,0.999999999998,1.000000000002,0.999999999999,
1.000000000001,1.,1.,1.)) REPRESENTATION_ITEM('') );
#8161 = CARTESIAN_POINT('',(-121.4851556634,-109.,50.));
#8162 = CARTESIAN_POINT('',(-121.4851556634,-114.3182735974,50.));
#8163 = CARTESIAN_POINT('',(-120.7026272126,-119.6365574733,
    50.000000000001));
#8164 = CARTESIAN_POINT('',(-119.1378936348,-124.8351340993,
    49.999999999998));
#8165 = CARTESIAN_POINT('',(-116.8149722162,-129.7934452901,
    50.000000000003));
#8166 = CARTESIAN_POINT('',(-113.7860895513,-134.4023839503,
    49.999999999995));
#8167 = CARTESIAN_POINT('',(-110.1158613609,-138.573168669,
    50.000000000005));
#8168 = CARTESIAN_POINT('',(-105.8692973611,-142.2330182266,
    49.999999999995));
#8169 = CARTESIAN_POINT('',(-101.1098188333,-145.3139807479,
    50.000000000003));
#8170 = CARTESIAN_POINT('',(-95.90375591935,-147.7459429758,
    49.999999999999));
#8171 = CARTESIAN_POINT('',(-90.32632334817,-149.4580489482,50.));
#8172 = CARTESIAN_POINT('',(-83.00471104399,-150.6039623666,50.));
#8173 = CARTESIAN_POINT('',(-81.52118613055,-150.783551865,
    50.000000000001));
#8174 = CARTESIAN_POINT('',(-80.0223612773,-150.9121352,49.999999999997)
  );
#8175 = CARTESIAN_POINT('',(-78.53513996667,-150.9907659081,
    50.000000000006));
#8176 = CARTESIAN_POINT('',(-77.1030192271,-151.0316900408,
    49.999999999992));
#8177 = CARTESIAN_POINT('',(-75.80464224264,-151.0479900489,
    50.000000000008));
#8178 = CARTESIAN_POINT('',(-74.71378283358,-151.1109637312,
    49.999999999994));
#8179 = CARTESIAN_POINT('',(-73.78448926185,-151.198076596,
    50.000000000003));
#8180 = CARTESIAN_POINT('',(-72.96893436571,-151.3016845903,
    49.999999999999));
#8181 = CARTESIAN_POINT('',(-72.19459430201,-151.3940501168,50.));
#8182 = CARTESIAN_POINT('',(-71.39248365703,-151.4392145695,50.));
#8183 = PCURVE('',#3572,#8184);
#8184 = DEFINITIONAL_REPRESENTATION('',(#8185),#8208);
#8185 = B_SPLINE_CURVE_WITH_KNOTS('',11,(#8186,#8187,#8188,#8189,#8190,
    #8191,#8192,#8193,#8194,#8195,#8196,#8197,#8198,#8199,#8200,#8201,
    #8202,#8203,#8204,#8205,#8206,#8207),.UNSPECIFIED.,.F.,.F.,(12,10,12
    ),(241.97933342636,265.95866685272,271.96283619654),.UNSPECIFIED.);
#8186 = CARTESIAN_POINT('',(86.014844336589,14.999999999992));
#8187 = CARTESIAN_POINT('',(86.014844336589,9.681726402583));
#8188 = CARTESIAN_POINT('',(86.797372787352,4.363442526644));
#8189 = CARTESIAN_POINT('',(88.36210636509,-0.835134099305));
#8190 = CARTESIAN_POINT('',(90.68502778378,-5.793445290136));
#8191 = CARTESIAN_POINT('',(93.713910448567,-10.40238395035));
#8192 = CARTESIAN_POINT('',(97.384138639088,-14.5731686691));
#8193 = CARTESIAN_POINT('',(101.63070263881,-18.23301822664));
#8194 = CARTESIAN_POINT('',(106.39018116666,-21.31398074795));
#8195 = CARTESIAN_POINT('',(111.59624408063,-23.74594297587));
#8196 = CARTESIAN_POINT('',(117.17367665183,-25.45804894829));
#8197 = CARTESIAN_POINT('',(124.49528895599,-26.60396236668));
#8198 = CARTESIAN_POINT('',(125.97881386947,-26.78355186506));
#8199 = CARTESIAN_POINT('',(127.47763872261,-26.91213520007));
#8200 = CARTESIAN_POINT('',(128.96486003347,-26.99076590822));
#8201 = CARTESIAN_POINT('',(130.39698077271,-27.03169004084));
#8202 = CARTESIAN_POINT('',(131.69535775753,-27.04799004897));
#8203 = CARTESIAN_POINT('',(132.78621716628,-27.11096373116));
#8204 = CARTESIAN_POINT('',(133.71551073821,-27.19807659604));
#8205 = CARTESIAN_POINT('',(134.53106563426,-27.30168459033));
#8206 = CARTESIAN_POINT('',(135.30540569799,-27.39405011687));
#8207 = CARTESIAN_POINT('',(136.10751634296,-27.43921456952));
#8208 = ( GEOMETRIC_REPRESENTATION_CONTEXT(2) 
PARAMETRIC_REPRESENTATION_CONTEXT() REPRESENTATION_CONTEXT('2D SPACE',''
  ) );
#8209 = PCURVE('',#8210,#8277);
#8210 = ( BOUNDED_SURFACE() B_SPLINE_SURFACE(2,11,(
    (#8211,#8212,#8213,#8214,#8215,#8216,#8217,#8218,#8219,#8220,#8221
      ,#8222,#8223,#8224,#8225,#8226,#8227,#8228,#8229,#8230,#8231,#8232
      )
    ,(#8233,#8234,#8235,#8236,#8237,#8238,#8239,#8240,#8241,#8242,#8243
      ,#8244,#8245,#8246,#8247,#8248,#8249,#8250,#8251,#8252,#8253,#8254
      )
    ,(#8255,#8256,#8257,#8258,#8259,#8260,#8261,#8262,#8263,#8264,#8265
      ,#8266,#8267,#8268,#8269,#8270,#8271,#8272,#8273,#8274,#8275,#8276
)),.UNSPECIFIED.,.F.,.F.,.F.) B_SPLINE_SURFACE_WITH_KNOTS((3,3),(12,10,
    12),(0.,29.98350277018),(241.97933342636,265.95866685272,
271.96283619654),.UNSPECIFIED.) GEOMETRIC_REPRESENTATION_ITEM() 
RATIONAL_B_SPLINE_SURFACE((
    (1.,1.,1.,1.,1.000000000001,0.999999999999,1.000000000001
      ,0.999999999999,1.,1.,1.,1.,1.,0.999999999999,1.000000000002
      ,0.999999999998,1.000000000002,0.999999999999,1.000000000001,1.,1.
      ,1.)
    ,(0.793353340291,0.793353340291,0.792928627519,0.792076123981
      ,0.79069830579,0.788569459227,0.785425684017,0.781050999405
      ,0.775297021645,0.768038902514,0.759135547447,0.745871444192
      ,0.743108124752,0.740238384874,0.737198737757,0.733939499431
      ,0.730297382378,0.726290676016,0.722035520944,0.7174837706
      ,0.712569298074,0.707106781187)
    ,(1.,1.,1.,1.,1.000000000001,0.999999999999,1.000000000001
      ,0.999999999999,1.,1.,1.,1.,1.,0.999999999999,1.000000000002
      ,0.999999999998,1.000000000002,0.999999999999,1.000000000001,1.,1.
,1.))) REPRESENTATION_ITEM('') SURFACE() );
#8211 = CARTESIAN_POINT('',(-121.4851556634,-109.,50.));
#8212 = CARTESIAN_POINT('',(-121.4851556634,-114.3182735974,50.));
#8213 = CARTESIAN_POINT('',(-120.7026272126,-119.6365574733,
    50.000000000001));
#8214 = CARTESIAN_POINT('',(-119.1378936348,-124.8351340993,
    49.999999999998));
#8215 = CARTESIAN_POINT('',(-116.8149722162,-129.7934452901,
    50.000000000003));
#8216 = CARTESIAN_POINT('',(-113.7860895513,-134.4023839503,
    49.999999999995));
#8217 = CARTESIAN_POINT('',(-110.1158613609,-138.573168669,
    50.000000000005));
#8218 = CARTESIAN_POINT('',(-105.8692973611,-142.2330182266,
    49.999999999995));
#8219 = CARTESIAN_POINT('',(-101.1098188333,-145.3139807479,
    50.000000000003));
#8220 = CARTESIAN_POINT('',(-95.90375591935,-147.7459429758,
    49.999999999999));
#8221 = CARTESIAN_POINT('',(-90.32632334817,-149.4580489482,50.));
#8222 = CARTESIAN_POINT('',(-83.00471104399,-150.6039623666,50.));
#8223 = CARTESIAN_POINT('',(-81.52118613055,-150.783551865,
    50.000000000001));
#8224 = CARTESIAN_POINT('',(-80.0223612773,-150.9121352,49.999999999997)
  );
#8225 = CARTESIAN_POINT('',(-78.53513996667,-150.9907659081,
    50.000000000006));
#8226 = CARTESIAN_POINT('',(-77.1030192271,-151.0316900408,
    49.999999999992));
#8227 = CARTESIAN_POINT('',(-75.80464224264,-151.0479900489,
    50.000000000008));
#8228 = CARTESIAN_POINT('',(-74.71378283358,-151.1109637312,
    49.999999999994));
#8229 = CARTESIAN_POINT('',(-73.78448926185,-151.198076596,
    50.000000000003));
#8230 = CARTESIAN_POINT('',(-72.96893436571,-151.3016845903,
    49.999999999999));
#8231 = CARTESIAN_POINT('',(-72.19459430201,-151.3940501168,50.));
#8232 = CARTESIAN_POINT('',(-71.39248365703,-151.4392145695,50.));
#8233 = CARTESIAN_POINT('',(-100.,-109.,50.));
#8234 = CARTESIAN_POINT('',(-100.,-111.1419851853,50.));
#8235 = CARTESIAN_POINT('',(-99.70294577752,-113.2863493246,50.));
#8236 = CARTESIAN_POINT('',(-99.10701103224,-115.4009978695,
    50.000000000001));
#8237 = CARTESIAN_POINT('',(-98.2090782516,-117.4558582084,
    49.999999999999));
#8238 = CARTESIAN_POINT('',(-96.99368349695,-119.4111994333,50.));
#8239 = CARTESIAN_POINT('',(-95.45667298441,-121.2056318594,
    50.000000000001));
#8240 = CARTESIAN_POINT('',(-93.62015815452,-122.7656697878,
    49.999999999998));
#8241 = CARTESIAN_POINT('',(-91.53129671474,-124.0253007134,
    50.000000000002));
#8242 = CARTESIAN_POINT('',(-89.25495048742,-124.9349249677,
    49.999999999999));
#8243 = CARTESIAN_POINT('',(-86.87093519536,-125.4545702882,50.));
#8244 = CARTESIAN_POINT('',(-83.85921640279,-125.5993241141,50.));
#8245 = CARTESIAN_POINT('',(-83.24559503379,-125.6025520914,50.));
#8246 = CARTESIAN_POINT('',(-82.63143936728,-125.579300697,50.));
#8247 = CARTESIAN_POINT('',(-82.01596208183,-125.5274800153,
    50.000000000001));
#8248 = CARTESIAN_POINT('',(-81.39584032573,-125.4455339024,
    49.999999999998));
#8249 = CARTESIAN_POINT('',(-80.76718302377,-125.3262258316,
    50.000000000003));
#8250 = CARTESIAN_POINT('',(-80.127226544,-125.1704056123,
    49.999999999997));
#8251 = CARTESIAN_POINT('',(-79.45141790578,-124.976314433,
    50.000000000002));
#8252 = CARTESIAN_POINT('',(-78.71803662762,-124.7330090167,
    49.999999999999));
#8253 = CARTESIAN_POINT('',(-77.89931040238,-124.4206950071,50.));
#8254 = CARTESIAN_POINT('',(-76.96827990577,-124.,50.));
#8255 = CARTESIAN_POINT('',(-94.43923252731,-109.,70.753066737129));
#8256 = CARTESIAN_POINT('',(-94.43923252731,-110.3199012515,
    70.75306673713));
#8257 = CARTESIAN_POINT('',(-94.29689809408,-111.6398172224,
    70.790799808566));
#8258 = CARTESIAN_POINT('',(-94.01188043656,-112.9675781482,
    70.866570853322));
#8259 = CARTESIAN_POINT('',(-93.57356493505,-114.3108687318,
    70.988871509254));
#8260 = CARTESIAN_POINT('',(-92.95735058892,-115.6702814663,
    71.177667595444));
#8261 = CARTESIAN_POINT('',(-92.13493619349,-117.0289364037,
    71.45593139197));
#8262 = CARTESIAN_POINT('',(-91.08523906159,-118.3549924133,
    71.841545583745));
#8263 = CARTESIAN_POINT('',(-89.79798551255,-119.6119799918,
    72.34521169144));
#8264 = CARTESIAN_POINT('',(-88.26875935036,-120.7641944272,
    72.97395616168));
#8265 = CARTESIAN_POINT('',(-86.49237514267,-121.7704006129,
    73.734241989483));
#8266 = CARTESIAN_POINT('',(-83.96469078454,-122.7812358721,
    74.846239249287));
#8267 = CARTESIAN_POINT('',(-83.44313893261,-122.9712546535,
    75.077033510903));
#8268 = CARTESIAN_POINT('',(-82.90629625207,-123.1480579695,
    75.315760486013));
#8269 = CARTESIAN_POINT('',(-82.34813698108,-123.3128412293,
    75.567637718624));
#8270 = CARTESIAN_POINT('',(-81.76085514606,-123.466624765,
    75.836499855421));
#8271 = CARTESIAN_POINT('',(-81.1286075278,-123.6105468059,
    76.135804745879));
#8272 = CARTESIAN_POINT('',(-80.44623819505,-123.7403556309,
    76.462810791774));
#8273 = CARTESIAN_POINT('',(-79.70764021079,-123.8533126838,
    76.807900294556));
#8274 = CARTESIAN_POINT('',(-78.89675866091,-123.9435328886,
    77.174508972509));
#8275 = CARTESIAN_POINT('',(-77.99265066429,-124.,77.567390733845));
#8276 = CARTESIAN_POINT('',(-76.96827990577,-124.,78.));
#8277 = DEFINITIONAL_REPRESENTATION('',(#8278),#8282);
#8278 = LINE('',#8279,#8280);
#8279 = CARTESIAN_POINT('',(0.,0.));
#8280 = VECTOR('',#8281,1.);
#8281 = DIRECTION('',(0.,1.));
#8282 = ( GEOMETRIC_REPRESENTATION_CONTEXT(2) 
PARAMETRIC_REPRESENTATION_CONTEXT() REPRESENTATION_CONTEXT('2D SPACE',''
  ) );
#8283 = ORIENTED_EDGE('',*,*,#8284,.F.);
#8284 = EDGE_CURVE('',#8020,#8157,#8285,.T.);
#8285 = SURFACE_CURVE('',#8286,(#8290,#8297),.PCURVE_S1.);
#8286 = LINE('',#8287,#8288);
#8287 = CARTESIAN_POINT('',(-121.4851556634,109.,50.));
#8288 = VECTOR('',#8289,1.);
#8289 = DIRECTION('',(0.,-1.,0.));
#8290 = PCURVE('',#3572,#8291);
#8291 = DEFINITIONAL_REPRESENTATION('',(#8292),#8296);
#8292 = LINE('',#8293,#8294);
#8293 = CARTESIAN_POINT('',(86.014844336589,233.));
#8294 = VECTOR('',#8295,1.);
#8295 = DIRECTION('',(0.,-1.));
#8296 = ( GEOMETRIC_REPRESENTATION_CONTEXT(2) 
PARAMETRIC_REPRESENTATION_CONTEXT() REPRESENTATION_CONTEXT('2D SPACE',''
  ) );
#8297 = PCURVE('',#8298,#8303);
#8298 = CYLINDRICAL_SURFACE('',#8299,28.);
#8299 = AXIS2_PLACEMENT_3D('',#8300,#8301,#8302);
#8300 = CARTESIAN_POINT('',(-121.4851556634,109.,78.));
#8301 = DIRECTION('',(0.,-1.,0.));
#8302 = DIRECTION('',(-0.,-0.,-1.));
#8303 = DEFINITIONAL_REPRESENTATION('',(#8304),#8308);
#8304 = LINE('',#8305,#8306);
#8305 = CARTESIAN_POINT('',(0.,0.));
#8306 = VECTOR('',#8307,1.);
#8307 = DIRECTION('',(0.,1.));
#8308 = ( GEOMETRIC_REPRESENTATION_CONTEXT(2) 
PARAMETRIC_REPRESENTATION_CONTEXT() REPRESENTATION_CONTEXT('2D SPACE',''
  ) );
#8309 = ADVANCED_FACE('',(#8310),#3723,.T.);
#8310 = FACE_BOUND('',#8311,.F.);
#8311 = EDGE_LOOP('',(#8312,#8339,#8365,#8366));
#8312 = ORIENTED_EDGE('',*,*,#8313,.F.);
#8313 = EDGE_CURVE('',#8314,#3681,#8316,.T.);
#8314 = VERTEX_POINT('',#8315);
#8315 = CARTESIAN_POINT('',(33.,64.,159.));
#8316 = SURFACE_CURVE('',#8317,(#8322,#8328),.PCURVE_S1.);
#8317 = CIRCLE('',#8318,6.);
#8318 = AXIS2_PLACEMENT_3D('',#8319,#8320,#8321);
#8319 = CARTESIAN_POINT('',(39.,64.,159.));
#8320 = DIRECTION('',(-0.,1.,0.));
#8321 = DIRECTION('',(-1.,-0.,0.));
#8322 = PCURVE('',#3723,#8323);
#8323 = DEFINITIONAL_REPRESENTATION('',(#8324),#8327);
#8324 = B_SPLINE_CURVE_WITH_KNOTS('',1,(#8325,#8326),.UNSPECIFIED.,.F.,
  .F.,(2,2),(0.,1.570796326795),.PIECEWISE_BEZIER_KNOTS.);
#8325 = CARTESIAN_POINT('',(-4.440892098501E-16,4.712388980385));
#8326 = CARTESIAN_POINT('',(-4.440892098501E-16,6.28318530718));
#8327 = ( GEOMETRIC_REPRESENTATION_CONTEXT(2) 
PARAMETRIC_REPRESENTATION_CONTEXT() REPRESENTATION_CONTEXT('2D SPACE',''
  ) );
#8328 = PCURVE('',#8329,#8334);
#8329 = CYLINDRICAL_SURFACE('',#8330,6.);
#8330 = AXIS2_PLACEMENT_3D('',#8331,#8332,#8333);
#8331 = CARTESIAN_POINT('',(39.,-64.,159.));
#8332 = DIRECTION('',(-0.,1.,0.));
#8333 = DIRECTION('',(-1.,-0.,0.));
#8334 = DEFINITIONAL_REPRESENTATION('',(#8335),#8338);
#8335 = B_SPLINE_CURVE_WITH_KNOTS('',1,(#8336,#8337),.UNSPECIFIED.,.F.,
  .F.,(2,2),(0.,1.570796326795),.PIECEWISE_BEZIER_KNOTS.);
#8336 = CARTESIAN_POINT('',(0.,128.));
#8337 = CARTESIAN_POINT('',(1.570796326795,128.));
#8338 = ( GEOMETRIC_REPRESENTATION_CONTEXT(2) 
PARAMETRIC_REPRESENTATION_CONTEXT() REPRESENTATION_CONTEXT('2D SPACE',''
  ) );
#8339 = ORIENTED_EDGE('',*,*,#8340,.T.);
#8340 = EDGE_CURVE('',#8314,#4250,#8341,.T.);
#8341 = SURFACE_CURVE('',#8342,(#8347,#8354),.PCURVE_S1.);
#8342 = CIRCLE('',#8343,54.);
#8343 = AXIS2_PLACEMENT_3D('',#8344,#8345,#8346);
#8344 = CARTESIAN_POINT('',(33.,64.,105.));
#8345 = DIRECTION('',(-1.,0.,0.));
#8346 = DIRECTION('',(0.,-1.184237892934E-16,1.));
#8347 = PCURVE('',#3723,#8348);
#8348 = DEFINITIONAL_REPRESENTATION('',(#8349),#8353);
#8349 = LINE('',#8350,#8351);
#8350 = CARTESIAN_POINT('',(-0.,4.712388980385));
#8351 = VECTOR('',#8352,1.);
#8352 = DIRECTION('',(-1.,0.));
#8353 = ( GEOMETRIC_REPRESENTATION_CONTEXT(2) 
PARAMETRIC_REPRESENTATION_CONTEXT() REPRESENTATION_CONTEXT('2D SPACE',''
  ) );
#8354 = PCURVE('',#4308,#8355);
#8355 = DEFINITIONAL_REPRESENTATION('',(#8356),#8364);
#8356 = ( BOUNDED_CURVE() B_SPLINE_CURVE(2,(#8357,#8358,#8359,#8360,
#8361,#8362,#8363),.UNSPECIFIED.,.T.,.F.) B_SPLINE_CURVE_WITH_KNOTS((1,2
    ,2,2,2,1),(-2.094395102393,0.,2.094395102393,4.188790204786,
6.28318530718,8.377580409573),.UNSPECIFIED.) CURVE() 
GEOMETRIC_REPRESENTATION_ITEM() RATIONAL_B_SPLINE_CURVE((1.,0.5,1.,0.5,
1.,0.5,1.)) REPRESENTATION_ITEM('') );
#8357 = CARTESIAN_POINT('',(114.,-198.));
#8358 = CARTESIAN_POINT('',(114.,-291.5307436087));
#8359 = CARTESIAN_POINT('',(33.,-244.7653718043));
#8360 = CARTESIAN_POINT('',(-48.,-198.));
#8361 = CARTESIAN_POINT('',(33.,-151.2346281956));
#8362 = CARTESIAN_POINT('',(114.,-104.4692563912));
#8363 = CARTESIAN_POINT('',(114.,-198.));
#8364 = ( GEOMETRIC_REPRESENTATION_CONTEXT(2) 
PARAMETRIC_REPRESENTATION_CONTEXT() REPRESENTATION_CONTEXT('2D SPACE',''
  ) );
#8365 = ORIENTED_EDGE('',*,*,#4249,.T.);
#8366 = ORIENTED_EDGE('',*,*,#3708,.F.);
#8367 = ADVANCED_FACE('',(#8368),#3696,.T.);
#8368 = FACE_BOUND('',#8369,.T.);
#8369 = EDGE_LOOP('',(#8370,#8371,#8394,#8417));
#8370 = ORIENTED_EDGE('',*,*,#3680,.T.);
#8371 = ORIENTED_EDGE('',*,*,#8372,.F.);
#8372 = EDGE_CURVE('',#8373,#3681,#8375,.T.);
#8373 = VERTEX_POINT('',#8374);
#8374 = CARTESIAN_POINT('',(39.,-64.,165.));
#8375 = SURFACE_CURVE('',#8376,(#8380,#8387),.PCURVE_S1.);
#8376 = LINE('',#8377,#8378);
#8377 = CARTESIAN_POINT('',(39.,-64.,165.));
#8378 = VECTOR('',#8379,1.);
#8379 = DIRECTION('',(-0.,1.,0.));
#8380 = PCURVE('',#3696,#8381);
#8381 = DEFINITIONAL_REPRESENTATION('',(#8382),#8386);
#8382 = LINE('',#8383,#8384);
#8383 = CARTESIAN_POINT('',(30.185842870421,64.));
#8384 = VECTOR('',#8385,1.);
#8385 = DIRECTION('',(0.,-1.));
#8386 = ( GEOMETRIC_REPRESENTATION_CONTEXT(2) 
PARAMETRIC_REPRESENTATION_CONTEXT() REPRESENTATION_CONTEXT('2D SPACE',''
  ) );
#8387 = PCURVE('',#8329,#8388);
#8388 = DEFINITIONAL_REPRESENTATION('',(#8389),#8393);
#8389 = LINE('',#8390,#8391);
#8390 = CARTESIAN_POINT('',(1.570796326795,0.));
#8391 = VECTOR('',#8392,1.);
#8392 = DIRECTION('',(0.,1.));
#8393 = ( GEOMETRIC_REPRESENTATION_CONTEXT(2) 
PARAMETRIC_REPRESENTATION_CONTEXT() REPRESENTATION_CONTEXT('2D SPACE',''
  ) );
#8394 = ORIENTED_EDGE('',*,*,#8395,.F.);
#8395 = EDGE_CURVE('',#8396,#8373,#8398,.T.);
#8396 = VERTEX_POINT('',#8397);
#8397 = CARTESIAN_POINT('',(57.675938050736,-64.,165.));
#8398 = SURFACE_CURVE('',#8399,(#8403,#8410),.PCURVE_S1.);
#8399 = LINE('',#8400,#8401);
#8400 = CARTESIAN_POINT('',(69.185842870421,-64.,165.));
#8401 = VECTOR('',#8402,1.);
#8402 = DIRECTION('',(-1.,0.,0.));
#8403 = PCURVE('',#3696,#8404);
#8404 = DEFINITIONAL_REPRESENTATION('',(#8405),#8409);
#8405 = LINE('',#8406,#8407);
#8406 = CARTESIAN_POINT('',(1.42108547152E-14,64.));
#8407 = VECTOR('',#8408,1.);
#8408 = DIRECTION('',(1.,0.));
#8409 = ( GEOMETRIC_REPRESENTATION_CONTEXT(2) 
PARAMETRIC_REPRESENTATION_CONTEXT() REPRESENTATION_CONTEXT('2D SPACE',''
  ) );
#8410 = PCURVE('',#6596,#8411);
#8411 = DEFINITIONAL_REPRESENTATION('',(#8412),#8416);
#8412 = LINE('',#8413,#8414);
#8413 = CARTESIAN_POINT('',(1.570796326795,0.));
#8414 = VECTOR('',#8415,1.);
#8415 = DIRECTION('',(0.,1.));
#8416 = ( GEOMETRIC_REPRESENTATION_CONTEXT(2) 
PARAMETRIC_REPRESENTATION_CONTEXT() REPRESENTATION_CONTEXT('2D SPACE',''
  ) );
#8417 = ORIENTED_EDGE('',*,*,#8418,.F.);
#8418 = EDGE_CURVE('',#3642,#8396,#8419,.T.);
#8419 = SURFACE_CURVE('',#8420,(#8424,#8431),.PCURVE_S1.);
#8420 = LINE('',#8421,#8422);
#8421 = CARTESIAN_POINT('',(57.675938050736,64.,165.));
#8422 = VECTOR('',#8423,1.);
#8423 = DIRECTION('',(0.,-1.,0.));
#8424 = PCURVE('',#3696,#8425);
#8425 = DEFINITIONAL_REPRESENTATION('',(#8426),#8430);
#8426 = LINE('',#8427,#8428);
#8427 = CARTESIAN_POINT('',(11.509904819684,-64.));
#8428 = VECTOR('',#8429,1.);
#8429 = DIRECTION('',(0.,1.));
#8430 = ( GEOMETRIC_REPRESENTATION_CONTEXT(2) 
PARAMETRIC_REPRESENTATION_CONTEXT() REPRESENTATION_CONTEXT('2D SPACE',''
  ) );
#8431 = PCURVE('',#7900,#8432);
#8432 = DEFINITIONAL_REPRESENTATION('',(#8433),#8437);
#8433 = LINE('',#8434,#8435);
#8434 = CARTESIAN_POINT('',(1.308996938996,0.));
#8435 = VECTOR('',#8436,1.);
#8436 = DIRECTION('',(0.,1.));
#8437 = ( GEOMETRIC_REPRESENTATION_CONTEXT(2) 
PARAMETRIC_REPRESENTATION_CONTEXT() REPRESENTATION_CONTEXT('2D SPACE',''
  ) );
#8438 = ADVANCED_FACE('',(#8439),#3947,.F.);
#8439 = FACE_BOUND('',#8440,.F.);
#8440 = EDGE_LOOP('',(#8441,#8442,#8443,#8444));
#8441 = ORIENTED_EDGE('',*,*,#8019,.F.);
#8442 = ORIENTED_EDGE('',*,*,#3739,.T.);
#8443 = ORIENTED_EDGE('',*,*,#4409,.T.);
#8444 = ORIENTED_EDGE('',*,*,#8445,.F.);
#8445 = EDGE_CURVE('',#8020,#4326,#8446,.T.);
#8446 = SURFACE_CURVE('',#8447,(#8451,#8457),.PCURVE_S1.);
#8447 = ( BOUNDED_CURVE() B_SPLINE_CURVE(2,(#8448,#8449,#8450),
.UNSPECIFIED.,.F.,.F.) B_SPLINE_CURVE_WITH_KNOTS((3,3),(0.,
29.983502770184),.PIECEWISE_BEZIER_KNOTS.) CURVE() 
GEOMETRIC_REPRESENTATION_ITEM() RATIONAL_B_SPLINE_CURVE((1.,
0.793353340291,1.)) REPRESENTATION_ITEM('') );
#8448 = CARTESIAN_POINT('',(-121.4851556634,108.99999999998,50.));
#8449 = CARTESIAN_POINT('',(-100.,108.99999999999,50.));
#8450 = CARTESIAN_POINT('',(-94.43923252731,109.,70.753066737129));
#8451 = PCURVE('',#3947,#8452);
#8452 = DEFINITIONAL_REPRESENTATION('',(#8453),#8456);
#8453 = B_SPLINE_CURVE_WITH_KNOTS('',1,(#8454,#8455),.UNSPECIFIED.,.F.,
  .F.,(2,2),(0.,29.983502770184),.PIECEWISE_BEZIER_KNOTS.);
#8454 = CARTESIAN_POINT('',(0.,23.979333426363));
#8455 = CARTESIAN_POINT('',(29.983502770184,23.979333426363));
#8456 = ( GEOMETRIC_REPRESENTATION_CONTEXT(2) 
PARAMETRIC_REPRESENTATION_CONTEXT() REPRESENTATION_CONTEXT('2D SPACE',''
  ) );
#8457 = PCURVE('',#8298,#8458);
#8458 = DEFINITIONAL_REPRESENTATION('',(#8459),#8472);
#8459 = B_SPLINE_CURVE_WITH_KNOTS('',11,(#8460,#8461,#8462,#8463,#8464,
    #8465,#8466,#8467,#8468,#8469,#8470,#8471),.UNSPECIFIED.,.F.,.F.,(12
    ,12),(0.,29.983502770184),.PIECEWISE_BEZIER_KNOTS.);
#8460 = CARTESIAN_POINT('',(1.110223024625E-16,0.));
#8461 = CARTESIAN_POINT('',(0.110683896183,0.));
#8462 = CARTESIAN_POINT('',(0.22594229481,0.));
#8463 = CARTESIAN_POINT('',(0.345178684317,0.));
#8464 = CARTESIAN_POINT('',(0.467547059558,0.));
#8465 = CARTESIAN_POINT('',(0.591943598094,0.));
#8466 = CARTESIAN_POINT('',(0.717053340902,0.));
#8467 = CARTESIAN_POINT('',(0.841449879438,0.));
#8468 = CARTESIAN_POINT('',(0.963818254679,0.));
#8469 = CARTESIAN_POINT('',(1.083054644185,0.));
#8470 = CARTESIAN_POINT('',(1.198313042812,0.));
#8471 = CARTESIAN_POINT('',(1.308996938996,0.));
#8472 = ( GEOMETRIC_REPRESENTATION_CONTEXT(2) 
PARAMETRIC_REPRESENTATION_CONTEXT() REPRESENTATION_CONTEXT('2D SPACE',''
  ) );
#8473 = ADVANCED_FACE('',(#8474),#4308,.F.);
#8474 = FACE_BOUND('',#8475,.F.);
#8475 = EDGE_LOOP('',(#8476,#8499,#8500,#8501,#8524,#8557));
#8476 = ORIENTED_EDGE('',*,*,#8477,.T.);
#8477 = EDGE_CURVE('',#8478,#4273,#8480,.T.);
#8478 = VERTEX_POINT('',#8479);
#8479 = CARTESIAN_POINT('',(33.,-118.,53.));
#8480 = SURFACE_CURVE('',#8481,(#8485,#8492),.PCURVE_S1.);
#8481 = LINE('',#8482,#8483);
#8482 = CARTESIAN_POINT('',(33.,-134.,53.));
#8483 = VECTOR('',#8484,1.);
#8484 = DIRECTION('',(-0.,1.,0.));
#8485 = PCURVE('',#4308,#8486);
#8486 = DEFINITIONAL_REPRESENTATION('',(#8487),#8491);
#8487 = LINE('',#8488,#8489);
#8488 = CARTESIAN_POINT('',(8.,0.));
#8489 = VECTOR('',#8490,1.);
#8490 = DIRECTION('',(0.,-1.));
#8491 = ( GEOMETRIC_REPRESENTATION_CONTEXT(2) 
PARAMETRIC_REPRESENTATION_CONTEXT() REPRESENTATION_CONTEXT('2D SPACE',''
  ) );
#8492 = PCURVE('',#4504,#8493);
#8493 = DEFINITIONAL_REPRESENTATION('',(#8494),#8498);
#8494 = LINE('',#8495,#8496);
#8495 = CARTESIAN_POINT('',(0.,0.));
#8496 = VECTOR('',#8497,1.);
#8497 = DIRECTION('',(0.,1.));
#8498 = ( GEOMETRIC_REPRESENTATION_CONTEXT(2) 
PARAMETRIC_REPRESENTATION_CONTEXT() REPRESENTATION_CONTEXT('2D SPACE',''
  ) );
#8499 = ORIENTED_EDGE('',*,*,#4294,.F.);
#8500 = ORIENTED_EDGE('',*,*,#8340,.F.);
#8501 = ORIENTED_EDGE('',*,*,#8502,.F.);
#8502 = EDGE_CURVE('',#8503,#8314,#8505,.T.);
#8503 = VERTEX_POINT('',#8504);
#8504 = CARTESIAN_POINT('',(33.,-64.,159.));
#8505 = SURFACE_CURVE('',#8506,(#8510,#8517),.PCURVE_S1.);
#8506 = LINE('',#8507,#8508);
#8507 = CARTESIAN_POINT('',(33.,-64.,159.));
#8508 = VECTOR('',#8509,1.);
#8509 = DIRECTION('',(-0.,1.,0.));
#8510 = PCURVE('',#4308,#8511);
#8511 = DEFINITIONAL_REPRESENTATION('',(#8512),#8516);
#8512 = LINE('',#8513,#8514);
#8513 = CARTESIAN_POINT('',(114.,-70.));
#8514 = VECTOR('',#8515,1.);
#8515 = DIRECTION('',(0.,-1.));
#8516 = ( GEOMETRIC_REPRESENTATION_CONTEXT(2) 
PARAMETRIC_REPRESENTATION_CONTEXT() REPRESENTATION_CONTEXT('2D SPACE',''
  ) );
#8517 = PCURVE('',#8329,#8518);
#8518 = DEFINITIONAL_REPRESENTATION('',(#8519),#8523);
#8519 = LINE('',#8520,#8521);
#8520 = CARTESIAN_POINT('',(0.,0.));
#8521 = VECTOR('',#8522,1.);
#8522 = DIRECTION('',(0.,1.));
#8523 = ( GEOMETRIC_REPRESENTATION_CONTEXT(2) 
PARAMETRIC_REPRESENTATION_CONTEXT() REPRESENTATION_CONTEXT('2D SPACE',''
  ) );
#8524 = ORIENTED_EDGE('',*,*,#8525,.F.);
#8525 = EDGE_CURVE('',#8526,#8503,#8528,.T.);
#8526 = VERTEX_POINT('',#8527);
#8527 = CARTESIAN_POINT('',(33.,-118.,105.));
#8528 = SURFACE_CURVE('',#8529,(#8534,#8545),.PCURVE_S1.);
#8529 = CIRCLE('',#8530,54.);
#8530 = AXIS2_PLACEMENT_3D('',#8531,#8532,#8533);
#8531 = CARTESIAN_POINT('',(33.,-64.,105.));
#8532 = DIRECTION('',(-1.,0.,0.));
#8533 = DIRECTION('',(0.,-1.,0.));
#8534 = PCURVE('',#4308,#8535);
#8535 = DEFINITIONAL_REPRESENTATION('',(#8536),#8544);
#8536 = ( BOUNDED_CURVE() B_SPLINE_CURVE(2,(#8537,#8538,#8539,#8540,
#8541,#8542,#8543),.UNSPECIFIED.,.T.,.F.) B_SPLINE_CURVE_WITH_KNOTS((1,2
    ,2,2,2,1),(-2.094395102393,0.,2.094395102393,4.188790204786,
6.28318530718,8.377580409573),.UNSPECIFIED.) CURVE() 
GEOMETRIC_REPRESENTATION_ITEM() RATIONAL_B_SPLINE_CURVE((1.,0.5,1.,0.5,
1.,0.5,1.)) REPRESENTATION_ITEM('') );
#8537 = CARTESIAN_POINT('',(60.,-16.));
#8538 = CARTESIAN_POINT('',(153.53074360871,-16.));
#8539 = CARTESIAN_POINT('',(106.76537180436,-97.));
#8540 = CARTESIAN_POINT('',(60.,-178.));
#8541 = CARTESIAN_POINT('',(13.23462819564,-97.));
#8542 = CARTESIAN_POINT('',(-33.53074360871,-16.));
#8543 = CARTESIAN_POINT('',(60.,-16.));
#8544 = ( GEOMETRIC_REPRESENTATION_CONTEXT(2) 
PARAMETRIC_REPRESENTATION_CONTEXT() REPRESENTATION_CONTEXT('2D SPACE',''
  ) );
#8545 = PCURVE('',#8546,#8551);
#8546 = TOROIDAL_SURFACE('',#8547,54.,6.);
#8547 = AXIS2_PLACEMENT_3D('',#8548,#8549,#8550);
#8548 = CARTESIAN_POINT('',(39.,-64.,105.));
#8549 = DIRECTION('',(1.,0.,-0.));
#8550 = DIRECTION('',(0.,-1.,0.));
#8551 = DEFINITIONAL_REPRESENTATION('',(#8552),#8556);
#8552 = LINE('',#8553,#8554);
#8553 = CARTESIAN_POINT('',(-0.,4.712388980385));
#8554 = VECTOR('',#8555,1.);
#8555 = DIRECTION('',(-1.,0.));
#8556 = ( GEOMETRIC_REPRESENTATION_CONTEXT(2) 
PARAMETRIC_REPRESENTATION_CONTEXT() REPRESENTATION_CONTEXT('2D SPACE',''
  ) );
#8557 = ORIENTED_EDGE('',*,*,#8558,.F.);
#8558 = EDGE_CURVE('',#8478,#8526,#8559,.T.);
#8559 = SURFACE_CURVE('',#8560,(#8564,#8571),.PCURVE_S1.);
#8560 = LINE('',#8561,#8562);
#8561 = CARTESIAN_POINT('',(33.,-118.,53.));
#8562 = VECTOR('',#8563,1.);
#8563 = DIRECTION('',(0.,-0.,1.));
#8564 = PCURVE('',#4308,#8565);
#8565 = DEFINITIONAL_REPRESENTATION('',(#8566),#8570);
#8566 = LINE('',#8567,#8568);
#8567 = CARTESIAN_POINT('',(8.,-16.));
#8568 = VECTOR('',#8569,1.);
#8569 = DIRECTION('',(1.,0.));
#8570 = ( GEOMETRIC_REPRESENTATION_CONTEXT(2) 
PARAMETRIC_REPRESENTATION_CONTEXT() REPRESENTATION_CONTEXT('2D SPACE',''
  ) );
#8571 = PCURVE('',#6568,#8572);
#8572 = DEFINITIONAL_REPRESENTATION('',(#8573),#8577);
#8573 = LINE('',#8574,#8575);
#8574 = CARTESIAN_POINT('',(0.,0.));
#8575 = VECTOR('',#8576,1.);
#8576 = DIRECTION('',(0.,1.));
#8577 = ( GEOMETRIC_REPRESENTATION_CONTEXT(2) 
PARAMETRIC_REPRESENTATION_CONTEXT() REPRESENTATION_CONTEXT('2D SPACE',''
  ) );
#8578 = ADVANCED_FACE('',(#8579),#4341,.T.);
#8579 = FACE_BOUND('',#8580,.T.);
#8580 = EDGE_LOOP('',(#8581,#8582,#8605,#8628,#8701,#8729));
#8581 = ORIENTED_EDGE('',*,*,#4323,.T.);
#8582 = ORIENTED_EDGE('',*,*,#8583,.T.);
#8583 = EDGE_CURVE('',#4326,#8584,#8586,.T.);
#8584 = VERTEX_POINT('',#8585);
#8585 = CARTESIAN_POINT('',(-94.43923252731,-109.,70.753066737129));
#8586 = SURFACE_CURVE('',#8587,(#8591,#8598),.PCURVE_S1.);
#8587 = LINE('',#8588,#8589);
#8588 = CARTESIAN_POINT('',(-94.43923252731,109.,70.753066737129));
#8589 = VECTOR('',#8590,1.);
#8590 = DIRECTION('',(0.,-1.,0.));
#8591 = PCURVE('',#4341,#8592);
#8592 = DEFINITIONAL_REPRESENTATION('',(#8593),#8597);
#8593 = LINE('',#8594,#8595);
#8594 = CARTESIAN_POINT('',(97.571605083749,-109.));
#8595 = VECTOR('',#8596,1.);
#8596 = DIRECTION('',(-0.,1.));
#8597 = ( GEOMETRIC_REPRESENTATION_CONTEXT(2) 
PARAMETRIC_REPRESENTATION_CONTEXT() REPRESENTATION_CONTEXT('2D SPACE',''
  ) );
#8598 = PCURVE('',#8298,#8599);
#8599 = DEFINITIONAL_REPRESENTATION('',(#8600),#8604);
#8600 = LINE('',#8601,#8602);
#8601 = CARTESIAN_POINT('',(1.308996938996,0.));
#8602 = VECTOR('',#8603,1.);
#8603 = DIRECTION('',(0.,1.));
#8604 = ( GEOMETRIC_REPRESENTATION_CONTEXT(2) 
PARAMETRIC_REPRESENTATION_CONTEXT() REPRESENTATION_CONTEXT('2D SPACE',''
  ) );
#8605 = ORIENTED_EDGE('',*,*,#8606,.T.);
#8606 = EDGE_CURVE('',#8584,#8607,#8609,.T.);
#8607 = VERTEX_POINT('',#8608);
#8608 = CARTESIAN_POINT('',(-84.22253910447,-109.,108.88228567653));
#8609 = SURFACE_CURVE('',#8610,(#8614,#8621),.PCURVE_S1.);
#8610 = LINE('',#8611,#8612);
#8611 = CARTESIAN_POINT('',(-100.,-109.,50.));
#8612 = VECTOR('',#8613,1.);
#8613 = DIRECTION('',(0.258819045103,0.,0.965925826289));
#8614 = PCURVE('',#4341,#8615);
#8615 = DEFINITIONAL_REPRESENTATION('',(#8616),#8620);
#8616 = LINE('',#8617,#8618);
#8617 = CARTESIAN_POINT('',(119.05676074716,109.));
#8618 = VECTOR('',#8619,1.);
#8619 = DIRECTION('',(-1.,0.));
#8620 = ( GEOMETRIC_REPRESENTATION_CONTEXT(2) 
PARAMETRIC_REPRESENTATION_CONTEXT() REPRESENTATION_CONTEXT('2D SPACE',''
  ) );
#8621 = PCURVE('',#6390,#8622);
#8622 = DEFINITIONAL_REPRESENTATION('',(#8623),#8627);
#8623 = LINE('',#8624,#8625);
#8624 = CARTESIAN_POINT('',(0.,0.));
#8625 = VECTOR('',#8626,1.);
#8626 = DIRECTION('',(0.,1.));
#8627 = ( GEOMETRIC_REPRESENTATION_CONTEXT(2) 
PARAMETRIC_REPRESENTATION_CONTEXT() REPRESENTATION_CONTEXT('2D SPACE',''
  ) );
#8628 = ORIENTED_EDGE('',*,*,#8629,.T.);
#8629 = EDGE_CURVE('',#8607,#8630,#8632,.T.);
#8630 = VERTEX_POINT('',#8631);
#8631 = CARTESIAN_POINT('',(-72.16482544507,-64.,153.88228567653));
#8632 = SURFACE_CURVE('',#8633,(#8645,#8660),.PCURVE_S1.);
#8633 = ( BOUNDED_CURVE() B_SPLINE_CURVE(10,(#8634,#8635,#8636,#8637,
    #8638,#8639,#8640,#8641,#8642,#8643,#8644),.UNSPECIFIED.,.F.,.F.) 
B_SPLINE_CURVE_WITH_KNOTS((11,11),(60.962049552989,152.857523628),
.PIECEWISE_BEZIER_KNOTS.) CURVE() GEOMETRIC_REPRESENTATION_ITEM() 
RATIONAL_B_SPLINE_CURVE((1.,1.,1.,1.,1.,1.,1.,1.,1.,1.,1.)) 
REPRESENTATION_ITEM('') );
#8634 = CARTESIAN_POINT('',(-84.22716700827,-109.0000106574,
    108.86501410442));
#8635 = CARTESIAN_POINT('',(-82.47037945742,-109.0030476781,
    115.42143450228));
#8636 = CARTESIAN_POINT('',(-80.73402426674,-107.9555331282,
    121.90160029391));
#8637 = CARTESIAN_POINT('',(-79.01942355551,-105.8990504175,
    128.3005772629));
#8638 = CARTESIAN_POINT('',(-77.33206356299,-102.7508962805,
    134.59789048564));
#8639 = CARTESIAN_POINT('',(-75.72805607611,-98.32809095462,
    140.58412792241));
#8640 = CARTESIAN_POINT('',(-74.32741268131,-92.6420444937,
    145.81140023508));
#8641 = CARTESIAN_POINT('',(-73.23380100334,-85.94925963815,
    149.89281458103));
#8642 = CARTESIAN_POINT('',(-72.51144615807,-78.6708110118,
    152.58867956466));
#8643 = CARTESIAN_POINT('',(-72.16482544507,-71.241657884,
    153.88228567653));
#8644 = CARTESIAN_POINT('',(-72.16482544507,-64.,153.88228567653));
#8645 = PCURVE('',#4341,#8646);
#8646 = DEFINITIONAL_REPRESENTATION('',(#8647),#8659);
#8647 = B_SPLINE_CURVE_WITH_KNOTS('',10,(#8648,#8649,#8650,#8651,#8652,
    #8653,#8654,#8655,#8656,#8657,#8658),.UNSPECIFIED.,.F.,.F.,(11,11),(
    60.962049552989,152.857523628),.PIECEWISE_BEZIER_KNOTS.);
#8648 = CARTESIAN_POINT('',(58.115213785345,109.00001065749));
#8649 = CARTESIAN_POINT('',(51.327507918688,109.00304767811));
#8650 = CARTESIAN_POINT('',(44.618746629499,107.95553312828));
#8651 = CARTESIAN_POINT('',(37.994038194511,105.8990504175));
#8652 = CARTESIAN_POINT('',(31.474579814437,102.75089628059));
#8653 = CARTESIAN_POINT('',(25.277170785862,98.328090954626));
#8654 = CARTESIAN_POINT('',(19.865500272045,92.642044493703));
#8655 = CARTESIAN_POINT('',(15.640109217293,85.949259638153));
#8656 = CARTESIAN_POINT('',(12.849144414146,78.6708110118));
#8657 = CARTESIAN_POINT('',(11.509904819684,71.241657884005));
#8658 = CARTESIAN_POINT('',(11.509904819684,64.));
#8659 = ( GEOMETRIC_REPRESENTATION_CONTEXT(2) 
PARAMETRIC_REPRESENTATION_CONTEXT() REPRESENTATION_CONTEXT('2D SPACE',''
  ) );
#8660 = PCURVE('',#8661,#8695);
#8661 = ( BOUNDED_SURFACE() B_SPLINE_SURFACE(2,10,(
    (#8662,#8663,#8664,#8665,#8666,#8667,#8668,#8669,#8670,#8671,#8672)
    ,(#8673,#8674,#8675,#8676,#8677,#8678,#8679,#8680,#8681,#8682,#8683)
    ,(#8684,#8685,#8686,#8687,#8688,#8689,#8690,#8691,#8692,#8693,#8694
)),.UNSPECIFIED.,.F.,.F.,.F.) B_SPLINE_SURFACE_WITH_KNOTS((3,3),(11,11),
  (0.,91.895474075015),(60.962049552989,152.857523628),
.PIECEWISE_BEZIER_KNOTS.) GEOMETRIC_REPRESENTATION_ITEM() 
RATIONAL_B_SPLINE_SURFACE((
    (1.,1.,1.,1.,1.,1.,1.,1.,1.,1.,1.)
    ,(0.707106781187,0.721093394105,0.734628875021,0.747526396508
      ,0.759639347791,0.770535384159,0.779538658734,0.786474324654
      ,0.791086116162,0.793353340291,0.793353340291)
,(1.,1.,1.,1.,1.,1.,1.,1.,1.,1.,1.
  ))) REPRESENTATION_ITEM('') SURFACE() );
#8662 = CARTESIAN_POINT('',(-84.22716700827,-109.0000106574,
    108.86501410442));
#8663 = CARTESIAN_POINT('',(-82.47037945742,-109.0030476781,
    115.42143450228));
#8664 = CARTESIAN_POINT('',(-80.73402426674,-107.9555331282,
    121.90160029391));
#8665 = CARTESIAN_POINT('',(-79.01942355551,-105.8990504175,
    128.3005772629));
#8666 = CARTESIAN_POINT('',(-77.33206356299,-102.7508962805,
    134.59789048564));
#8667 = CARTESIAN_POINT('',(-75.72805607611,-98.32809095462,
    140.58412792241));
#8668 = CARTESIAN_POINT('',(-74.32741268131,-92.6420444937,
    145.81140023508));
#8669 = CARTESIAN_POINT('',(-73.23380100334,-85.94925963815,
    149.89281458103));
#8670 = CARTESIAN_POINT('',(-72.51144615807,-78.6708110118,
    152.58867956466));
#8671 = CARTESIAN_POINT('',(-72.16482544507,-71.241657884,
    153.88228567653));
#8672 = CARTESIAN_POINT('',(-72.16482544507,-64.,153.88228567653));
#8673 = CARTESIAN_POINT('',(-84.22253910447,-124.,108.88228567653));
#8674 = CARTESIAN_POINT('',(-81.85339956009,-123.4181085378,
    117.72403482637));
#8675 = CARTESIAN_POINT('',(-79.54925056295,-121.3897879648,
    126.32323595191));
#8676 = CARTESIAN_POINT('',(-77.3422469249,-118.0065547047,
    134.55988566159));
#8677 = CARTESIAN_POINT('',(-75.25958921202,-113.2960853959,
    142.33247006083));
#8678 = CARTESIAN_POINT('',(-73.34457662666,-107.2180342376,
    149.47939432653));
#8679 = CARTESIAN_POINT('',(-71.6985555066,-99.79438084962,
    155.62242877695));
#8680 = CARTESIAN_POINT('',(-70.42942657895,-91.32562835622,
    160.35888241627));
#8681 = CARTESIAN_POINT('',(-69.59108251374,-82.25885134437,
    163.48762506188));
#8682 = CARTESIAN_POINT('',(-69.18584287042,-73.0362458032,165.));
#8683 = CARTESIAN_POINT('',(-69.18584287042,-64.,165.));
#8684 = CARTESIAN_POINT('',(-69.73365171013,-124.,105.));
#8685 = CARTESIAN_POINT('',(-67.89064942529,-124.,114.17090639264));
#8686 = CARTESIAN_POINT('',(-66.06678914135,-122.4425559806,
    123.24679243531));
#8687 = CARTESIAN_POINT('',(-64.29566280869,-119.3815342711,
    132.06636788519));
#8688 = CARTESIAN_POINT('',(-62.61077370521,-114.8192817867,
    140.4709602664));
#8689 = CARTESIAN_POINT('',(-61.06345166035,-108.7142713563,
    148.19047819015));
#8690 = CARTESIAN_POINT('',(-59.73138594886,-101.1684010714,
    154.79412525642));
#8691 = CARTESIAN_POINT('',(-58.69966283363,-92.49199437106,
    159.91416734438));
#8692 = CARTESIAN_POINT('',(-58.01211753812,-83.12187296437,
    163.32839409732));
#8693 = CARTESIAN_POINT('',(-57.67593805073,-73.5007193348,165.));
#8694 = CARTESIAN_POINT('',(-57.67593805073,-64.,165.));
#8695 = DEFINITIONAL_REPRESENTATION('',(#8696),#8700);
#8696 = LINE('',#8697,#8698);
#8697 = CARTESIAN_POINT('',(0.,0.));
#8698 = VECTOR('',#8699,1.);
#8699 = DIRECTION('',(0.,1.));
#8700 = ( GEOMETRIC_REPRESENTATION_CONTEXT(2) 
PARAMETRIC_REPRESENTATION_CONTEXT() REPRESENTATION_CONTEXT('2D SPACE',''
  ) );
#8701 = ORIENTED_EDGE('',*,*,#8702,.T.);
#8702 = EDGE_CURVE('',#8630,#8703,#8705,.T.);
#8703 = VERTEX_POINT('',#8704);
#8704 = CARTESIAN_POINT('',(-72.16482544507,64.,153.88228567653));
#8705 = SURFACE_CURVE('',#8706,(#8710,#8717),.PCURVE_S1.);
#8706 = LINE('',#8707,#8708);
#8707 = CARTESIAN_POINT('',(-72.16482544507,-64.,153.88228567653));
#8708 = VECTOR('',#8709,1.);
#8709 = DIRECTION('',(0.,1.,0.));
#8710 = PCURVE('',#4341,#8711);
#8711 = DEFINITIONAL_REPRESENTATION('',(#8712),#8716);
#8712 = LINE('',#8713,#8714);
#8713 = CARTESIAN_POINT('',(11.509904819684,64.));
#8714 = VECTOR('',#8715,1.);
#8715 = DIRECTION('',(0.,-1.));
#8716 = ( GEOMETRIC_REPRESENTATION_CONTEXT(2) 
PARAMETRIC_REPRESENTATION_CONTEXT() REPRESENTATION_CONTEXT('2D SPACE',''
  ) );
#8717 = PCURVE('',#8718,#8723);
#8718 = CYLINDRICAL_SURFACE('',#8719,15.);
#8719 = AXIS2_PLACEMENT_3D('',#8720,#8721,#8722);
#8720 = CARTESIAN_POINT('',(-57.67593805073,-64.,150.));
#8721 = DIRECTION('',(0.,1.,0.));
#8722 = DIRECTION('',(-0.965925826289,0.,0.258819045103));
#8723 = DEFINITIONAL_REPRESENTATION('',(#8724),#8728);
#8724 = LINE('',#8725,#8726);
#8725 = CARTESIAN_POINT('',(0.,0.));
#8726 = VECTOR('',#8727,1.);
#8727 = DIRECTION('',(0.,1.));
#8728 = ( GEOMETRIC_REPRESENTATION_CONTEXT(2) 
PARAMETRIC_REPRESENTATION_CONTEXT() REPRESENTATION_CONTEXT('2D SPACE',''
  ) );
#8729 = ORIENTED_EDGE('',*,*,#8730,.T.);
#8730 = EDGE_CURVE('',#8703,#4324,#8731,.T.);
#8731 = SURFACE_CURVE('',#8732,(#8744,#8759),.PCURVE_S1.);
#8732 = ( BOUNDED_CURVE() B_SPLINE_CURVE(10,(#8733,#8734,#8735,#8736,
    #8737,#8738,#8739,#8740,#8741,#8742,#8743),.UNSPECIFIED.,.F.,.F.) 
B_SPLINE_CURVE_WITH_KNOTS((11,11),(280.857523628,372.75299770301),
.PIECEWISE_BEZIER_KNOTS.) CURVE() GEOMETRIC_REPRESENTATION_ITEM() 
RATIONAL_B_SPLINE_CURVE((1.,1.,1.,1.,1.,1.,1.,1.,1.,1.,1.)) 
REPRESENTATION_ITEM('') );
#8733 = CARTESIAN_POINT('',(-72.16482544507,64.,153.88228567653));
#8734 = CARTESIAN_POINT('',(-72.16482544507,71.241657884005,
    153.88228567653));
#8735 = CARTESIAN_POINT('',(-72.51144615807,78.670811011801,
    152.58867956466));
#8736 = CARTESIAN_POINT('',(-73.23380100334,85.949259638151,
    149.89281458103));
#8737 = CARTESIAN_POINT('',(-74.32741268131,92.64204449371,
    145.81140023508));
#8738 = CARTESIAN_POINT('',(-75.72805607611,98.328090954617,
    140.58412792241));
#8739 = CARTESIAN_POINT('',(-77.33206356299,102.75089628059,
    134.59789048563));
#8740 = CARTESIAN_POINT('',(-79.01942355551,105.8990504175,
    128.3005772629));
#8741 = CARTESIAN_POINT('',(-80.73402426674,107.95553312828,
    121.90160029391));
#8742 = CARTESIAN_POINT('',(-82.47037945742,109.00304767811,
    115.42143450228));
#8743 = CARTESIAN_POINT('',(-84.22716700827,109.00001065749,
    108.86501410442));
#8744 = PCURVE('',#4341,#8745);
#8745 = DEFINITIONAL_REPRESENTATION('',(#8746),#8758);
#8746 = B_SPLINE_CURVE_WITH_KNOTS('',10,(#8747,#8748,#8749,#8750,#8751,
    #8752,#8753,#8754,#8755,#8756,#8757),.UNSPECIFIED.,.F.,.F.,(11,11),(
    280.857523628,372.75299770301),.PIECEWISE_BEZIER_KNOTS.);
#8747 = CARTESIAN_POINT('',(11.509904819684,-64.));
#8748 = CARTESIAN_POINT('',(11.509904819685,-71.241657884));
#8749 = CARTESIAN_POINT('',(12.849144414143,-78.67081101179));
#8750 = CARTESIAN_POINT('',(15.640109217299,-85.94925963816));
#8751 = CARTESIAN_POINT('',(19.865500272039,-92.64204449368));
#8752 = CARTESIAN_POINT('',(25.277170785867,-98.32809095464));
#8753 = CARTESIAN_POINT('',(31.474579814435,-102.7508962805));
#8754 = CARTESIAN_POINT('',(37.994038194512,-105.8990504175));
#8755 = CARTESIAN_POINT('',(44.618746629499,-107.9555331282));
#8756 = CARTESIAN_POINT('',(51.327507918688,-109.0030476781));
#8757 = CARTESIAN_POINT('',(58.115213785345,-109.0000106574));
#8758 = ( GEOMETRIC_REPRESENTATION_CONTEXT(2) 
PARAMETRIC_REPRESENTATION_CONTEXT() REPRESENTATION_CONTEXT('2D SPACE',''
  ) );
#8759 = PCURVE('',#4368,#8760);
#8760 = DEFINITIONAL_REPRESENTATION('',(#8761),#8765);
#8761 = LINE('',#8762,#8763);
#8762 = CARTESIAN_POINT('',(0.,0.));
#8763 = VECTOR('',#8764,1.);
#8764 = DIRECTION('',(0.,1.));
#8765 = ( GEOMETRIC_REPRESENTATION_CONTEXT(2) 
PARAMETRIC_REPRESENTATION_CONTEXT() REPRESENTATION_CONTEXT('2D SPACE',''
  ) );
#8766 = ADVANCED_FACE('',(#8767),#4368,.T.);
#8767 = FACE_BOUND('',#8768,.T.);
#8768 = EDGE_LOOP('',(#8769,#8845,#8846,#8847));
#8769 = ORIENTED_EDGE('',*,*,#8770,.T.);
#8770 = EDGE_CURVE('',#8703,#4571,#8771,.T.);
#8771 = SURFACE_CURVE('',#8772,(#8777,#8839),.PCURVE_S1.);
#8772 = CIRCLE('',#8773,15.);
#8773 = AXIS2_PLACEMENT_3D('',#8774,#8775,#8776);
#8774 = CARTESIAN_POINT('',(-57.67593805073,64.,150.));
#8775 = DIRECTION('',(0.,1.,0.));
#8776 = DIRECTION('',(-0.965925826289,0.,0.258819045103));
#8777 = PCURVE('',#4368,#8778);
#8778 = DEFINITIONAL_REPRESENTATION('',(#8779),#8838);
#8779 = B_SPLINE_CURVE_WITH_KNOTS('',8,(#8780,#8781,#8782,#8783,#8784,
    #8785,#8786,#8787,#8788,#8789,#8790,#8791,#8792,#8793,#8794,#8795,
    #8796,#8797,#8798,#8799,#8800,#8801,#8802,#8803,#8804,#8805,#8806,
    #8807,#8808,#8809,#8810,#8811,#8812,#8813,#8814,#8815,#8816,#8817,
    #8818,#8819,#8820,#8821,#8822,#8823,#8824,#8825,#8826,#8827,#8828,
    #8829,#8830,#8831,#8832,#8833,#8834,#8835,#8836,#8837),
  .UNSPECIFIED.,.F.,.F.,(9,7,7,7,7,7,7,7,9),(0.,0.163624617374,
    0.327249234749,0.490873852123,0.654498469498,0.818123086872,
    0.981747704247,1.145372321621,1.308996938996),.UNSPECIFIED.);
#8780 = CARTESIAN_POINT('',(0.,280.857523628));
#8781 = CARTESIAN_POINT('',(1.543745327342,280.857523628));
#8782 = CARTESIAN_POINT('',(3.075241518083,280.857523628));
#8783 = CARTESIAN_POINT('',(4.595150510763,280.857523628));
#8784 = CARTESIAN_POINT('',(6.104108929571,280.857523628));
#8785 = CARTESIAN_POINT('',(7.602730276885,280.857523628));
#8786 = CARTESIAN_POINT('',(9.091607125801,280.857523628));
#8787 = CARTESIAN_POINT('',(10.571313312671,280.857523628));
#8788 = CARTESIAN_POINT('',(13.513498946603,280.857523628));
#8789 = CARTESIAN_POINT('',(14.975978566859,280.857523628));
#8790 = CARTESIAN_POINT('',(16.430399331426,280.857523628));
#8791 = CARTESIAN_POINT('',(17.877312740367,280.857523628));
#8792 = CARTESIAN_POINT('',(19.317223700172,280.857523628));
#8793 = CARTESIAN_POINT('',(20.750661935907,280.857523628));
#8794 = CARTESIAN_POINT('',(22.178123137319,280.857523628));
#8795 = CARTESIAN_POINT('',(25.022067913629,280.857523628));
#8796 = CARTESIAN_POINT('',(26.438551358706,280.85752362801));
#8797 = CARTESIAN_POINT('',(27.85003911838,280.85752362799));
#8798 = CARTESIAN_POINT('',(29.257012754788,280.85752362802));
#8799 = CARTESIAN_POINT('',(30.659932025423,280.85752362798));
#8800 = CARTESIAN_POINT('',(32.059275808273,280.85752362801));
#8801 = CARTESIAN_POINT('',(33.455493513451,280.857523628));
#8802 = CARTESIAN_POINT('',(36.242587486009,280.857523628));
#8803 = CARTESIAN_POINT('',(37.633463557068,280.857523628));
#8804 = CARTESIAN_POINT('',(39.022121813929,280.857523628));
#8805 = CARTESIAN_POINT('',(40.409010576686,280.857523628));
#8806 = CARTESIAN_POINT('',(41.794574585943,280.857523628));
#8807 = CARTESIAN_POINT('',(43.179256204309,280.857523628));
#8808 = CARTESIAN_POINT('',(44.563496617839,280.857523628));
#8809 = CARTESIAN_POINT('',(47.331977457176,280.857523628));
#8810 = CARTESIAN_POINT('',(48.716217870708,280.85752362801));
#8811 = CARTESIAN_POINT('',(50.100899489067,280.85752362799));
#8812 = CARTESIAN_POINT('',(51.486463498335,280.85752362801));
#8813 = CARTESIAN_POINT('',(52.873352261081,280.85752362799));
#8814 = CARTESIAN_POINT('',(54.262010517949,280.857523628));
#8815 = CARTESIAN_POINT('',(55.652886589006,280.857523628));
#8816 = CARTESIAN_POINT('',(58.439980561564,280.857523628));
#8817 = CARTESIAN_POINT('',(59.836198266743,280.857523628));
#8818 = CARTESIAN_POINT('',(61.235542049589,280.85752362799));
#8819 = CARTESIAN_POINT('',(62.63846132023,280.85752362801));
#8820 = CARTESIAN_POINT('',(64.045434956633,280.85752362799));
#8821 = CARTESIAN_POINT('',(65.45692271631,280.857523628));
#8822 = CARTESIAN_POINT('',(66.873406161386,280.857523628));
#8823 = CARTESIAN_POINT('',(69.717350937697,280.857523628));
#8824 = CARTESIAN_POINT('',(71.144812139108,280.85752362799));
#8825 = CARTESIAN_POINT('',(72.578250374844,280.85752362801));
#8826 = CARTESIAN_POINT('',(74.018161334648,280.85752362799));
#8827 = CARTESIAN_POINT('',(75.465074743589,280.85752362801));
#8828 = CARTESIAN_POINT('',(76.919495508157,280.857523628));
#8829 = CARTESIAN_POINT('',(78.381975128412,280.857523628));
#8830 = CARTESIAN_POINT('',(81.324160762344,280.857523628));
#8831 = CARTESIAN_POINT('',(82.803866949213,280.85752362799));
#8832 = CARTESIAN_POINT('',(84.292743798132,280.85752362801));
#8833 = CARTESIAN_POINT('',(85.791365145441,280.85752362799));
#8834 = CARTESIAN_POINT('',(87.300323564254,280.85752362801));
#8835 = CARTESIAN_POINT('',(88.820232556931,280.857523628));
#8836 = CARTESIAN_POINT('',(90.351728747673,280.857523628));
#8837 = CARTESIAN_POINT('',(91.895474075015,280.857523628));
#8838 = ( GEOMETRIC_REPRESENTATION_CONTEXT(2) 
PARAMETRIC_REPRESENTATION_CONTEXT() REPRESENTATION_CONTEXT('2D SPACE',''
  ) );
#8839 = PCURVE('',#8718,#8840);
#8840 = DEFINITIONAL_REPRESENTATION('',(#8841),#8844);
#8841 = B_SPLINE_CURVE_WITH_KNOTS('',1,(#8842,#8843),.UNSPECIFIED.,.F.,
  .F.,(2,2),(0.,1.308996938996),.PIECEWISE_BEZIER_KNOTS.);
#8842 = CARTESIAN_POINT('',(0.,128.));
#8843 = CARTESIAN_POINT('',(1.308996938996,128.));
#8844 = ( GEOMETRIC_REPRESENTATION_CONTEXT(2) 
PARAMETRIC_REPRESENTATION_CONTEXT() REPRESENTATION_CONTEXT('2D SPACE',''
  ) );
#8845 = ORIENTED_EDGE('',*,*,#4598,.T.);
#8846 = ORIENTED_EDGE('',*,*,#4353,.F.);
#8847 = ORIENTED_EDGE('',*,*,#8730,.F.);
#8848 = ADVANCED_FACE('',(#8849),#4504,.F.);
#8849 = FACE_BOUND('',#8850,.F.);
#8850 = EDGE_LOOP('',(#8851,#8852,#8876,#8897));
#8851 = ORIENTED_EDGE('',*,*,#8477,.F.);
#8852 = ORIENTED_EDGE('',*,*,#8853,.F.);
#8853 = EDGE_CURVE('',#8854,#8478,#8856,.T.);
#8854 = VERTEX_POINT('',#8855);
#8855 = CARTESIAN_POINT('',(25.,-118.,45.));
#8856 = SURFACE_CURVE('',#8857,(#8862,#8869),.PCURVE_S1.);
#8857 = CIRCLE('',#8858,8.);
#8858 = AXIS2_PLACEMENT_3D('',#8859,#8860,#8861);
#8859 = CARTESIAN_POINT('',(25.,-118.,53.));
#8860 = DIRECTION('',(0.,-1.,0.));
#8861 = DIRECTION('',(0.,0.,-1.));
#8862 = PCURVE('',#4504,#8863);
#8863 = DEFINITIONAL_REPRESENTATION('',(#8864),#8868);
#8864 = LINE('',#8865,#8866);
#8865 = CARTESIAN_POINT('',(1.570796326795,16.));
#8866 = VECTOR('',#8867,1.);
#8867 = DIRECTION('',(-1.,-0.));
#8868 = ( GEOMETRIC_REPRESENTATION_CONTEXT(2) 
PARAMETRIC_REPRESENTATION_CONTEXT() REPRESENTATION_CONTEXT('2D SPACE',''
  ) );
#8869 = PCURVE('',#6540,#8870);
#8870 = DEFINITIONAL_REPRESENTATION('',(#8871),#8875);
#8871 = LINE('',#8872,#8873);
#8872 = CARTESIAN_POINT('',(-0.,3.14159265359));
#8873 = VECTOR('',#8874,1.);
#8874 = DIRECTION('',(-1.,0.));
#8875 = ( GEOMETRIC_REPRESENTATION_CONTEXT(2) 
PARAMETRIC_REPRESENTATION_CONTEXT() REPRESENTATION_CONTEXT('2D SPACE',''
  ) );
#8876 = ORIENTED_EDGE('',*,*,#8877,.T.);
#8877 = EDGE_CURVE('',#8854,#4488,#8878,.T.);
#8878 = SURFACE_CURVE('',#8879,(#8883,#8890),.PCURVE_S1.);
#8879 = LINE('',#8880,#8881);
#8880 = CARTESIAN_POINT('',(25.,-134.,45.));
#8881 = VECTOR('',#8882,1.);
#8882 = DIRECTION('',(-0.,1.,0.));
#8883 = PCURVE('',#4504,#8884);
#8884 = DEFINITIONAL_REPRESENTATION('',(#8885),#8889);
#8885 = LINE('',#8886,#8887);
#8886 = CARTESIAN_POINT('',(1.570796326795,0.));
#8887 = VECTOR('',#8888,1.);
#8888 = DIRECTION('',(0.,1.));
#8889 = ( GEOMETRIC_REPRESENTATION_CONTEXT(2) 
PARAMETRIC_REPRESENTATION_CONTEXT() REPRESENTATION_CONTEXT('2D SPACE',''
  ) );
#8890 = PCURVE('',#4676,#8891);
#8891 = DEFINITIONAL_REPRESENTATION('',(#8892),#8896);
#8892 = LINE('',#8893,#8894);
#8893 = CARTESIAN_POINT('',(58.,0.));
#8894 = VECTOR('',#8895,1.);
#8895 = DIRECTION('',(0.,1.));
#8896 = ( GEOMETRIC_REPRESENTATION_CONTEXT(2) 
PARAMETRIC_REPRESENTATION_CONTEXT() REPRESENTATION_CONTEXT('2D SPACE',''
  ) );
#8897 = ORIENTED_EDGE('',*,*,#4487,.F.);
#8898 = ADVANCED_FACE('',(#8899),#4558,.T.);
#8899 = FACE_BOUND('',#8900,.F.);
#8900 = EDGE_LOOP('',(#8901,#8902,#8926,#8951));
#8901 = ORIENTED_EDGE('',*,*,#4714,.F.);
#8902 = ORIENTED_EDGE('',*,*,#8903,.T.);
#8903 = EDGE_CURVE('',#4715,#8904,#8906,.T.);
#8904 = VERTEX_POINT('',#8905);
#8905 = CARTESIAN_POINT('',(-33.,64.,159.));
#8906 = SURFACE_CURVE('',#8907,(#8912,#8919),.PCURVE_S1.);
#8907 = CIRCLE('',#8908,54.);
#8908 = AXIS2_PLACEMENT_3D('',#8909,#8910,#8911);
#8909 = CARTESIAN_POINT('',(-33.,64.,105.));
#8910 = DIRECTION('',(1.,0.,-0.));
#8911 = DIRECTION('',(0.,1.,0.));
#8912 = PCURVE('',#4558,#8913);
#8913 = DEFINITIONAL_REPRESENTATION('',(#8914),#8918);
#8914 = LINE('',#8915,#8916);
#8915 = CARTESIAN_POINT('',(-0.,4.712388980385));
#8916 = VECTOR('',#8917,1.);
#8917 = DIRECTION('',(-1.,0.));
#8918 = ( GEOMETRIC_REPRESENTATION_CONTEXT(2) 
PARAMETRIC_REPRESENTATION_CONTEXT() REPRESENTATION_CONTEXT('2D SPACE',''
  ) );
#8919 = PCURVE('',#4750,#8920);
#8920 = DEFINITIONAL_REPRESENTATION('',(#8921),#8925);
#8921 = CIRCLE('',#8922,54.);
#8922 = AXIS2_PLACEMENT_2D('',#8923,#8924);
#8923 = CARTESIAN_POINT('',(60.,-198.));
#8924 = DIRECTION('',(0.,-1.));
#8925 = ( GEOMETRIC_REPRESENTATION_CONTEXT(2) 
PARAMETRIC_REPRESENTATION_CONTEXT() REPRESENTATION_CONTEXT('2D SPACE',''
  ) );
#8926 = ORIENTED_EDGE('',*,*,#8927,.T.);
#8927 = EDGE_CURVE('',#8904,#4542,#8928,.T.);
#8928 = SURFACE_CURVE('',#8929,(#8934,#8940),.PCURVE_S1.);
#8929 = CIRCLE('',#8930,6.);
#8930 = AXIS2_PLACEMENT_3D('',#8931,#8932,#8933);
#8931 = CARTESIAN_POINT('',(-39.,64.,159.));
#8932 = DIRECTION('',(0.,-1.,6.123233995737E-17));
#8933 = DIRECTION('',(0.,6.123233995737E-17,1.));
#8934 = PCURVE('',#4558,#8935);
#8935 = DEFINITIONAL_REPRESENTATION('',(#8936),#8939);
#8936 = B_SPLINE_CURVE_WITH_KNOTS('',1,(#8937,#8938),.UNSPECIFIED.,.F.,
  .F.,(2,2),(4.712388980385,6.28318530718),.PIECEWISE_BEZIER_KNOTS.);
#8937 = CARTESIAN_POINT('',(-1.570796326795,4.712388980385));
#8938 = CARTESIAN_POINT('',(-1.570796326795,6.28318530718));
#8939 = ( GEOMETRIC_REPRESENTATION_CONTEXT(2) 
PARAMETRIC_REPRESENTATION_CONTEXT() REPRESENTATION_CONTEXT('2D SPACE',''
  ) );
#8940 = PCURVE('',#8941,#8946);
#8941 = CYLINDRICAL_SURFACE('',#8942,6.);
#8942 = AXIS2_PLACEMENT_3D('',#8943,#8944,#8945);
#8943 = CARTESIAN_POINT('',(-39.,64.,159.));
#8944 = DIRECTION('',(0.,-1.,-0.));
#8945 = DIRECTION('',(1.,0.,0.));
#8946 = DEFINITIONAL_REPRESENTATION('',(#8947),#8950);
#8947 = B_SPLINE_CURVE_WITH_KNOTS('',1,(#8948,#8949),.UNSPECIFIED.,.F.,
  .F.,(2,2),(4.712388980385,6.28318530718),.PIECEWISE_BEZIER_KNOTS.);
#8948 = CARTESIAN_POINT('',(0.,-1.42108547152E-14));
#8949 = CARTESIAN_POINT('',(1.570796326795,-1.42108547152E-14));
#8950 = ( GEOMETRIC_REPRESENTATION_CONTEXT(2) 
PARAMETRIC_REPRESENTATION_CONTEXT() REPRESENTATION_CONTEXT('2D SPACE',''
  ) );
#8951 = ORIENTED_EDGE('',*,*,#4541,.F.);
#8952 = ADVANCED_FACE('',(#8953),#4586,.T.);
#8953 = FACE_BOUND('',#8954,.T.);
#8954 = EDGE_LOOP('',(#8955,#8980,#9001,#9002));
#8955 = ORIENTED_EDGE('',*,*,#8956,.F.);
#8956 = EDGE_CURVE('',#8957,#8959,#8961,.T.);
#8957 = VERTEX_POINT('',#8958);
#8958 = CARTESIAN_POINT('',(-39.,-64.,165.));
#8959 = VERTEX_POINT('',#8960);
#8960 = CARTESIAN_POINT('',(-57.67593805073,-64.,165.));
#8961 = SURFACE_CURVE('',#8962,(#8966,#8973),.PCURVE_S1.);
#8962 = LINE('',#8963,#8964);
#8963 = CARTESIAN_POINT('',(-33.,-64.,165.));
#8964 = VECTOR('',#8965,1.);
#8965 = DIRECTION('',(-1.,0.,0.));
#8966 = PCURVE('',#4586,#8967);
#8967 = DEFINITIONAL_REPRESENTATION('',(#8968),#8972);
#8968 = LINE('',#8969,#8970);
#8969 = CARTESIAN_POINT('',(102.18584287042,64.));
#8970 = VECTOR('',#8971,1.);
#8971 = DIRECTION('',(1.,0.));
#8972 = ( GEOMETRIC_REPRESENTATION_CONTEXT(2) 
PARAMETRIC_REPRESENTATION_CONTEXT() REPRESENTATION_CONTEXT('2D SPACE',''
  ) );
#8973 = PCURVE('',#6418,#8974);
#8974 = DEFINITIONAL_REPRESENTATION('',(#8975),#8979);
#8975 = LINE('',#8976,#8977);
#8976 = CARTESIAN_POINT('',(1.570796326795,0.));
#8977 = VECTOR('',#8978,1.);
#8978 = DIRECTION('',(0.,1.));
#8979 = ( GEOMETRIC_REPRESENTATION_CONTEXT(2) 
PARAMETRIC_REPRESENTATION_CONTEXT() REPRESENTATION_CONTEXT('2D SPACE',''
  ) );
#8980 = ORIENTED_EDGE('',*,*,#8981,.F.);
#8981 = EDGE_CURVE('',#4542,#8957,#8982,.T.);
#8982 = SURFACE_CURVE('',#8983,(#8987,#8994),.PCURVE_S1.);
#8983 = LINE('',#8984,#8985);
#8984 = CARTESIAN_POINT('',(-39.,64.,165.));
#8985 = VECTOR('',#8986,1.);
#8986 = DIRECTION('',(0.,-1.,-0.));
#8987 = PCURVE('',#4586,#8988);
#8988 = DEFINITIONAL_REPRESENTATION('',(#8989),#8993);
#8989 = LINE('',#8990,#8991);
#8990 = CARTESIAN_POINT('',(108.18584287042,-64.));
#8991 = VECTOR('',#8992,1.);
#8992 = DIRECTION('',(-0.,1.));
#8993 = ( GEOMETRIC_REPRESENTATION_CONTEXT(2) 
PARAMETRIC_REPRESENTATION_CONTEXT() REPRESENTATION_CONTEXT('2D SPACE',''
  ) );
#8994 = PCURVE('',#8941,#8995);
#8995 = DEFINITIONAL_REPRESENTATION('',(#8996),#9000);
#8996 = LINE('',#8997,#8998);
#8997 = CARTESIAN_POINT('',(1.570796326795,0.));
#8998 = VECTOR('',#8999,1.);
#8999 = DIRECTION('',(0.,1.));
#9000 = ( GEOMETRIC_REPRESENTATION_CONTEXT(2) 
PARAMETRIC_REPRESENTATION_CONTEXT() REPRESENTATION_CONTEXT('2D SPACE',''
  ) );
#9001 = ORIENTED_EDGE('',*,*,#4570,.T.);
#9002 = ORIENTED_EDGE('',*,*,#9003,.F.);
#9003 = EDGE_CURVE('',#8959,#4571,#9004,.T.);
#9004 = SURFACE_CURVE('',#9005,(#9009,#9016),.PCURVE_S1.);
#9005 = LINE('',#9006,#9007);
#9006 = CARTESIAN_POINT('',(-57.67593805073,-64.,165.));
#9007 = VECTOR('',#9008,1.);
#9008 = DIRECTION('',(0.,1.,0.));
#9009 = PCURVE('',#4586,#9010);
#9010 = DEFINITIONAL_REPRESENTATION('',(#9011),#9015);
#9011 = LINE('',#9012,#9013);
#9012 = CARTESIAN_POINT('',(126.86178092115,64.));
#9013 = VECTOR('',#9014,1.);
#9014 = DIRECTION('',(0.,-1.));
#9015 = ( GEOMETRIC_REPRESENTATION_CONTEXT(2) 
PARAMETRIC_REPRESENTATION_CONTEXT() REPRESENTATION_CONTEXT('2D SPACE',''
  ) );
#9016 = PCURVE('',#8718,#9017);
#9017 = DEFINITIONAL_REPRESENTATION('',(#9018),#9022);
#9018 = LINE('',#9019,#9020);
#9019 = CARTESIAN_POINT('',(1.308996938996,0.));
#9020 = VECTOR('',#9021,1.);
#9021 = DIRECTION('',(0.,1.));
#9022 = ( GEOMETRIC_REPRESENTATION_CONTEXT(2) 
PARAMETRIC_REPRESENTATION_CONTEXT() REPRESENTATION_CONTEXT('2D SPACE',''
  ) );
#9023 = ADVANCED_FACE('',(#9024),#4676,.T.);
#9024 = FACE_BOUND('',#9025,.T.);
#9025 = EDGE_LOOP('',(#9026,#9027,#9028,#9051));
#9026 = ORIENTED_EDGE('',*,*,#8877,.T.);
#9027 = ORIENTED_EDGE('',*,*,#4662,.T.);
#9028 = ORIENTED_EDGE('',*,*,#9029,.F.);
#9029 = EDGE_CURVE('',#9030,#4641,#9032,.T.);
#9030 = VERTEX_POINT('',#9031);
#9031 = CARTESIAN_POINT('',(-25.,-118.,45.));
#9032 = SURFACE_CURVE('',#9033,(#9037,#9044),.PCURVE_S1.);
#9033 = LINE('',#9034,#9035);
#9034 = CARTESIAN_POINT('',(-25.,-134.,45.));
#9035 = VECTOR('',#9036,1.);
#9036 = DIRECTION('',(-0.,1.,0.));
#9037 = PCURVE('',#4676,#9038);
#9038 = DEFINITIONAL_REPRESENTATION('',(#9039),#9043);
#9039 = LINE('',#9040,#9041);
#9040 = CARTESIAN_POINT('',(8.,0.));
#9041 = VECTOR('',#9042,1.);
#9042 = DIRECTION('',(0.,1.));
#9043 = ( GEOMETRIC_REPRESENTATION_CONTEXT(2) 
PARAMETRIC_REPRESENTATION_CONTEXT() REPRESENTATION_CONTEXT('2D SPACE',''
  ) );
#9044 = PCURVE('',#4781,#9045);
#9045 = DEFINITIONAL_REPRESENTATION('',(#9046),#9050);
#9046 = LINE('',#9047,#9048);
#9047 = CARTESIAN_POINT('',(-1.570796326795,0.));
#9048 = VECTOR('',#9049,1.);
#9049 = DIRECTION('',(-0.,1.));
#9050 = ( GEOMETRIC_REPRESENTATION_CONTEXT(2) 
PARAMETRIC_REPRESENTATION_CONTEXT() REPRESENTATION_CONTEXT('2D SPACE',''
  ) );
#9051 = ORIENTED_EDGE('',*,*,#9052,.T.);
#9052 = EDGE_CURVE('',#9030,#8854,#9053,.T.);
#9053 = SURFACE_CURVE('',#9054,(#9058,#9065),.PCURVE_S1.);
#9054 = LINE('',#9055,#9056);
#9055 = CARTESIAN_POINT('',(-25.,-118.,45.));
#9056 = VECTOR('',#9057,1.);
#9057 = DIRECTION('',(1.,0.,-0.));
#9058 = PCURVE('',#4676,#9059);
#9059 = DEFINITIONAL_REPRESENTATION('',(#9060),#9064);
#9060 = LINE('',#9061,#9062);
#9061 = CARTESIAN_POINT('',(8.,16.));
#9062 = VECTOR('',#9063,1.);
#9063 = DIRECTION('',(1.,0.));
#9064 = ( GEOMETRIC_REPRESENTATION_CONTEXT(2) 
PARAMETRIC_REPRESENTATION_CONTEXT() REPRESENTATION_CONTEXT('2D SPACE',''
  ) );
#9065 = PCURVE('',#6507,#9066);
#9066 = DEFINITIONAL_REPRESENTATION('',(#9067),#9071);
#9067 = LINE('',#9068,#9069);
#9068 = CARTESIAN_POINT('',(0.,0.));
#9069 = VECTOR('',#9070,1.);
#9070 = DIRECTION('',(0.,1.));
#9071 = ( GEOMETRIC_REPRESENTATION_CONTEXT(2) 
PARAMETRIC_REPRESENTATION_CONTEXT() REPRESENTATION_CONTEXT('2D SPACE',''
  ) );
#9072 = ADVANCED_FACE('',(#9073),#4750,.T.);
#9073 = FACE_BOUND('',#9074,.T.);
#9074 = EDGE_LOOP('',(#9075,#9098,#9099,#9100,#9123,#9152));
#9075 = ORIENTED_EDGE('',*,*,#9076,.T.);
#9076 = EDGE_CURVE('',#9077,#4692,#9079,.T.);
#9077 = VERTEX_POINT('',#9078);
#9078 = CARTESIAN_POINT('',(-33.,-118.,53.));
#9079 = SURFACE_CURVE('',#9080,(#9084,#9091),.PCURVE_S1.);
#9080 = LINE('',#9081,#9082);
#9081 = CARTESIAN_POINT('',(-33.,-134.,53.));
#9082 = VECTOR('',#9083,1.);
#9083 = DIRECTION('',(-0.,1.,0.));
#9084 = PCURVE('',#4750,#9085);
#9085 = DEFINITIONAL_REPRESENTATION('',(#9086),#9090);
#9086 = LINE('',#9087,#9088);
#9087 = CARTESIAN_POINT('',(8.,0.));
#9088 = VECTOR('',#9089,1.);
#9089 = DIRECTION('',(0.,-1.));
#9090 = ( GEOMETRIC_REPRESENTATION_CONTEXT(2) 
PARAMETRIC_REPRESENTATION_CONTEXT() REPRESENTATION_CONTEXT('2D SPACE',''
  ) );
#9091 = PCURVE('',#4781,#9092);
#9092 = DEFINITIONAL_REPRESENTATION('',(#9093),#9097);
#9093 = LINE('',#9094,#9095);
#9094 = CARTESIAN_POINT('',(-0.,0.));
#9095 = VECTOR('',#9096,1.);
#9096 = DIRECTION('',(-0.,1.));
#9097 = ( GEOMETRIC_REPRESENTATION_CONTEXT(2) 
PARAMETRIC_REPRESENTATION_CONTEXT() REPRESENTATION_CONTEXT('2D SPACE',''
  ) );
#9098 = ORIENTED_EDGE('',*,*,#4736,.T.);
#9099 = ORIENTED_EDGE('',*,*,#8903,.T.);
#9100 = ORIENTED_EDGE('',*,*,#9101,.T.);
#9101 = EDGE_CURVE('',#8904,#9102,#9104,.T.);
#9102 = VERTEX_POINT('',#9103);
#9103 = CARTESIAN_POINT('',(-33.,-64.,159.));
#9104 = SURFACE_CURVE('',#9105,(#9109,#9116),.PCURVE_S1.);
#9105 = LINE('',#9106,#9107);
#9106 = CARTESIAN_POINT('',(-33.,64.,159.));
#9107 = VECTOR('',#9108,1.);
#9108 = DIRECTION('',(0.,-1.,-0.));
#9109 = PCURVE('',#4750,#9110);
#9110 = DEFINITIONAL_REPRESENTATION('',(#9111),#9115);
#9111 = LINE('',#9112,#9113);
#9112 = CARTESIAN_POINT('',(114.,-198.));
#9113 = VECTOR('',#9114,1.);
#9114 = DIRECTION('',(0.,1.));
#9115 = ( GEOMETRIC_REPRESENTATION_CONTEXT(2) 
PARAMETRIC_REPRESENTATION_CONTEXT() REPRESENTATION_CONTEXT('2D SPACE',''
  ) );
#9116 = PCURVE('',#8941,#9117);
#9117 = DEFINITIONAL_REPRESENTATION('',(#9118),#9122);
#9118 = LINE('',#9119,#9120);
#9119 = CARTESIAN_POINT('',(0.,0.));
#9120 = VECTOR('',#9121,1.);
#9121 = DIRECTION('',(0.,1.));
#9122 = ( GEOMETRIC_REPRESENTATION_CONTEXT(2) 
PARAMETRIC_REPRESENTATION_CONTEXT() REPRESENTATION_CONTEXT('2D SPACE',''
  ) );
#9123 = ORIENTED_EDGE('',*,*,#9124,.T.);
#9124 = EDGE_CURVE('',#9102,#9125,#9127,.T.);
#9125 = VERTEX_POINT('',#9126);
#9126 = CARTESIAN_POINT('',(-33.,-118.,105.));
#9127 = SURFACE_CURVE('',#9128,(#9133,#9140),.PCURVE_S1.);
#9128 = CIRCLE('',#9129,54.);
#9129 = AXIS2_PLACEMENT_3D('',#9130,#9131,#9132);
#9130 = CARTESIAN_POINT('',(-33.,-64.,105.));
#9131 = DIRECTION('',(1.,0.,0.));
#9132 = DIRECTION('',(0.,-2.368475785867E-16,1.));
#9133 = PCURVE('',#4750,#9134);
#9134 = DEFINITIONAL_REPRESENTATION('',(#9135),#9139);
#9135 = CIRCLE('',#9136,54.);
#9136 = AXIS2_PLACEMENT_2D('',#9137,#9138);
#9137 = CARTESIAN_POINT('',(60.,-70.));
#9138 = DIRECTION('',(1.,2.631639762074E-16));
#9139 = ( GEOMETRIC_REPRESENTATION_CONTEXT(2) 
PARAMETRIC_REPRESENTATION_CONTEXT() REPRESENTATION_CONTEXT('2D SPACE',''
  ) );
#9140 = PCURVE('',#9141,#9146);
#9141 = TOROIDAL_SURFACE('',#9142,54.,6.);
#9142 = AXIS2_PLACEMENT_3D('',#9143,#9144,#9145);
#9143 = CARTESIAN_POINT('',(-39.,-64.,105.));
#9144 = DIRECTION('',(-1.,-0.,0.));
#9145 = DIRECTION('',(0.,-2.368475785867E-16,1.));
#9146 = DEFINITIONAL_REPRESENTATION('',(#9147),#9151);
#9147 = LINE('',#9148,#9149);
#9148 = CARTESIAN_POINT('',(-0.,4.712388980385));
#9149 = VECTOR('',#9150,1.);
#9150 = DIRECTION('',(-1.,0.));
#9151 = ( GEOMETRIC_REPRESENTATION_CONTEXT(2) 
PARAMETRIC_REPRESENTATION_CONTEXT() REPRESENTATION_CONTEXT('2D SPACE',''
  ) );
#9152 = ORIENTED_EDGE('',*,*,#9153,.T.);
#9153 = EDGE_CURVE('',#9125,#9077,#9154,.T.);
#9154 = SURFACE_CURVE('',#9155,(#9159,#9166),.PCURVE_S1.);
#9155 = LINE('',#9156,#9157);
#9156 = CARTESIAN_POINT('',(-33.,-118.,105.));
#9157 = VECTOR('',#9158,1.);
#9158 = DIRECTION('',(-0.,0.,-1.));
#9159 = PCURVE('',#4750,#9160);
#9160 = DEFINITIONAL_REPRESENTATION('',(#9161),#9165);
#9161 = LINE('',#9162,#9163);
#9162 = CARTESIAN_POINT('',(60.,-16.));
#9163 = VECTOR('',#9164,1.);
#9164 = DIRECTION('',(-1.,-0.));
#9165 = ( GEOMETRIC_REPRESENTATION_CONTEXT(2) 
PARAMETRIC_REPRESENTATION_CONTEXT() REPRESENTATION_CONTEXT('2D SPACE',''
  ) );
#9166 = PCURVE('',#6446,#9167);
#9167 = DEFINITIONAL_REPRESENTATION('',(#9168),#9172);
#9168 = LINE('',#9169,#9170);
#9169 = CARTESIAN_POINT('',(0.,0.));
#9170 = VECTOR('',#9171,1.);
#9171 = DIRECTION('',(0.,1.));
#9172 = ( GEOMETRIC_REPRESENTATION_CONTEXT(2) 
PARAMETRIC_REPRESENTATION_CONTEXT() REPRESENTATION_CONTEXT('2D SPACE',''
  ) );
#9173 = ADVANCED_FACE('',(#9174),#4781,.F.);
#9174 = FACE_BOUND('',#9175,.T.);
#9175 = EDGE_LOOP('',(#9176,#9177,#9199,#9200));
#9176 = ORIENTED_EDGE('',*,*,#9076,.F.);
#9177 = ORIENTED_EDGE('',*,*,#9178,.T.);
#9178 = EDGE_CURVE('',#9077,#9030,#9179,.T.);
#9179 = SURFACE_CURVE('',#9180,(#9185,#9192),.PCURVE_S1.);
#9180 = CIRCLE('',#9181,8.);
#9181 = AXIS2_PLACEMENT_3D('',#9182,#9183,#9184);
#9182 = CARTESIAN_POINT('',(-25.,-118.,53.));
#9183 = DIRECTION('',(0.,-1.,-0.));
#9184 = DIRECTION('',(-1.,-0.,0.));
#9185 = PCURVE('',#4781,#9186);
#9186 = DEFINITIONAL_REPRESENTATION('',(#9187),#9191);
#9187 = LINE('',#9188,#9189);
#9188 = CARTESIAN_POINT('',(-0.,16.));
#9189 = VECTOR('',#9190,1.);
#9190 = DIRECTION('',(-1.,0.));
#9191 = ( GEOMETRIC_REPRESENTATION_CONTEXT(2) 
PARAMETRIC_REPRESENTATION_CONTEXT() REPRESENTATION_CONTEXT('2D SPACE',''
  ) );
#9192 = PCURVE('',#6479,#9193);
#9193 = DEFINITIONAL_REPRESENTATION('',(#9194),#9198);
#9194 = LINE('',#9195,#9196);
#9195 = CARTESIAN_POINT('',(-0.,3.14159265359));
#9196 = VECTOR('',#9197,1.);
#9197 = DIRECTION('',(-1.,0.));
#9198 = ( GEOMETRIC_REPRESENTATION_CONTEXT(2) 
PARAMETRIC_REPRESENTATION_CONTEXT() REPRESENTATION_CONTEXT('2D SPACE',''
  ) );
#9199 = ORIENTED_EDGE('',*,*,#9029,.T.);
#9200 = ORIENTED_EDGE('',*,*,#4766,.T.);
#9201 = ADVANCED_FACE('',(#9202),#4837,.T.);
#9202 = FACE_BOUND('',#9203,.T.);
#9203 = EDGE_LOOP('',(#9204,#9205,#9206,#9226));
#9204 = ORIENTED_EDGE('',*,*,#4854,.T.);
#9205 = ORIENTED_EDGE('',*,*,#5096,.T.);
#9206 = ORIENTED_EDGE('',*,*,#9207,.F.);
#9207 = EDGE_CURVE('',#4799,#5064,#9208,.T.);
#9208 = SURFACE_CURVE('',#9209,(#9214,#9220),.PCURVE_S1.);
#9209 = CIRCLE('',#9210,8.);
#9210 = AXIS2_PLACEMENT_3D('',#9211,#9212,#9213);
#9211 = CARTESIAN_POINT('',(199.5,-69.,42.));
#9212 = DIRECTION('',(0.,-1.,-0.));
#9213 = DIRECTION('',(1.,0.,0.));
#9214 = PCURVE('',#4837,#9215);
#9215 = DEFINITIONAL_REPRESENTATION('',(#9216),#9219);
#9216 = B_SPLINE_CURVE_WITH_KNOTS('',1,(#9217,#9218),.UNSPECIFIED.,.F.,
  .F.,(2,2),(0.,1.570796326795),.PIECEWISE_BEZIER_KNOTS.);
#9217 = CARTESIAN_POINT('',(0.,138.));
#9218 = CARTESIAN_POINT('',(1.570796326795,138.));
#9219 = ( GEOMETRIC_REPRESENTATION_CONTEXT(2) 
PARAMETRIC_REPRESENTATION_CONTEXT() REPRESENTATION_CONTEXT('2D SPACE',''
  ) );
#9220 = PCURVE('',#5084,#9221);
#9221 = DEFINITIONAL_REPRESENTATION('',(#9222),#9225);
#9222 = B_SPLINE_CURVE_WITH_KNOTS('',1,(#9223,#9224),.UNSPECIFIED.,.F.,
  .F.,(2,2),(0.,1.570796326795),.PIECEWISE_BEZIER_KNOTS.);
#9223 = CARTESIAN_POINT('',(0.,0.));
#9224 = CARTESIAN_POINT('',(0.,1.570796326795));
#9225 = ( GEOMETRIC_REPRESENTATION_CONTEXT(2) 
PARAMETRIC_REPRESENTATION_CONTEXT() REPRESENTATION_CONTEXT('2D SPACE',''
  ) );
#9226 = ORIENTED_EDGE('',*,*,#4823,.F.);
#9227 = ADVANCED_FACE('',(#9228),#4961,.F.);
#9228 = FACE_BOUND('',#9229,.F.);
#9229 = EDGE_LOOP('',(#9230,#9231,#9670,#9744));
#9230 = ORIENTED_EDGE('',*,*,#4905,.F.);
#9231 = ORIENTED_EDGE('',*,*,#9232,.T.);
#9232 = EDGE_CURVE('',#4906,#6609,#9233,.T.);
#9233 = SURFACE_CURVE('',#9234,(#9432,#9663),.PCURVE_S1.);
#9234 = ( BOUNDED_CURVE() B_SPLINE_CURVE(14,(#9235,#9236,#9237,#9238,
    #9239,#9240,#9241,#9242,#9243,#9244,#9245,#9246,#9247,#9248,#9249,
    #9250,#9251,#9252,#9253,#9254,#9255,#9256,#9257,#9258,#9259,#9260,
    #9261,#9262,#9263,#9264,#9265,#9266,#9267,#9268,#9269,#9270,#9271,
    #9272,#9273,#9274,#9275,#9276,#9277,#9278,#9279,#9280,#9281,#9282,
    #9283,#9284,#9285,#9286,#9287,#9288,#9289,#9290,#9291,#9292,#9293,
    #9294,#9295,#9296,#9297,#9298,#9299,#9300,#9301,#9302,#9303,#9304,
    #9305,#9306,#9307,#9308,#9309,#9310,#9311,#9312,#9313,#9314,#9315,
    #9316,#9317,#9318,#9319,#9320,#9321,#9322,#9323,#9324,#9325,#9326,
    #9327,#9328,#9329,#9330,#9331,#9332,#9333,#9334,#9335,#9336,#9337,
    #9338,#9339,#9340,#9341,#9342,#9343,#9344,#9345,#9346,#9347,#9348,
    #9349,#9350,#9351,#9352,#9353,#9354,#9355,#9356,#9357,#9358,#9359,
    #9360,#9361,#9362,#9363,#9364,#9365,#9366,#9367,#9368,#9369,#9370,
    #9371,#9372,#9373,#9374,#9375,#9376,#9377,#9378,#9379,#9380,#9381,
    #9382,#9383,#9384,#9385,#9386,#9387,#9388,#9389,#9390,#9391,#9392,
    #9393,#9394,#9395,#9396,#9397,#9398,#9399,#9400,#9401,#9402,#9403,
    #9404,#9405,#9406,#9407,#9408,#9409,#9410,#9411,#9412,#9413,#9414,
    #9415,#9416,#9417,#9418,#9419,#9420,#9421,#9422,#9423,#9424,#9425,
    #9426,#9427,#9428,#9429,#9430,#9431),.UNSPECIFIED.,.F.,.F.) 
B_SPLINE_CURVE_WITH_KNOTS((15,13,13,13,13,13,13,13,13,13,13,13,13,13,13,
    15),(428.485540684,430.77820029802,456.58601827004,469.74940115672,
    473.04024687839,476.33109260006,479.62193832173,481.26736118256,
    482.09007261298,482.50142832819,482.7071061858,482.8099451146,
    482.861364579,482.8870743112,482.8999291773,482.9127840434),
.UNSPECIFIED.) CURVE() GEOMETRIC_REPRESENTATION_ITEM() 
RATIONAL_B_SPLINE_CURVE((1.,1.,1.,0.999999999999,1.000000000003,
    0.999999999996,1.000000000005,0.999999999994,1.000000000005,
    0.999999999996,1.000000000002,0.999999999999,1.,1.,1.,1.,
    0.999999999999,1.000000000002,0.999999999996,1.000000000007,
    0.999999999992,1.000000000007,0.999999999995,1.000000000003,
    0.999999999999,1.,1.,1.,1.000000000003,0.999999999991,1.000000000019
    ,0.99999999997,1.00000000004,0.999999999957,1.000000000039,
    0.999999999972,1.000000000017,0.999999999992,1.000000000003,
    0.999999999999,1.,0.999999999999,1.000000000003,0.999999999993,
    1.000000000013,0.999999999981,1.000000000022,0.99999999998,
    1.000000000015,0.999999999991,1.000000000004,0.999999999999,1.,1.,1.
    ,1.,0.999999999999,1.000000000003,0.999999999995,1.000000000006,
    0.999999999995,1.000000000004,0.999999999997,1.000000000001,
    0.999999999999,1.,1.,1.000000000001,0.999999999996,1.000000000008,
    0.999999999986,1.000000000017,0.999999999983,1.000000000015,
    0.99999999999,1.000000000006,0.999999999997,1.000000000001,1.,1.,
    0.999999999998,1.000000000006,0.999999999987,1.000000000022,
    0.999999999971,1.000000000031,0.999999999973,1.000000000019,
    0.999999999989,1.000000000005,0.999999999998,1.,1.,1.000000000001,
    0.999999999997,1.000000000006,0.99999999999,1.000000000013,
    0.999999999986,1.000000000013,0.99999999999,1.000000000006,
    0.999999999997,1.000000000001,1.,1.,1.,1.000000000001,0.999999999997
    ,1.000000000005,0.999999999992,1.00000000001,0.999999999991,
    1.000000000008,0.999999999995,1.000000000003,0.999999999999,
    1.000000000001,0.999999999999,1.000000000003,0.99999999999,
    1.000000000022,0.999999999966,1.000000000044,0.999999999955,
    1.000000000039,0.999999999973,1.000000000015,0.999999999993,
    1.000000000002,1.,1.,0.999999999999,1.000000000002,0.999999999997,
    1.000000000005,0.999999999994,1.000000000007,0.999999999994,
    1.000000000004,0.999999999998,1.000000000001,1.,1.,1.,0.999999999999
    ,1.000000000002,0.999999999996,1.000000000008,0.999999999989,
    1.000000000012,0.999999999989,1.000000000008,0.999999999995,
    1.000000000003,0.999999999999,1.,1.,1.000000000002,0.999999999994,
    1.000000000013,0.999999999978,1.00000000003,0.999999999968,
    1.000000000029,0.999999999979,1.000000000013,0.999999999994,
    1.000000000002,1.,1.,0.999999999999,1.000000000003,0.999999999993,
    1.000000000011,0.999999999987,1.000000000013,0.999999999989,
    1.000000000007,0.999999999996,1.000000000002,1.,1.,1.,0.999999999999
    ,1.000000000004,0.999999999992,1.000000000013,0.999999999983,
    1.000000000018,0.999999999984,1.000000000012,0.999999999993,
1.000000000003,0.999999999999,1.,1.)) REPRESENTATION_ITEM('') );
#9235 = CARTESIAN_POINT('',(120.86464933237,-116.,50.));
#9236 = CARTESIAN_POINT('',(120.69999301169,-116.0080715166,
    49.999999999999));
#9237 = CARTESIAN_POINT('',(120.53533480146,-116.0162300399,
    50.000994174887));
#9238 = CARTESIAN_POINT('',(120.37068870637,-116.0244763122,
    50.00297879516));
#9239 = CARTESIAN_POINT('',(120.20604527385,-116.0328139444,
    50.005954485201));
#9240 = CARTESIAN_POINT('',(120.04139784329,-116.0412462436,
    50.009921783091));
#9241 = CARTESIAN_POINT('',(119.87674896535,-116.0497754197,
    50.014879708145));
#9242 = CARTESIAN_POINT('',(119.71210462653,-116.0584032614,
    50.020826301608));
#9243 = CARTESIAN_POINT('',(119.54746394352,-116.0671323747,
    50.027760114379));
#9244 = CARTESIAN_POINT('',(119.38281195051,-116.0759670765,
    50.035681603288));
#9245 = CARTESIAN_POINT('',(119.21812315241,-116.0849130336,
    50.044593413096));
#9246 = CARTESIAN_POINT('',(119.05338346533,-116.093974741,
    50.054498504173));
#9247 = CARTESIAN_POINT('',(118.8886382119,-116.1031499306,
    50.06539510223));
#9248 = CARTESIAN_POINT('',(118.72407380321,-116.1124200027,
    50.077267432974));
#9249 = CARTESIAN_POINT('',(116.7147930998,-116.2265982878,
    50.234199740249));
#9250 = CARTESIAN_POINT('',(114.91825139466,-116.3422285854,
    50.498648751291));
#9251 = CARTESIAN_POINT('',(113.1165422385,-116.4729858103,
    50.877139194003));
#9252 = CARTESIAN_POINT('',(111.33686056646,-116.6213247222,
    51.376404267763));
#9253 = CARTESIAN_POINT('',(109.61573326546,-116.7880659712,
    51.983337100948));
#9254 = CARTESIAN_POINT('',(107.9625222214,-116.9738164524,
    52.68004253251));
#9255 = CARTESIAN_POINT('',(106.35169710021,-117.1825505093,
    53.456381288179));
#9256 = CARTESIAN_POINT('',(104.77047041127,-117.417869194,
    54.325539659489));
#9257 = CARTESIAN_POINT('',(103.23502386903,-117.6893670684,
    55.283598790192));
#9258 = CARTESIAN_POINT('',(101.76333592236,-117.9984768733,
    56.292217539393));
#9259 = CARTESIAN_POINT('',(100.35425479481,-118.3274497246,
    57.332323927877));
#9260 = CARTESIAN_POINT('',(98.979750582027,-118.6901942928,
    58.415332297352));
#9261 = CARTESIAN_POINT('',(97.600309579199,-119.0982500287,
    59.556127474024));
#9262 = CARTESIAN_POINT('',(95.591329411063,-119.7277058526,
    61.28237107107));
#9263 = CARTESIAN_POINT('',(94.917748782291,-119.9472417179,
    61.871138131201));
#9264 = CARTESIAN_POINT('',(94.245676649789,-120.1729917173,
    62.466976527434));
#9265 = CARTESIAN_POINT('',(93.575328527886,-120.4029078443,
    63.068315404898));
#9266 = CARTESIAN_POINT('',(92.907365864413,-120.6349735863,
    63.673094176173));
#9267 = CARTESIAN_POINT('',(92.241584087889,-120.8676400814,
    64.27985179394));
#9268 = CARTESIAN_POINT('',(91.57679271777,-121.0997381513,
    64.88795834333));
#9269 = CARTESIAN_POINT('',(90.911284880633,-121.3301847724,
    65.497400413731));
#9270 = CARTESIAN_POINT('',(90.24344471343,-121.5577110171,
    66.108427866394));
#9271 = CARTESIAN_POINT('',(89.572192306187,-121.7807469681,
    66.721265762017));
#9272 = CARTESIAN_POINT('',(88.897116961154,-121.9975075883,
    67.335991377061));
#9273 = CARTESIAN_POINT('',(88.218300725374,-122.2062319961,
    67.95257237887));
#9274 = CARTESIAN_POINT('',(87.535985277798,-122.4054370735,
    68.570958396782));
#9275 = CARTESIAN_POINT('',(86.678986710847,-122.6410842378,
    69.346028363214));
#9276 = CARTESIAN_POINT('',(86.507380338171,-122.6875447898,
    69.501147432262));
#9277 = CARTESIAN_POINT('',(86.335572157634,-122.7333180703,
    69.656369440211));
#9278 = CARTESIAN_POINT('',(86.163566156252,-122.7783866869,
    69.811692468512));
#9279 = CARTESIAN_POINT('',(85.991365456769,-122.8227342462,
    69.967114816981));
#9280 = CARTESIAN_POINT('',(85.818972317358,-122.8663453527,
    70.122635003703));
#9281 = CARTESIAN_POINT('',(85.646388132188,-122.9092056101,
    70.278251765146));
#9282 = CARTESIAN_POINT('',(85.4736134305,-122.9513016199,70.43396405609
    ));
#9283 = CARTESIAN_POINT('',(85.300647877885,-122.9926209828,
    70.589771049583));
#9284 = CARTESIAN_POINT('',(85.127490274796,-123.0331522974,
    70.745672137134));
#9285 = CARTESIAN_POINT('',(84.954138558002,-123.0728851613,
    70.901666928407));
#9286 = CARTESIAN_POINT('',(84.780589799401,-123.1118101702,
    71.057755251553));
#9287 = CARTESIAN_POINT('',(84.60684020682,-123.1499189186,
    71.213937152936));
#9288 = CARTESIAN_POINT('',(84.25893004034,-123.2244890803,
    71.526488641682));
#9289 = CARTESIAN_POINT('',(84.084786002254,-123.2609396754,
    71.682872575644));
#9290 = CARTESIAN_POINT('',(83.910518041412,-123.2965024038,
    71.839423588749));
#9291 = CARTESIAN_POINT('',(83.73618726523,-123.3311392975,
    71.996196335178));
#9292 = CARTESIAN_POINT('',(83.561845381154,-123.3648264311,
    72.153237284017));
#9293 = CARTESIAN_POINT('',(83.387530560271,-123.3975523471,
    72.310581740411));
#9294 = CARTESIAN_POINT('',(83.213264640282,-123.4293162763,
    72.468251841287));
#9295 = CARTESIAN_POINT('',(83.039051667121,-123.4601261555,
    72.626255519646));
#9296 = CARTESIAN_POINT('',(82.864877776132,-123.4899964395,
    72.784586445744));
#9297 = CARTESIAN_POINT('',(82.69071241183,-123.5189457107,
    72.943224935281));
#9298 = CARTESIAN_POINT('',(82.516510887132,-123.5469940823,
    73.102139834666));
#9299 = CARTESIAN_POINT('',(82.342218281369,-123.5741603997,
    73.26129137456));
#9300 = CARTESIAN_POINT('',(82.167774677536,-123.6004592363,
    73.420634998265));
#9301 = CARTESIAN_POINT('',(81.818468799514,-123.6513361351,
    73.739617323352));
#9302 = CARTESIAN_POINT('',(81.643611813075,-123.6759140237,
    73.899259165194));
#9303 = CARTESIAN_POINT('',(81.468484111159,-123.6996421775,
    74.059001500151));
#9304 = CARTESIAN_POINT('',(81.29302627114,-123.7225245069,
    74.218797308359));
#9305 = CARTESIAN_POINT('',(81.117186543945,-123.7445588849,
    74.378602732722));
#9306 = CARTESIAN_POINT('',(80.940921280652,-123.765738025,
    74.538377075398));
#9307 = CARTESIAN_POINT('',(80.76419536174,-123.78605036,74.69808279435)
  );
#9308 = CARTESIAN_POINT('',(80.586982622505,-123.8054809194,
    74.85768549965));
#9309 = CARTESIAN_POINT('',(80.40926628317,-123.8240122082,
    75.017153950233));
#9310 = CARTESIAN_POINT('',(80.231039374102,-123.8416250846,
    75.17646005007));
#9311 = CARTESIAN_POINT('',(80.052305165375,-123.8582996386,
    75.33557884492));
#9312 = CARTESIAN_POINT('',(79.873077593054,-123.8740160698,
    75.494488518618));
#9313 = CARTESIAN_POINT('',(79.693381687561,-123.8887555656,
    75.653170389678));
#9314 = CARTESIAN_POINT('',(79.423190157649,-123.9093739865,
    75.89082816671));
#9315 = CARTESIAN_POINT('',(79.333017040047,-123.9159983647,
    75.96998577515));
#9316 = CARTESIAN_POINT('',(79.242738879639,-123.9223720768,
    76.049079696188));
#9317 = CARTESIAN_POINT('',(79.152360202304,-123.92849301,
    76.128107828808));
#9318 = CARTESIAN_POINT('',(79.06188582925,-123.9343591764,
    76.207068007028));
#9319 = CARTESIAN_POINT('',(78.971320875093,-123.9399687129,
    76.285958001542));
#9320 = CARTESIAN_POINT('',(78.880670751041,-123.9453198811,
    76.364775516888));
#9321 = CARTESIAN_POINT('',(78.789941160507,-123.9504110673,
    76.443518195556));
#9322 = CARTESIAN_POINT('',(78.699138104189,-123.9552407826,
    76.52218361292));
#9323 = CARTESIAN_POINT('',(78.6082678751,-123.9598076628,
    76.600769282574));
#9324 = CARTESIAN_POINT('',(78.517337062683,-123.9641104686,
    76.679272651544));
#9325 = CARTESIAN_POINT('',(78.426352549934,-123.9681480852,
    76.757691103931));
#9326 = CARTESIAN_POINT('',(78.335321515087,-123.9719195227,
    76.836021958583));
#9327 = CARTESIAN_POINT('',(78.198716388659,-123.9771761127,
    76.953382726192));
#9328 = CARTESIAN_POINT('',(78.153171470909,-123.9788614758,
    76.992480504526));
#9329 = CARTESIAN_POINT('',(78.107617579567,-123.9804799427,
    77.031555335097));
#9330 = CARTESIAN_POINT('',(78.0620556167,-123.9820314504,
    77.070606747551));
#9331 = CARTESIAN_POINT('',(78.016486484273,-123.9835159363,
    77.109634271817));
#9332 = CARTESIAN_POINT('',(77.970911084422,-123.9849333376,
    77.1486374373));
#9333 = CARTESIAN_POINT('',(77.925330319029,-123.9862835916,
    77.187615774229));
#9334 = CARTESIAN_POINT('',(77.879745090317,-123.9875666354,
    77.226568811726));
#9335 = CARTESIAN_POINT('',(77.83415630009,-123.9887824064,
    77.265496080184));
#9336 = CARTESIAN_POINT('',(77.78856485062,-123.9899308417,
    77.30439710875));
#9337 = CARTESIAN_POINT('',(77.742971643715,-123.9910118786,
    77.343271427611));
#9338 = CARTESIAN_POINT('',(77.69737758158,-123.9920254543,
    77.382118566219));
#9339 = CARTESIAN_POINT('',(77.651783566136,-123.992971506,
    77.420938054462));
#9340 = CARTESIAN_POINT('',(77.583393966134,-123.9942892036,
    77.479125105789));
#9341 = CARTESIAN_POINT('',(77.560597675006,-123.9947115553,
    77.498513723286));
#9342 = CARTESIAN_POINT('',(77.537801732363,-123.9951170245,
    77.517895194997));
#9343 = CARTESIAN_POINT('',(77.515006243938,-123.9955056096,
    77.53726944186));
#9344 = CARTESIAN_POINT('',(77.492211316768,-123.9958773089,
    77.556636383747));
#9345 = CARTESIAN_POINT('',(77.469417055427,-123.996232121,
    77.575995942555));
#9346 = CARTESIAN_POINT('',(77.446623568307,-123.9965700439,
    77.595348037013));
#9347 = CARTESIAN_POINT('',(77.42383095886,-123.9968910765,
    77.614692590005));
#9348 = CARTESIAN_POINT('',(77.401039335918,-123.9971952166,
    77.634029519807));
#9349 = CARTESIAN_POINT('',(77.378248803368,-123.997482463,
    77.653358749028));
#9350 = CARTESIAN_POINT('',(77.355459468921,-123.9977528139,
    77.672680196832));
#9351 = CARTESIAN_POINT('',(77.332671437825,-123.9980062677,
    77.691993784676));
#9352 = CARTESIAN_POINT('',(77.309884816622,-123.9982428228,
    77.711299432766));
#9353 = CARTESIAN_POINT('',(77.275707158674,-123.998572305,
    77.740245876384));
#9354 = CARTESIAN_POINT('',(77.264314983278,-123.9986779079,
    77.749892683332));
#9355 = CARTESIAN_POINT('',(77.252923197186,-123.9987792864,
    77.759537471377));
#9356 = CARTESIAN_POINT('',(77.241531812086,-123.9988764404,
    77.769180229367));
#9357 = CARTESIAN_POINT('',(77.23014084056,-123.9989693699,
    77.778820945731));
#9358 = CARTESIAN_POINT('',(77.218750293494,-123.9990580752,
    77.788459609721));
#9359 = CARTESIAN_POINT('',(77.207360184385,-123.9991425558,
    77.79809620929));
#9360 = CARTESIAN_POINT('',(77.195970523392,-123.9992228123,
    77.80773073409));
#9361 = CARTESIAN_POINT('',(77.184581324254,-123.9992988442,
    77.817363171905));
#9362 = CARTESIAN_POINT('',(77.173192597477,-123.9993706518,
    77.826993512254));
#9363 = CARTESIAN_POINT('',(77.161804356023,-123.9994382351,
    77.836621743295));
#9364 = CARTESIAN_POINT('',(77.150416611296,-123.999501594,
    77.846247854085));
#9365 = CARTESIAN_POINT('',(77.139029375509,-123.9995607287,
    77.855871833185));
#9366 = CARTESIAN_POINT('',(77.121949303066,-123.9996430941,
    77.870304587477));
#9367 = CARTESIAN_POINT('',(77.11625607558,-123.9996694932,
    77.875114969672));
#9368 = CARTESIAN_POINT('',(77.110562979514,-123.9996948362,
    77.879924814527));
#9369 = CARTESIAN_POINT('',(77.104870016075,-123.9997191233,
    77.884734120428));
#9370 = CARTESIAN_POINT('',(77.099177187024,-123.9997423542,
    77.889542886165));
#9371 = CARTESIAN_POINT('',(77.093484493026,-123.9997645292,
    77.894351109785));
#9372 = CARTESIAN_POINT('',(77.087791936531,-123.999785648,
    77.899158790462));
#9373 = CARTESIAN_POINT('',(77.08209951754,-123.999805711,
    77.903965925938));
#9374 = CARTESIAN_POINT('',(77.076407238905,-123.9998247178,
    77.908772515494));
#9375 = CARTESIAN_POINT('',(77.070715100667,-123.9998426688,
    77.913578557006));
#9376 = CARTESIAN_POINT('',(77.065023105195,-123.9998595637,
    77.918384049438));
#9377 = CARTESIAN_POINT('',(77.059331253262,-123.9998754026,
    77.923188991044));
#9378 = CARTESIAN_POINT('',(77.053639546524,-123.9998901855,
    77.927993380465));
#9379 = CARTESIAN_POINT('',(77.045102206131,-123.999910776,
    77.935199134019));
#9380 = CARTESIAN_POINT('',(77.04225646259,-123.9999173755,
    77.93760091345));
#9381 = CARTESIAN_POINT('',(77.0394107559,-123.999923711,77.940002554191
    ));
#9382 = CARTESIAN_POINT('',(77.036565085912,-123.9999297825,
    77.942404056296));
#9383 = CARTESIAN_POINT('',(77.033719453488,-123.99993559,77.94480541903
    ));
#9384 = CARTESIAN_POINT('',(77.030873857562,-123.9999411336,
    77.947206643174));
#9385 = CARTESIAN_POINT('',(77.028028300054,-123.9999464131,
    77.949607727119));
#9386 = CARTESIAN_POINT('',(77.025182779043,-123.9999514287,
    77.952008672403));
#9387 = CARTESIAN_POINT('',(77.022337296756,-123.9999561802,
    77.954409477077));
#9388 = CARTESIAN_POINT('',(77.019491851641,-123.9999606679,
    77.95681014245));
#9389 = CARTESIAN_POINT('',(77.016646445053,-123.9999648915,
    77.95921066727));
#9390 = CARTESIAN_POINT('',(77.013801076466,-123.9999688511,
    77.961611051966));
#9391 = CARTESIAN_POINT('',(77.010955746367,-123.9999725467,
    77.964011296061));
#9392 = CARTESIAN_POINT('',(77.006687809014,-123.9999776942,
    77.967611451167));
#9393 = CARTESIAN_POINT('',(77.005265172886,-123.9999793441,
    77.968811467686));
#9394 = CARTESIAN_POINT('',(77.003842546345,-123.9999809279,
    77.970011449014));
#9395 = CARTESIAN_POINT('',(77.002419929667,-123.9999824458,
    77.97121139509));
#9396 = CARTESIAN_POINT('',(77.000997322311,-123.9999838976,
    77.972411305968));
#9397 = CARTESIAN_POINT('',(76.999574725285,-123.9999852835,
    77.973611181479));
#9398 = CARTESIAN_POINT('',(76.998152137168,-123.9999866034,
    77.97481102183));
#9399 = CARTESIAN_POINT('',(76.99672955974,-123.9999878572,
    77.976010826691));
#9400 = CARTESIAN_POINT('',(76.99530699121,-123.9999890451,
    77.977210596374));
#9401 = CARTESIAN_POINT('',(76.993884433164,-123.999990167,
    77.97841033055));
#9402 = CARTESIAN_POINT('',(76.99246188449,-123.9999912229,
    77.979610029425));
#9403 = CARTESIAN_POINT('',(76.991039345882,-123.9999922128,
    77.980809692831));
#9404 = CARTESIAN_POINT('',(76.989616817038,-123.9999931367,
    77.98200932082));
#9405 = CARTESIAN_POINT('',(76.987483038622,-123.9999944236,
    77.983808709591));
#9406 = CARTESIAN_POINT('',(76.986771781612,-123.999994836,
    77.984408496999));
#9407 = CARTESIAN_POINT('',(76.986060527094,-123.999995232,
    77.985008275466));
#9408 = CARTESIAN_POINT('',(76.985349275005,-123.9999956114,
    77.985608045254));
#9409 = CARTESIAN_POINT('',(76.984638025476,-123.9999959744,
    77.986207805785));
#9410 = CARTESIAN_POINT('',(76.983926778298,-123.9999963209,
    77.986807558039));
#9411 = CARTESIAN_POINT('',(76.983215533766,-123.9999966508,
    77.987407300638));
#9412 = CARTESIAN_POINT('',(76.982504291534,-123.9999969643,
    77.988007035178));
#9413 = CARTESIAN_POINT('',(76.981793051963,-123.9999972612,
    77.988606760099));
#9414 = CARTESIAN_POINT('',(76.981081814738,-123.9999975417,
    77.989206476668));
#9415 = CARTESIAN_POINT('',(76.980370580098,-123.9999978057,
    77.989806184017));
#9416 = CARTESIAN_POINT('',(76.979659347899,-123.9999980532,
    77.990405882629));
#9417 = CARTESIAN_POINT('',(76.978948118218,-123.9999982841,
    77.991005572281));
#9418 = CARTESIAN_POINT('',(76.977525663834,-123.9999987131,
    77.99220493381));
#9419 = CARTESIAN_POINT('',(76.976767367549,-123.9999989111,
    77.992767111359));
#9420 = CARTESIAN_POINT('',(76.976465665476,-123.9999990925,
    77.993692972556));
#9421 = CARTESIAN_POINT('',(76.973964172031,-123.9999992575,
    77.992866606038));
#9422 = CARTESIAN_POINT('',(76.978352335541,-123.999999406,
    77.99752810011));
#9423 = CARTESIAN_POINT('',(76.967238349778,-123.999999538,
    77.989841537141));
#9424 = CARTESIAN_POINT('',(76.982420361882,-123.9999996535,
    78.003100716429));
#9425 = CARTESIAN_POINT('',(76.963123237323,-123.9999997524,
    77.988895953315));
#9426 = CARTESIAN_POINT('',(76.979179392932,-123.999999835,
    78.002851398958));
#9427 = CARTESIAN_POINT('',(76.966840905598,-123.9999999009,
    77.994189430711));
#9428 = CARTESIAN_POINT('',(76.97222602364,-123.9999999505,
    77.999644971028));
#9429 = CARTESIAN_POINT('',(76.969184411837,-123.9999999834,
    77.998388292543));
#9430 = CARTESIAN_POINT('',(76.969072774341,-124.,77.999465438069));
#9431 = CARTESIAN_POINT('',(76.968279905777,-124.,78.));
#9432 = PCURVE('',#4961,#9433);
#9433 = DEFINITIONAL_REPRESENTATION('',(#9434),#9662);
#9434 = B_SPLINE_CURVE_WITH_KNOTS('',10,(#9435,#9436,#9437,#9438,#9439,
    #9440,#9441,#9442,#9443,#9444,#9445,#9446,#9447,#9448,#9449,#9450,
    #9451,#9452,#9453,#9454,#9455,#9456,#9457,#9458,#9459,#9460,#9461,
    #9462,#9463,#9464,#9465,#9466,#9467,#9468,#9469,#9470,#9471,#9472,
    #9473,#9474,#9475,#9476,#9477,#9478,#9479,#9480,#9481,#9482,#9483,
    #9484,#9485,#9486,#9487,#9488,#9489,#9490,#9491,#9492,#9493,#9494,
    #9495,#9496,#9497,#9498,#9499,#9500,#9501,#9502,#9503,#9504,#9505,
    #9506,#9507,#9508,#9509,#9510,#9511,#9512,#9513,#9514,#9515,#9516,
    #9517,#9518,#9519,#9520,#9521,#9522,#9523,#9524,#9525,#9526,#9527,
    #9528,#9529,#9530,#9531,#9532,#9533,#9534,#9535,#9536,#9537,#9538,
    #9539,#9540,#9541,#9542,#9543,#9544,#9545,#9546,#9547,#9548,#9549,
    #9550,#9551,#9552,#9553,#9554,#9555,#9556,#9557,#9558,#9559,#9560,
    #9561,#9562,#9563,#9564,#9565,#9566,#9567,#9568,#9569,#9570,#9571,
    #9572,#9573,#9574,#9575,#9576,#9577,#9578,#9579,#9580,#9581,#9582,
    #9583,#9584,#9585,#9586,#9587,#9588,#9589,#9590,#9591,#9592,#9593,
    #9594,#9595,#9596,#9597,#9598,#9599,#9600,#9601,#9602,#9603,#9604,
    #9605,#9606,#9607,#9608,#9609,#9610,#9611,#9612,#9613,#9614,#9615,
    #9616,#9617,#9618,#9619,#9620,#9621,#9622,#9623,#9624,#9625,#9626,
    #9627,#9628,#9629,#9630,#9631,#9632,#9633,#9634,#9635,#9636,#9637,
    #9638,#9639,#9640,#9641,#9642,#9643,#9644,#9645,#9646,#9647,#9648,
    #9649,#9650,#9651,#9652,#9653,#9654,#9655,#9656,#9657,#9658,#9659,
    #9660,#9661),.UNSPECIFIED.,.F.,.F.,(11,9,9,9,9,9,9,9,9,9,9,9,9,9,9,9
    ,9,9,9,9,9,9,9,9,9,11),(428.485540684,430.18639203899,
    430.61160487773,431.03681771648,431.88724339397,435.28894610393,
    442.09235152385,455.6991623637,456.54958804119,457.40001371868,
    459.10086507366,462.50256778363,469.30597320355,472.70767591351,
    476.10937862348,479.51108133344,481.21193268842,482.06235836591,
    482.48757120465,482.70017762403,482.80648083371,482.85963243856,
    482.88620824098,482.89949614219,482.90614009279,482.9127840434),
  .UNSPECIFIED.);
#9435 = CARTESIAN_POINT('',(1.110223024625E-16,21.096020687797));
#9436 = CARTESIAN_POINT('',(0.146691126028,21.079055595732));
#9437 = CARTESIAN_POINT('',(0.292995252537,21.061878553259));
#9438 = CARTESIAN_POINT('',(0.438929068279,21.044483994361));
#9439 = CARTESIAN_POINT('',(0.584498814399,21.026867725282));
#9440 = CARTESIAN_POINT('',(0.729711667914,21.009025216349));
#9441 = CARTESIAN_POINT('',(0.874581417518,20.990950750244));
#9442 = CARTESIAN_POINT('',(1.019128431721,20.972637426293));
#9443 = CARTESIAN_POINT('',(1.163373919305,20.954078021219));
#9444 = CARTESIAN_POINT('',(1.307328482126,20.935266705993));
#9445 = CARTESIAN_POINT('',(1.486886579749,20.91143534727));
#9446 = CARTESIAN_POINT('',(1.522778331099,20.906653329819));
#9447 = CARTESIAN_POINT('',(1.558650020305,20.90185552672));
#9448 = CARTESIAN_POINT('',(1.594500948339,20.897041987174));
#9449 = CARTESIAN_POINT('',(1.630329911103,20.892212849379));
#9450 = CARTESIAN_POINT('',(1.66613519945,20.887368340747));
#9451 = CARTESIAN_POINT('',(1.701914599159,20.882508777658));
#9452 = CARTESIAN_POINT('',(1.737665390958,20.877634565677));
#9453 = CARTESIAN_POINT('',(1.773384350506,20.872746199407));
#9454 = CARTESIAN_POINT('',(1.844751146303,20.862942325715));
#9455 = CARTESIAN_POINT('',(1.880402500368,20.858026176196));
#9456 = CARTESIAN_POINT('',(1.915979031627,20.853103626531));
#9457 = CARTESIAN_POINT('',(1.951655283297,20.848141851899));
#9458 = CARTESIAN_POINT('',(1.986939136419,20.843233886881));
#9459 = CARTESIAN_POINT('',(2.022616745434,20.838229162571));
#9460 = CARTESIAN_POINT('',(2.057936509468,20.833272906162));
#9461 = CARTESIAN_POINT('',(2.093370903025,20.828273302798));
#9462 = CARTESIAN_POINT('',(2.128725839915,20.823268240143));
#9463 = CARTESIAN_POINT('',(2.234701635213,20.808207438817));
#9464 = CARTESIAN_POINT('',(2.305210287636,20.798110646858));
#9465 = CARTESIAN_POINT('',(2.375582499769,20.787956549439));
#9466 = CARTESIAN_POINT('',(2.445823385415,20.777744120559));
#9467 = CARTESIAN_POINT('',(2.515937734714,20.767472356092));
#9468 = CARTESIAN_POINT('',(2.58593001411,20.757140273557));
#9469 = CARTESIAN_POINT('',(2.655804366388,20.746746912385));
#9470 = CARTESIAN_POINT('',(2.725564610641,20.736291333672));
#9471 = CARTESIAN_POINT('',(2.795214242294,20.725772620361));
#9472 = CARTESIAN_POINT('',(3.142925196284,20.67285890423));
#9473 = CARTESIAN_POINT('',(3.419378437602,20.6295034158));
#9474 = CARTESIAN_POINT('',(3.69431754556,20.585065833468));
#9475 = CARTESIAN_POINT('',(3.967883753907,20.539493354063));
#9476 = CARTESIAN_POINT('',(4.24016861863,20.492737108256));
#9477 = CARTESIAN_POINT('',(4.511224495043,20.444751319601));
#9478 = CARTESIAN_POINT('',(4.78107501475,20.395492463021));
#9479 = CARTESIAN_POINT('',(5.049725562752,20.344918423905));
#9480 = CARTESIAN_POINT('',(5.317173754425,20.29298765666));
#9481 = CARTESIAN_POINT('',(6.11591222892,20.132999717649));
#9482 = CARTESIAN_POINT('',(6.643586493215,20.020747031553));
#9483 = CARTESIAN_POINT('',(7.166395839673,19.902565025786));
#9484 = CARTESIAN_POINT('',(7.684220803718,19.778115940256));
#9485 = CARTESIAN_POINT('',(8.197024030669,19.647030303501));
#9486 = CARTESIAN_POINT('',(8.704896437123,19.508886158887));
#9487 = CARTESIAN_POINT('',(9.208030710699,19.363197885092));
#9488 = CARTESIAN_POINT('',(9.706658033248,19.209415767325));
#9489 = CARTESIAN_POINT('',(10.200983913173,19.046937476545));
#9490 = CARTESIAN_POINT('',(11.671509209814,18.531522886515));
#9491 = CARTESIAN_POINT('',(12.635254861522,18.15060048131));
#9492 = CARTESIAN_POINT('',(13.583588972491,17.727367680974));
#9493 = CARTESIAN_POINT('',(14.516757027014,17.256068253286));
#9494 = CARTESIAN_POINT('',(15.432817722711,16.731981005755));
#9495 = CARTESIAN_POINT('',(16.32783695874,16.149628590881));
#9496 = CARTESIAN_POINT('',(17.199072360641,15.508932975303));
#9497 = CARTESIAN_POINT('',(18.051092152346,14.803397430514));
#9498 = CARTESIAN_POINT('',(18.884822692216,14.020816460025));
#9499 = CARTESIAN_POINT('',(19.737372553916,13.12712471598));
#9500 = CARTESIAN_POINT('',(19.787400129963,13.074326014487));
#9501 = CARTESIAN_POINT('',(19.837302144807,13.021303064395));
#9502 = CARTESIAN_POINT('',(19.887075210042,12.968060785305));
#9503 = CARTESIAN_POINT('',(19.936715694082,12.914604666082));
#9504 = CARTESIAN_POINT('',(19.986219722404,12.860940764896));
#9505 = CARTESIAN_POINT('',(20.035583177257,12.807075709185));
#9506 = CARTESIAN_POINT('',(20.084801697939,12.753016695682));
#9507 = CARTESIAN_POINT('',(20.133870680587,12.698771490399));
#9508 = CARTESIAN_POINT('',(20.231699876018,12.589925366869));
#9509 = CARTESIAN_POINT('',(20.280443068188,12.535356151224));
#9510 = CARTESIAN_POINT('',(20.329182278949,12.480327955247));
#9511 = CARTESIAN_POINT('',(20.377625364639,12.425390902375));
#9512 = CARTESIAN_POINT('',(20.426163395285,12.369810908052));
#9513 = CARTESIAN_POINT('',(20.474401814657,12.314331346713));
#9514 = CARTESIAN_POINT('',(20.522641099968,12.258387520056));
#9515 = CARTESIAN_POINT('',(20.570713438297,12.202296382937));
#9516 = CARTESIAN_POINT('',(20.618684253704,12.145935496016));
#9517 = CARTESIAN_POINT('',(20.762242769169,11.9761389545));
#9518 = CARTESIAN_POINT('',(20.857484162732,11.861975065593));
#9519 = CARTESIAN_POINT('',(20.952258844579,11.746855731447));
#9520 = CARTESIAN_POINT('',(21.046562508994,11.630794632287));
#9521 = CARTESIAN_POINT('',(21.140389306128,11.51380797446));
#9522 = CARTESIAN_POINT('',(21.233732174681,11.395914085457));
#9523 = CARTESIAN_POINT('',(21.326583175443,11.277133009218));
#9524 = CARTESIAN_POINT('',(21.418933823861,11.157486101113));
#9525 = CARTESIAN_POINT('',(21.510775423486,11.036995623221));
#9526 = CARTESIAN_POINT('',(21.784747349396,10.673061771729));
#9527 = CARTESIAN_POINT('',(21.96532628661,10.427154052144));
#9528 = CARTESIAN_POINT('',(22.143762297645,10.178149767277));
#9529 = CARTESIAN_POINT('',(22.319986455312,9.926241348112));
#9530 = CARTESIAN_POINT('',(22.49393610509,9.671622922711));
#9531 = CARTESIAN_POINT('',(22.66555615248,9.414488169078));
#9532 = CARTESIAN_POINT('',(22.834800349994,9.155028167859));
#9533 = CARTESIAN_POINT('',(23.001632584532,8.893429255216));
#9534 = CARTESIAN_POINT('',(23.166028164424,8.629870875548));
#9535 = CARTESIAN_POINT('',(23.65186899126,7.833828551875));
#9536 = CARTESIAN_POINT('',(23.965965122374,7.295982572531));
#9537 = CARTESIAN_POINT('',(24.270132964029,6.752391259162));
#9538 = CARTESIAN_POINT('',(24.564416143901,6.204368570096));
#9539 = CARTESIAN_POINT('',(24.848950695069,5.653216470859));
#9540 = CARTESIAN_POINT('',(25.123943210692,5.100273388578));
#9541 = CARTESIAN_POINT('',(25.389679377811,4.546923688118));
#9542 = CARTESIAN_POINT('',(25.646533355757,3.994560548941));
#9543 = CARTESIAN_POINT('',(25.894948465266,3.444494621755));
#9544 = CARTESIAN_POINT('',(26.255565248264,2.624453955054));
#9545 = CARTESIAN_POINT('',(26.373767875955,2.351947876138));
#9546 = CARTESIAN_POINT('',(26.490023913137,2.080419310226));
#9547 = CARTESIAN_POINT('',(26.604392895644,1.809996977149));
#9548 = CARTESIAN_POINT('',(26.716936210669,1.540796608501));
#9549 = CARTESIAN_POINT('',(26.82771616595,1.272917959353));
#9550 = CARTESIAN_POINT('',(26.936795437028,1.006443836776));
#9551 = CARTESIAN_POINT('',(27.044236891944,0.741441145128));
#9552 = CARTESIAN_POINT('',(27.150103793967,0.477963948153));
#9553 = CARTESIAN_POINT('',(27.35881696985,-4.584685246774E-02));
#9554 = CARTESIAN_POINT('',(27.461690961236,-0.306152082685));
#9555 = CARTESIAN_POINT('',(27.562843724525,-0.565113172671));
#9556 = CARTESIAN_POINT('',(27.663541485241,-0.82169546808));
#9557 = CARTESIAN_POINT('',(27.762578838218,-1.076029584586));
#9558 = CARTESIAN_POINT('',(27.861295842469,-1.326768648146));
#9559 = CARTESIAN_POINT('',(27.958616515033,-1.573712365886));
#9560 = CARTESIAN_POINT('',(28.055009353495,-1.816170121039));
#9561 = CARTESIAN_POINT('',(28.150161245146,-2.053862076635));
#9562 = CARTESIAN_POINT('',(28.338028024885,-2.519263877492));
#9563 = CARTESIAN_POINT('',(28.430737154757,-2.746977576172));
#9564 = CARTESIAN_POINT('',(28.522194123942,-2.969466540759));
#9565 = CARTESIAN_POINT('',(28.612391221436,-3.186663185995));
#9566 = CARTESIAN_POINT('',(28.701433361568,-3.39853828435));
#9567 = CARTESIAN_POINT('',(28.789484700117,-3.605091174116));
#9568 = CARTESIAN_POINT('',(28.876710874791,-3.806354472825));
#9569 = CARTESIAN_POINT('',(28.963273492172,-4.00236872145));
#9570 = CARTESIAN_POINT('',(29.049348667055,-4.193145103247));
#9571 = CARTESIAN_POINT('',(29.177910564291,-4.471473096418));
#9572 = CARTESIAN_POINT('',(29.22067273959,-4.562942832144));
#9573 = CARTESIAN_POINT('',(29.263359727672,-4.653110001337));
#9574 = CARTESIAN_POINT('',(29.305985734984,-4.741977995315));
#9575 = CARTESIAN_POINT('',(29.348562586468,-4.8295502481));
#9576 = CARTESIAN_POINT('',(29.391099740566,-4.915830583257));
#9577 = CARTESIAN_POINT('',(29.433604304594,-5.000823560748));
#9578 = CARTESIAN_POINT('',(29.476081049703,-5.084534823772));
#9579 = CARTESIAN_POINT('',(29.518532426223,-5.166971445619));
#9580 = CARTESIAN_POINT('',(29.582171654962,-5.288727691955));
#9581 = CARTESIAN_POINT('',(29.603379221365,-5.328996165994));
#9582 = CARTESIAN_POINT('',(29.624580659662,-5.368949039607));
#9583 = CARTESIAN_POINT('',(29.64577535168,-5.408587653787));
#9584 = CARTESIAN_POINT('',(29.666962679084,-5.447913349503));
#9585 = CARTESIAN_POINT('',(29.688142023754,-5.486927467757));
#9586 = CARTESIAN_POINT('',(29.709312767348,-5.525631349516));
#9587 = CARTESIAN_POINT('',(29.730474291707,-5.564026335776));
#9588 = CARTESIAN_POINT('',(29.751625978553,-5.602113767515));
#9589 = CARTESIAN_POINT('',(29.783337825221,-5.65878559482));
#9590 = CARTESIAN_POINT('',(29.793905731955,-5.677599655785));
#9591 = CARTESIAN_POINT('',(29.804470738475,-5.69633741188));
#9592 = CARTESIAN_POINT('',(29.815032653452,-5.714999106379));
#9593 = CARTESIAN_POINT('',(29.825591285445,-5.733584982544));
#9594 = CARTESIAN_POINT('',(29.836146443162,-5.752095283653));
#9595 = CARTESIAN_POINT('',(29.846697935155,-5.770530252968));
#9596 = CARTESIAN_POINT('',(29.857245570106,-5.788890133763));
#9597 = CARTESIAN_POINT('',(29.86778915661,-5.807175169305));
#9598 = CARTESIAN_POINT('',(29.883598176659,-5.834490819644));
#9599 = CARTESIAN_POINT('',(29.888866793381,-5.843577392893));
#9600 = CARTESIAN_POINT('',(29.894134323724,-5.852645358993));
#9601 = CARTESIAN_POINT('',(29.899400737874,-5.861694754317));
#9602 = CARTESIAN_POINT('',(29.904666006127,-5.870725615254));
#9603 = CARTESIAN_POINT('',(29.909930098636,-5.879737978171));
#9604 = CARTESIAN_POINT('',(29.915192985697,-5.888731879458));
#9605 = CARTESIAN_POINT('',(29.920454637494,-5.897707355487));
#9606 = CARTESIAN_POINT('',(29.925715024281,-5.90666444264));
#9607 = CARTESIAN_POINT('',(29.933603662275,-5.920072544624));
#9608 = CARTESIAN_POINT('',(29.93623288456,-5.924537323831));
#9609 = CARTESIAN_POINT('',(29.938861778974,-5.928997519751));
#9610 = CARTESIAN_POINT('',(29.941490341397,-5.933453137231));
#9611 = CARTESIAN_POINT('',(29.944118567638,-5.937904181095));
#9612 = CARTESIAN_POINT('',(29.946746453606,-5.942350656199));
#9613 = CARTESIAN_POINT('',(29.949373995101,-5.946792567363));
#9614 = CARTESIAN_POINT('',(29.952001188015,-5.95122991944));
#9615 = CARTESIAN_POINT('',(29.954628028181,-5.955662717259));
#9616 = CARTESIAN_POINT('',(29.958567753098,-5.962305089862));
#9617 = CARTESIAN_POINT('',(29.959880905519,-5.964518076709));
#9618 = CARTESIAN_POINT('',(29.961193968156,-5.966729926824));
#9619 = CARTESIAN_POINT('',(29.962506940518,-5.968940640839));
#9620 = CARTESIAN_POINT('',(29.963819821967,-5.971150219363));
#9621 = CARTESIAN_POINT('',(29.96513261208,-5.973358663039));
#9622 = CARTESIAN_POINT('',(29.966445310192,-5.975565972473));
#9623 = CARTESIAN_POINT('',(29.967757915849,-5.977772148303));
#9624 = CARTESIAN_POINT('',(29.969070428456,-5.979977191146));
#9625 = CARTESIAN_POINT('',(29.971039057001,-5.983283056869));
#9626 = CARTESIAN_POINT('',(29.971695243128,-5.984384729021));
#9627 = CARTESIAN_POINT('',(29.972351405768,-5.98548611816));
#9628 = CARTESIAN_POINT('',(29.973007544923,-5.986587224374));
#9629 = CARTESIAN_POINT('',(29.9736636604,-5.987688047725));
#9630 = CARTESIAN_POINT('',(29.974319752288,-5.988788588315));
#9631 = CARTESIAN_POINT('',(29.974975820359,-5.989888846201));
#9632 = CARTESIAN_POINT('',(29.975631864666,-5.990988821479));
#9633 = CARTESIAN_POINT('',(29.976287885064,-5.992088514218));
#9634 = CARTESIAN_POINT('',(29.977271879745,-5.993737629643));
#9635 = CARTESIAN_POINT('',(29.977599871979,-5.994287264169));
#9636 = CARTESIAN_POINT('',(29.977927858241,-5.994836828094));
#9637 = CARTESIAN_POINT('',(29.978255838453,-5.995386321416));
#9638 = CARTESIAN_POINT('',(29.978583812714,-5.995935744165));
#9639 = CARTESIAN_POINT('',(29.97891178089,-5.996485096329));
#9640 = CARTESIAN_POINT('',(29.979239743081,-5.997034377936));
#9641 = CARTESIAN_POINT('',(29.979567699207,-5.997583588987));
#9642 = CARTESIAN_POINT('',(29.979895649291,-5.998132729494));
#9643 = CARTESIAN_POINT('',(29.980387565329,-5.998956334456));
#9644 = CARTESIAN_POINT('',(29.980542657776,-5.99923597758));
#9645 = CARTESIAN_POINT('',(29.980740130343,-5.999491133886));
#9646 = CARTESIAN_POINT('',(29.980854800931,-5.999794077695));
#9647 = CARTESIAN_POINT('',(29.981041273489,-6.000055547908));
#9648 = CARTESIAN_POINT('',(29.981233292583,-6.000313797241));
#9649 = CARTESIAN_POINT('',(29.981351360003,-6.000614724398));
#9650 = CARTESIAN_POINT('',(29.981538888305,-6.000875529519));
#9651 = CARTESIAN_POINT('',(29.981700116517,-6.001151500604));
#9652 = CARTESIAN_POINT('',(29.982027404642,-6.001700616164));
#9653 = CARTESIAN_POINT('',(29.98217799831,-6.001982690126));
#9654 = CARTESIAN_POINT('',(29.982419221634,-6.002212420253));
#9655 = CARTESIAN_POINT('',(29.982320065441,-6.002638651154));
#9656 = CARTESIAN_POINT('',(29.98308244843,-6.002567450933));
#9657 = CARTESIAN_POINT('',(29.982332635483,-6.003369303776));
#9658 = CARTESIAN_POINT('',(29.983433922698,-6.003102399021));
#9659 = CARTESIAN_POINT('',(29.982962247715,-6.00374363094));
#9660 = CARTESIAN_POINT('',(29.983393334635,-6.003863631657));
#9661 = CARTESIAN_POINT('',(29.983502748787,-6.004169332755));
#9662 = ( GEOMETRIC_REPRESENTATION_CONTEXT(2) 
PARAMETRIC_REPRESENTATION_CONTEXT() REPRESENTATION_CONTEXT('2D SPACE',''
  ) );
#9663 = PCURVE('',#7040,#9664);
#9664 = DEFINITIONAL_REPRESENTATION('',(#9665),#9669);
#9665 = LINE('',#9666,#9667);
#9666 = CARTESIAN_POINT('',(54.427243359395,0.));
#9667 = VECTOR('',#9668,1.);
#9668 = DIRECTION('',(0.,1.));
#9669 = ( GEOMETRIC_REPRESENTATION_CONTEXT(2) 
PARAMETRIC_REPRESENTATION_CONTEXT() REPRESENTATION_CONTEXT('2D SPACE',''
  ) );
#9670 = ORIENTED_EDGE('',*,*,#9671,.T.);
#9671 = EDGE_CURVE('',#6609,#7801,#9672,.T.);
#9672 = SURFACE_CURVE('',#9673,(#9696,#9703),.PCURVE_S1.);
#9673 = ( BOUNDED_CURVE() B_SPLINE_CURVE(11,(#9674,#9675,#9676,#9677,
    #9678,#9679,#9680,#9681,#9682,#9683,#9684,#9685,#9686,#9687,#9688,
    #9689,#9690,#9691,#9692,#9693,#9694,#9695),.UNSPECIFIED.,.F.,.F.) 
B_SPLINE_CURVE_WITH_KNOTS((12,10,12),(-6.004169343821,0.,23.979333426369
),.UNSPECIFIED.) CURVE() GEOMETRIC_REPRESENTATION_ITEM() 
RATIONAL_B_SPLINE_CURVE((1.,1.,1.,1.000000000001,0.999999999999,
    1.000000000001,0.999999999999,1.000000000001,1.,1.,1.,1.,1.,1.,1.,1.
,1.,1.,1.,1.,1.,1.)) REPRESENTATION_ITEM('') );
#9674 = CARTESIAN_POINT('',(76.968279905777,-124.,78.));
#9675 = CARTESIAN_POINT('',(77.992650664292,-124.,77.567390733845));
#9676 = CARTESIAN_POINT('',(78.896758660914,-123.9435328886,
    77.174508972509));
#9677 = CARTESIAN_POINT('',(79.7076402108,-123.8533126838,
    76.807900294556));
#9678 = CARTESIAN_POINT('',(80.446238195042,-123.7403556309,
    76.462810791777));
#9679 = CARTESIAN_POINT('',(81.128607527837,-123.6105468059,
    76.135804745871));
#9680 = CARTESIAN_POINT('',(81.760855146027,-123.466624765,
    75.836499855432));
#9681 = CARTESIAN_POINT('',(82.348136981115,-123.3128412293,
    75.567637718615));
#9682 = CARTESIAN_POINT('',(82.906296252057,-123.1480579695,
    75.315760486017));
#9683 = CARTESIAN_POINT('',(83.443138932617,-122.9712546535,
    75.077033510902));
#9684 = CARTESIAN_POINT('',(83.964690784543,-122.7812358721,
    74.846239249288));
#9685 = CARTESIAN_POINT('',(86.492375142674,-121.7704006129,
    73.734241989486));
#9686 = CARTESIAN_POINT('',(88.26875935037,-120.7641944272,
    72.973956161674));
#9687 = CARTESIAN_POINT('',(89.797985512557,-119.6119799918,
    72.345211691444));
#9688 = CARTESIAN_POINT('',(91.085239061595,-118.3549924133,
    71.84154558374));
#9689 = CARTESIAN_POINT('',(92.134936193499,-117.0289364037,
    71.455931391976));
#9690 = CARTESIAN_POINT('',(92.957350588918,-115.6702814664,
    71.177667595439));
#9691 = CARTESIAN_POINT('',(93.57356493505,-114.3108687318,
    70.988871509259));
#9692 = CARTESIAN_POINT('',(94.011880436561,-112.9675781482,
    70.866570853318));
#9693 = CARTESIAN_POINT('',(94.296898094085,-111.6398172223,
    70.790799808569));
#9694 = CARTESIAN_POINT('',(94.439232527317,-110.3199012515,
    70.753066737129));
#9695 = CARTESIAN_POINT('',(94.439232527317,-109.,70.753066737129));
#9696 = PCURVE('',#4961,#9697);
#9697 = DEFINITIONAL_REPRESENTATION('',(#9698),#9702);
#9698 = LINE('',#9699,#9700);
#9699 = CARTESIAN_POINT('',(29.98350277019,0.));
#9700 = VECTOR('',#9701,1.);
#9701 = DIRECTION('',(0.,1.));
#9702 = ( GEOMETRIC_REPRESENTATION_CONTEXT(2) 
PARAMETRIC_REPRESENTATION_CONTEXT() REPRESENTATION_CONTEXT('2D SPACE',''
  ) );
#9703 = PCURVE('',#6624,#9704);
#9704 = DEFINITIONAL_REPRESENTATION('',(#9705),#9743);
#9705 = B_SPLINE_CURVE_WITH_KNOTS('',8,(#9706,#9707,#9708,#9709,#9710,
    #9711,#9712,#9713,#9714,#9715,#9716,#9717,#9718,#9719,#9720,#9721,
    #9722,#9723,#9724,#9725,#9726,#9727,#9728,#9729,#9730,#9731,#9732,
    #9733,#9734,#9735,#9736,#9737,#9738,#9739,#9740,#9741,#9742),
  .UNSPECIFIED.,.F.,.F.,(9,7,7,7,7,9),(-6.004169343821,-2.256231497547,
    -0.38226257441,1.491706348726,8.987582041274,23.979333426369),
  .UNSPECIFIED.);
#9706 = CARTESIAN_POINT('',(1.570796326795,23.933218984605));
#9707 = CARTESIAN_POINT('',(1.520585503137,24.519437793979));
#9708 = CARTESIAN_POINT('',(1.475777028023,25.052492786777));
#9709 = CARTESIAN_POINT('',(1.435100068127,25.546460950815));
#9710 = CARTESIAN_POINT('',(1.397614977075,26.00954527016));
#9711 = CARTESIAN_POINT('',(1.362633066424,26.444724565392));
#9712 = CARTESIAN_POINT('',(1.329727009519,26.849910925323));
#9713 = CARTESIAN_POINT('',(1.29844298589,27.228835325634));
#9714 = CARTESIAN_POINT('',(1.253363658106,27.764085506258));
#9715 = CARTESIAN_POINT('',(1.238644757164,27.936984372197));
#9716 = CARTESIAN_POINT('',(1.224184602414,28.104915321045));
#9717 = CARTESIAN_POINT('',(1.209936121348,28.268521517246));
#9718 = CARTESIAN_POINT('',(1.195856463247,28.428459907335));
#9719 = CARTESIAN_POINT('',(1.181909498033,28.58532178147));
#9720 = CARTESIAN_POINT('',(1.16806831511,28.739553334924));
#9721 = CARTESIAN_POINT('',(1.140567129308,29.043199124293));
#9722 = CARTESIAN_POINT('',(1.126907379946,29.192614113687));
#9723 = CARTESIAN_POINT('',(1.113320745141,29.339899902215));
#9724 = CARTESIAN_POINT('',(1.099815452485,29.484881796653));
#9725 = CARTESIAN_POINT('',(1.086389095847,29.627568830258));
#9726 = CARTESIAN_POINT('',(1.07303531886,29.768043171475));
#9727 = CARTESIAN_POINT('',(1.059757330176,29.906227624333));
#9728 = CARTESIAN_POINT('',(0.993729721539,30.585874641079));
#9729 = CARTESIAN_POINT('',(0.94207289966,31.093408944248));
#9730 = CARTESIAN_POINT('',(0.891494467164,31.564925220838));
#9731 = CARTESIAN_POINT('',(0.841930484358,32.000827229527));
#9732 = CARTESIAN_POINT('',(0.793334908796,32.401754480122));
#9733 = CARTESIAN_POINT('',(0.745674556562,32.768579509777));
#9734 = CARTESIAN_POINT('',(0.698924063561,33.10240515907));
#9735 = CARTESIAN_POINT('',(0.561334413298,34.008875226471));
#9736 = CARTESIAN_POINT('',(0.473155820608,34.486532959322));
#9737 = CARTESIAN_POINT('',(0.388340345601,34.848284029332));
#9738 = CARTESIAN_POINT('',(0.306715963882,35.108712808293));
#9739 = CARTESIAN_POINT('',(0.227964905463,35.285953290544));
#9740 = CARTESIAN_POINT('',(0.151286733174,35.398767306004));
#9741 = CARTESIAN_POINT('',(7.564289552413E-02,35.455034259144));
#9742 = CARTESIAN_POINT('',(-6.106226635438E-16,35.455034259144));
#9743 = ( GEOMETRIC_REPRESENTATION_CONTEXT(2) 
PARAMETRIC_REPRESENTATION_CONTEXT() REPRESENTATION_CONTEXT('2D SPACE',''
  ) );
#9744 = ORIENTED_EDGE('',*,*,#9745,.F.);
#9745 = EDGE_CURVE('',#4908,#7801,#9746,.T.);
#9746 = SURFACE_CURVE('',#9747,(#9751,#9757),.PCURVE_S1.);
#9747 = ( BOUNDED_CURVE() B_SPLINE_CURVE(2,(#9748,#9749,#9750),
.UNSPECIFIED.,.F.,.F.) B_SPLINE_CURVE_WITH_KNOTS((3,3),(0.,
29.98350277019),.PIECEWISE_BEZIER_KNOTS.) CURVE() 
GEOMETRIC_REPRESENTATION_ITEM() RATIONAL_B_SPLINE_CURVE((1.,
0.793353340291,1.)) REPRESENTATION_ITEM('') );
#9748 = CARTESIAN_POINT('',(121.48515566341,-109.,50.));
#9749 = CARTESIAN_POINT('',(100.,-109.,50.));
#9750 = CARTESIAN_POINT('',(94.439232527317,-109.,70.753066737129));
#9751 = PCURVE('',#4961,#9752);
#9752 = DEFINITIONAL_REPRESENTATION('',(#9753),#9756);
#9753 = B_SPLINE_CURVE_WITH_KNOTS('',1,(#9754,#9755),.UNSPECIFIED.,.F.,
  .F.,(2,2),(0.,29.98350277019),.PIECEWISE_BEZIER_KNOTS.);
#9754 = CARTESIAN_POINT('',(0.,23.979333426369));
#9755 = CARTESIAN_POINT('',(29.98350277019,23.979333426369));
#9756 = ( GEOMETRIC_REPRESENTATION_CONTEXT(2) 
PARAMETRIC_REPRESENTATION_CONTEXT() REPRESENTATION_CONTEXT('2D SPACE',''
  ) );
#9757 = PCURVE('',#5194,#9758);
#9758 = DEFINITIONAL_REPRESENTATION('',(#9759),#9772);
#9759 = B_SPLINE_CURVE_WITH_KNOTS('',11,(#9760,#9761,#9762,#9763,#9764,
    #9765,#9766,#9767,#9768,#9769,#9770,#9771),.UNSPECIFIED.,.F.,.F.,(12
    ,12),(0.,29.98350277019),.PIECEWISE_BEZIER_KNOTS.);
#9760 = CARTESIAN_POINT('',(1.110223024625E-16,0.));
#9761 = CARTESIAN_POINT('',(0.110683896183,0.));
#9762 = CARTESIAN_POINT('',(0.22594229481,0.));
#9763 = CARTESIAN_POINT('',(0.345178684317,0.));
#9764 = CARTESIAN_POINT('',(0.467547059558,0.));
#9765 = CARTESIAN_POINT('',(0.591943598094,0.));
#9766 = CARTESIAN_POINT('',(0.717053340902,0.));
#9767 = CARTESIAN_POINT('',(0.841449879438,0.));
#9768 = CARTESIAN_POINT('',(0.963818254679,0.));
#9769 = CARTESIAN_POINT('',(1.083054644185,0.));
#9770 = CARTESIAN_POINT('',(1.198313042812,0.));
#9771 = CARTESIAN_POINT('',(1.308996938996,0.));
#9772 = ( GEOMETRIC_REPRESENTATION_CONTEXT(2) 
PARAMETRIC_REPRESENTATION_CONTEXT() REPRESENTATION_CONTEXT('2D SPACE',''
  ) );
#9773 = ADVANCED_FACE('',(#9774),#5051,.T.);
#9774 = FACE_BOUND('',#9775,.T.);
#9775 = EDGE_LOOP('',(#9776,#9796,#9797,#9849));
#9776 = ORIENTED_EDGE('',*,*,#9777,.T.);
#9777 = EDGE_CURVE('',#5319,#5036,#9778,.T.);
#9778 = SURFACE_CURVE('',#9779,(#9784,#9790),.PCURVE_S1.);
#9779 = CIRCLE('',#9780,8.);
#9780 = AXIS2_PLACEMENT_3D('',#9781,#9782,#9783);
#9781 = CARTESIAN_POINT('',(152.5,-116.,42.));
#9782 = DIRECTION('',(-1.,-6.123233995737E-17,0.));
#9783 = DIRECTION('',(6.123233995737E-17,-1.,-0.));
#9784 = PCURVE('',#5051,#9785);
#9785 = DEFINITIONAL_REPRESENTATION('',(#9786),#9789);
#9786 = B_SPLINE_CURVE_WITH_KNOTS('',1,(#9787,#9788),.UNSPECIFIED.,.F.,
  .F.,(2,2),(0.,1.570796326795),.PIECEWISE_BEZIER_KNOTS.);
#9787 = CARTESIAN_POINT('',(0.,0.));
#9788 = CARTESIAN_POINT('',(1.570796326795,0.));
#9789 = ( GEOMETRIC_REPRESENTATION_CONTEXT(2) 
PARAMETRIC_REPRESENTATION_CONTEXT() REPRESENTATION_CONTEXT('2D SPACE',''
  ) );
#9790 = PCURVE('',#5084,#9791);
#9791 = DEFINITIONAL_REPRESENTATION('',(#9792),#9795);
#9792 = B_SPLINE_CURVE_WITH_KNOTS('',1,(#9793,#9794),.UNSPECIFIED.,.F.,
  .F.,(2,2),(0.,1.570796326795),.PIECEWISE_BEZIER_KNOTS.);
#9793 = CARTESIAN_POINT('',(-1.570796326795,0.));
#9794 = CARTESIAN_POINT('',(-1.570796326795,1.570796326795));
#9795 = ( GEOMETRIC_REPRESENTATION_CONTEXT(2) 
PARAMETRIC_REPRESENTATION_CONTEXT() REPRESENTATION_CONTEXT('2D SPACE',''
  ) );
#9796 = ORIENTED_EDGE('',*,*,#5035,.T.);
#9797 = ORIENTED_EDGE('',*,*,#9798,.F.);
#9798 = EDGE_CURVE('',#6637,#4906,#9799,.T.);
#9799 = SURFACE_CURVE('',#9800,(#9805,#9811),.PCURVE_S1.);
#9800 = CIRCLE('',#9801,8.);
#9801 = AXIS2_PLACEMENT_3D('',#9802,#9803,#9804);
#9802 = CARTESIAN_POINT('',(120.86464933237,-116.,42.));
#9803 = DIRECTION('',(-1.,-0.,0.));
#9804 = DIRECTION('',(0.,-1.,-0.));
#9805 = PCURVE('',#5051,#9806);
#9806 = DEFINITIONAL_REPRESENTATION('',(#9807),#9810);
#9807 = B_SPLINE_CURVE_WITH_KNOTS('',1,(#9808,#9809),.UNSPECIFIED.,.F.,
  .F.,(2,2),(0.,1.570796326795),.PIECEWISE_BEZIER_KNOTS.);
#9808 = CARTESIAN_POINT('',(0.,31.635350667629));
#9809 = CARTESIAN_POINT('',(1.570796326795,31.635350667629));
#9810 = ( GEOMETRIC_REPRESENTATION_CONTEXT(2) 
PARAMETRIC_REPRESENTATION_CONTEXT() REPRESENTATION_CONTEXT('2D SPACE',''
  ) );
#9811 = PCURVE('',#7040,#9812);
#9812 = DEFINITIONAL_REPRESENTATION('',(#9813),#9848);
#9813 = B_SPLINE_CURVE_WITH_KNOTS('',9,(#9814,#9815,#9816,#9817,#9818,
    #9819,#9820,#9821,#9822,#9823,#9824,#9825,#9826,#9827,#9828,#9829,
    #9830,#9831,#9832,#9833,#9834,#9835,#9836,#9837,#9838,#9839,#9840,
    #9841,#9842,#9843,#9844,#9845,#9846,#9847),.UNSPECIFIED.,.F.,.F.,(10
    ,8,8,8,10),(0.,0.392699081699,0.785398163397,1.178097245096,
    1.570796326795),.UNSPECIFIED.);
#9814 = CARTESIAN_POINT('',(-2.6645352591E-15,428.485540684));
#9815 = CARTESIAN_POINT('',(1.679262992309,428.485540684));
#9816 = CARTESIAN_POINT('',(3.324382687692,428.48554068402));
#9817 = CARTESIAN_POINT('',(4.938858501605,428.48554068398));
#9818 = CARTESIAN_POINT('',(6.525882472598,428.48554068404));
#9819 = CARTESIAN_POINT('',(8.088385146433,428.48554068398));
#9820 = CARTESIAN_POINT('',(9.629077104258,428.48554068402));
#9821 = CARTESIAN_POINT('',(11.150526627493,428.485540684));
#9822 = CARTESIAN_POINT('',(12.655127362092,428.48554068401));
#9823 = CARTESIAN_POINT('',(15.635231968554,428.485540684));
#9824 = CARTESIAN_POINT('',(17.110734463963,428.48554068402));
#9825 = CARTESIAN_POINT('',(18.573990364017,428.48554068398));
#9826 = CARTESIAN_POINT('',(20.027156532467,428.48554068404));
#9827 = CARTESIAN_POINT('',(21.47236798351,428.48554068397));
#9828 = CARTESIAN_POINT('',(22.911625633079,428.48554068403));
#9829 = CARTESIAN_POINT('',(24.346940450363,428.48554068399));
#9830 = CARTESIAN_POINT('',(25.780281054073,428.48554068401));
#9831 = CARTESIAN_POINT('',(28.646962305322,428.485540684));
#9832 = CARTESIAN_POINT('',(30.080302909035,428.48554068404));
#9833 = CARTESIAN_POINT('',(31.515617726313,428.48554068393));
#9834 = CARTESIAN_POINT('',(32.954875375888,428.4855406841));
#9835 = CARTESIAN_POINT('',(34.400086826926,428.48554068391));
#9836 = CARTESIAN_POINT('',(35.853252995381,428.48554068407));
#9837 = CARTESIAN_POINT('',(37.316508895431,428.48554068397));
#9838 = CARTESIAN_POINT('',(38.792011390842,428.48554068401));
#9839 = CARTESIAN_POINT('',(41.772115997303,428.485540684));
#9840 = CARTESIAN_POINT('',(43.276716731904,428.48554068403));
#9841 = CARTESIAN_POINT('',(44.798166255133,428.48554068396));
#9842 = CARTESIAN_POINT('',(46.33885821297,428.48554068407));
#9843 = CARTESIAN_POINT('',(47.90136088679,428.48554068394));
#9844 = CARTESIAN_POINT('',(49.488384857794,428.48554068405));
#9845 = CARTESIAN_POINT('',(51.102860671702,428.48554068399));
#9846 = CARTESIAN_POINT('',(52.747980367087,428.48554068401));
#9847 = CARTESIAN_POINT('',(54.427243359395,428.485540684));
#9848 = ( GEOMETRIC_REPRESENTATION_CONTEXT(2) 
PARAMETRIC_REPRESENTATION_CONTEXT() REPRESENTATION_CONTEXT('2D SPACE',''
  ) );
#9849 = ORIENTED_EDGE('',*,*,#7639,.F.);
#9850 = ADVANCED_FACE('',(#9851),#5194,.F.);
#9851 = FACE_BOUND('',#9852,.F.);
#9852 = EDGE_LOOP('',(#9853,#9854,#9855,#9856));
#9853 = ORIENTED_EDGE('',*,*,#9745,.T.);
#9854 = ORIENTED_EDGE('',*,*,#7823,.T.);
#9855 = ORIENTED_EDGE('',*,*,#7692,.F.);
#9856 = ORIENTED_EDGE('',*,*,#5180,.F.);
#9857 = ADVANCED_FACE('',(#9858),#5084,.T.);
#9858 = FACE_BOUND('',#9859,.F.);
#9859 = EDGE_LOOP('',(#9860,#9861,#9862,#9863));
#9860 = ORIENTED_EDGE('',*,*,#9207,.F.);
#9861 = ORIENTED_EDGE('',*,*,#7666,.T.);
#9862 = ORIENTED_EDGE('',*,*,#9777,.T.);
#9863 = ORIENTED_EDGE('',*,*,#5063,.F.);
#9864 = ADVANCED_FACE('',(#9865),#5248,.T.);
#9865 = FACE_BOUND('',#9866,.T.);
#9866 = EDGE_LOOP('',(#9867,#9887,#9888,#9889));
#9867 = ORIENTED_EDGE('',*,*,#9868,.T.);
#9868 = EDGE_CURVE('',#5210,#8083,#9869,.T.);
#9869 = SURFACE_CURVE('',#9870,(#9875,#9881),.PCURVE_S1.);
#9870 = CIRCLE('',#9871,8.);
#9871 = AXIS2_PLACEMENT_3D('',#9872,#9873,#9874);
#9872 = CARTESIAN_POINT('',(-199.5,-69.,42.));
#9873 = DIRECTION('',(-6.123233995737E-17,1.,0.));
#9874 = DIRECTION('',(-1.,-6.123233995737E-17,0.));
#9875 = PCURVE('',#5248,#9876);
#9876 = DEFINITIONAL_REPRESENTATION('',(#9877),#9880);
#9877 = B_SPLINE_CURVE_WITH_KNOTS('',1,(#9878,#9879),.UNSPECIFIED.,.F.,
  .F.,(2,2),(0.,1.570796326795),.PIECEWISE_BEZIER_KNOTS.);
#9878 = CARTESIAN_POINT('',(0.,0.));
#9879 = CARTESIAN_POINT('',(1.570796326795,0.));
#9880 = ( GEOMETRIC_REPRESENTATION_CONTEXT(2) 
PARAMETRIC_REPRESENTATION_CONTEXT() REPRESENTATION_CONTEXT('2D SPACE',''
  ) );
#9881 = PCURVE('',#5303,#9882);
#9882 = DEFINITIONAL_REPRESENTATION('',(#9883),#9886);
#9883 = B_SPLINE_CURVE_WITH_KNOTS('',1,(#9884,#9885),.UNSPECIFIED.,.F.,
  .F.,(2,2),(0.,1.570796326795),.PIECEWISE_BEZIER_KNOTS.);
#9884 = CARTESIAN_POINT('',(-1.570796326795,0.));
#9885 = CARTESIAN_POINT('',(-1.570796326795,1.570796326795));
#9886 = ( GEOMETRIC_REPRESENTATION_CONTEXT(2) 
PARAMETRIC_REPRESENTATION_CONTEXT() REPRESENTATION_CONTEXT('2D SPACE',''
  ) );
#9887 = ORIENTED_EDGE('',*,*,#8082,.T.);
#9888 = ORIENTED_EDGE('',*,*,#7745,.F.);
#9889 = ORIENTED_EDGE('',*,*,#5234,.F.);
#9890 = ADVANCED_FACE('',(#9891),#5303,.T.);
#9891 = FACE_BOUND('',#9892,.F.);
#9892 = EDGE_LOOP('',(#9893,#9913,#9914,#9915));
#9893 = ORIENTED_EDGE('',*,*,#9894,.F.);
#9894 = EDGE_CURVE('',#5266,#8106,#9895,.T.);
#9895 = SURFACE_CURVE('',#9896,(#9901,#9907),.PCURVE_S1.);
#9896 = CIRCLE('',#9897,8.);
#9897 = AXIS2_PLACEMENT_3D('',#9898,#9899,#9900);
#9898 = CARTESIAN_POINT('',(-152.5,-116.,42.));
#9899 = DIRECTION('',(-1.,-0.,0.));
#9900 = DIRECTION('',(0.,-1.,-0.));
#9901 = PCURVE('',#5303,#9902);
#9902 = DEFINITIONAL_REPRESENTATION('',(#9903),#9906);
#9903 = B_SPLINE_CURVE_WITH_KNOTS('',1,(#9904,#9905),.UNSPECIFIED.,.F.,
  .F.,(2,2),(0.,1.570796326795),.PIECEWISE_BEZIER_KNOTS.);
#9904 = CARTESIAN_POINT('',(0.,0.));
#9905 = CARTESIAN_POINT('',(0.,1.570796326795));
#9906 = ( GEOMETRIC_REPRESENTATION_CONTEXT(2) 
PARAMETRIC_REPRESENTATION_CONTEXT() REPRESENTATION_CONTEXT('2D SPACE',''
  ) );
#9907 = PCURVE('',#5359,#9908);
#9908 = DEFINITIONAL_REPRESENTATION('',(#9909),#9912);
#9909 = B_SPLINE_CURVE_WITH_KNOTS('',1,(#9910,#9911),.UNSPECIFIED.,.F.,
  .F.,(2,2),(0.,1.570796326795),.PIECEWISE_BEZIER_KNOTS.);
#9910 = CARTESIAN_POINT('',(0.,33.94053915705));
#9911 = CARTESIAN_POINT('',(1.570796326795,33.94053915705));
#9912 = ( GEOMETRIC_REPRESENTATION_CONTEXT(2) 
PARAMETRIC_REPRESENTATION_CONTEXT() REPRESENTATION_CONTEXT('2D SPACE',''
  ) );
#9913 = ORIENTED_EDGE('',*,*,#5288,.T.);
#9914 = ORIENTED_EDGE('',*,*,#9868,.T.);
#9915 = ORIENTED_EDGE('',*,*,#8105,.F.);
#9916 = ADVANCED_FACE('',(#9917),#7040,.T.);
#9917 = FACE_BOUND('',#9918,.T.);
#9918 = EDGE_LOOP('',(#9919,#9920,#9921));
#9919 = ORIENTED_EDGE('',*,*,#9798,.T.);
#9920 = ORIENTED_EDGE('',*,*,#9232,.T.);
#9921 = ORIENTED_EDGE('',*,*,#6636,.F.);
#9922 = ADVANCED_FACE('',(#9923),#6624,.T.);
#9923 = FACE_BOUND('',#9924,.T.);
#9924 = EDGE_LOOP('',(#9925,#9926,#9947,#9948));
#9925 = ORIENTED_EDGE('',*,*,#7798,.F.);
#9926 = ORIENTED_EDGE('',*,*,#9927,.T.);
#9927 = EDGE_CURVE('',#7799,#6581,#9928,.T.);
#9928 = SURFACE_CURVE('',#9929,(#9933,#9941),.PCURVE_S1.);
#9929 = ( BOUNDED_CURVE() B_SPLINE_CURVE(2,(#9930,#9931,#9932),
.UNSPECIFIED.,.F.,.F.) B_SPLINE_CURVE_WITH_KNOTS((3,3),(0.,
91.895474075015),.PIECEWISE_BEZIER_KNOTS.) CURVE() 
GEOMETRIC_REPRESENTATION_ITEM() RATIONAL_B_SPLINE_CURVE((1.,
0.707106781187,1.)) REPRESENTATION_ITEM('') );
#9930 = CARTESIAN_POINT('',(84.227167008273,-109.0000106574,
    108.86501410442));
#9931 = CARTESIAN_POINT('',(84.222539104473,-124.,108.88228567653));
#9932 = CARTESIAN_POINT('',(69.733651710137,-124.,105.));
#9933 = PCURVE('',#6624,#9934);
#9934 = DEFINITIONAL_REPRESENTATION('',(#9935),#9940);
#9935 = B_SPLINE_CURVE_WITH_KNOTS('',3,(#9936,#9937,#9938,#9939),
  .UNSPECIFIED.,.F.,.F.,(4,4),(0.,91.895474075015),
  .PIECEWISE_BEZIER_KNOTS.);
#9936 = CARTESIAN_POINT('',(0.,-4.019237886467));
#9937 = CARTESIAN_POINT('',(0.471404520791,-4.019237886467));
#9938 = CARTESIAN_POINT('',(1.099391806004,-4.019237886467));
#9939 = CARTESIAN_POINT('',(1.570796326795,-4.019237886467));
#9940 = ( GEOMETRIC_REPRESENTATION_CONTEXT(2) 
PARAMETRIC_REPRESENTATION_CONTEXT() REPRESENTATION_CONTEXT('2D SPACE',''
  ) );
#9941 = PCURVE('',#7942,#9942);
#9942 = DEFINITIONAL_REPRESENTATION('',(#9943),#9946);
#9943 = B_SPLINE_CURVE_WITH_KNOTS('',1,(#9944,#9945),.UNSPECIFIED.,.F.,
  .F.,(2,2),(0.,91.895474075015),.PIECEWISE_BEZIER_KNOTS.);
#9944 = CARTESIAN_POINT('',(0.,372.75299770301));
#9945 = CARTESIAN_POINT('',(91.895474075015,372.75299770301));
#9946 = ( GEOMETRIC_REPRESENTATION_CONTEXT(2) 
PARAMETRIC_REPRESENTATION_CONTEXT() REPRESENTATION_CONTEXT('2D SPACE',''
  ) );
#9947 = ORIENTED_EDGE('',*,*,#6608,.T.);
#9948 = ORIENTED_EDGE('',*,*,#9671,.T.);
#9949 = ADVANCED_FACE('',(#9950),#5359,.T.);
#9950 = FACE_BOUND('',#9951,.T.);
#9951 = EDGE_LOOP('',(#9952,#9981,#9982,#9983));
#9952 = ORIENTED_EDGE('',*,*,#9953,.T.);
#9953 = EDGE_CURVE('',#5344,#8134,#9954,.T.);
#9954 = SURFACE_CURVE('',#9955,(#9959,#9975),.PCURVE_S1.);
#9955 = ( BOUNDED_CURVE() B_SPLINE_CURVE(2,(#9956,#9957,#9958),
.UNSPECIFIED.,.F.,.F.) B_SPLINE_CURVE_WITH_KNOTS((3,3),(0.,
54.427243247242),.PIECEWISE_BEZIER_KNOTS.) CURVE() 
GEOMETRIC_REPRESENTATION_ITEM() RATIONAL_B_SPLINE_CURVE((1.,
0.707106781187,1.)) REPRESENTATION_ITEM('') );
#9956 = CARTESIAN_POINT('',(-120.8646493323,-124.,42.));
#9957 = CARTESIAN_POINT('',(-120.8646493323,-124.,50.));
#9958 = CARTESIAN_POINT('',(-120.8646493323,-116.,50.));
#9959 = PCURVE('',#5359,#9960);
#9960 = DEFINITIONAL_REPRESENTATION('',(#9961),#9974);
#9961 = B_SPLINE_CURVE_WITH_KNOTS('',11,(#9962,#9963,#9964,#9965,#9966,
    #9967,#9968,#9969,#9970,#9971,#9972,#9973),.UNSPECIFIED.,.F.,.F.,(12
    ,12),(0.,54.427243247242),.PIECEWISE_BEZIER_KNOTS.);
#9962 = CARTESIAN_POINT('',(1.110223024625E-16,2.305188489421));
#9963 = CARTESIAN_POINT('',(0.128564869307,2.305188489421));
#9964 = CARTESIAN_POINT('',(0.26466096709,2.30518848942));
#9965 = CARTESIAN_POINT('',(0.407594409413,2.305188489422));
#9966 = CARTESIAN_POINT('',(0.556155151892,2.305188489418));
#9967 = CARTESIAN_POINT('',(0.708512882616,2.305188489424));
#9968 = CARTESIAN_POINT('',(0.862283444179,2.305188489417));
#9969 = CARTESIAN_POINT('',(1.014641174903,2.305188489423));
#9970 = CARTESIAN_POINT('',(1.163201917382,2.305188489419));
#9971 = CARTESIAN_POINT('',(1.306135359705,2.305188489421));
#9972 = CARTESIAN_POINT('',(1.442231457488,2.30518848942));
#9973 = CARTESIAN_POINT('',(1.570796326795,2.305188489421));
#9974 = ( GEOMETRIC_REPRESENTATION_CONTEXT(2) 
PARAMETRIC_REPRESENTATION_CONTEXT() REPRESENTATION_CONTEXT('2D SPACE',''
  ) );
#9975 = PCURVE('',#5775,#9976);
#9976 = DEFINITIONAL_REPRESENTATION('',(#9977),#9980);
#9977 = B_SPLINE_CURVE_WITH_KNOTS('',1,(#9978,#9979),.UNSPECIFIED.,.F.,
  .F.,(2,2),(0.,54.427243247242),.PIECEWISE_BEZIER_KNOTS.);
#9978 = CARTESIAN_POINT('',(0.,54.427243247242));
#9979 = CARTESIAN_POINT('',(54.427243247242,54.427243247242));
#9980 = ( GEOMETRIC_REPRESENTATION_CONTEXT(2) 
PARAMETRIC_REPRESENTATION_CONTEXT() REPRESENTATION_CONTEXT('2D SPACE',''
  ) );
#9981 = ORIENTED_EDGE('',*,*,#8133,.T.);
#9982 = ORIENTED_EDGE('',*,*,#9894,.F.);
#9983 = ORIENTED_EDGE('',*,*,#5343,.F.);
#9984 = ADVANCED_FACE('',(#9985),#6596,.T.);
#9985 = FACE_BOUND('',#9986,.T.);
#9986 = EDGE_LOOP('',(#9987,#9988,#10025,#10026));
#9987 = ORIENTED_EDGE('',*,*,#6580,.F.);
#9988 = ORIENTED_EDGE('',*,*,#9989,.F.);
#9989 = EDGE_CURVE('',#8396,#6581,#9990,.T.);
#9990 = SURFACE_CURVE('',#9991,(#10003,#10018),.PCURVE_S1.);
#9991 = ( BOUNDED_CURVE() B_SPLINE_CURVE(10,(#9992,#9993,#9994,#9995,
    #9996,#9997,#9998,#9999,#10000,#10001,#10002),.UNSPECIFIED.,.F.,.F.)
 B_SPLINE_CURVE_WITH_KNOTS((11,11),(280.857523628,372.75299770301),
.PIECEWISE_BEZIER_KNOTS.) CURVE() GEOMETRIC_REPRESENTATION_ITEM() 
RATIONAL_B_SPLINE_CURVE((1.,1.,1.,1.,1.,1.,1.,1.,1.,1.,1.)) 
REPRESENTATION_ITEM('') );
#9992 = CARTESIAN_POINT('',(57.675938050736,-64.,165.));
#9993 = CARTESIAN_POINT('',(57.675938050737,-73.5007193348,165.));
#9994 = CARTESIAN_POINT('',(58.012117538121,-83.12187296437,
    163.32839409732));
#9995 = CARTESIAN_POINT('',(58.699662833631,-92.49199437106,
    159.91416734438));
#9996 = CARTESIAN_POINT('',(59.731385948862,-101.1684010714,
    154.79412525642));
#9997 = CARTESIAN_POINT('',(61.063451660352,-108.7142713563,
    148.19047819016));
#9998 = CARTESIAN_POINT('',(62.61077370522,-114.8192817867,
    140.4709602664));
#9999 = CARTESIAN_POINT('',(64.295662808692,-119.3815342711,
    132.0663678852));
#10000 = CARTESIAN_POINT('',(66.066789141357,-122.4425559806,
    123.24679243531));
#10001 = CARTESIAN_POINT('',(67.890649425294,-124.,114.17090639264));
#10002 = CARTESIAN_POINT('',(69.733651710137,-124.,105.));
#10003 = PCURVE('',#6596,#10004);
#10004 = DEFINITIONAL_REPRESENTATION('',(#10005),#10017);
#10005 = B_SPLINE_CURVE_WITH_KNOTS('',10,(#10006,#10007,#10008,#10009,
    #10010,#10011,#10012,#10013,#10014,#10015,#10016),.UNSPECIFIED.,.F.,
  .F.,(11,11),(280.857523628,372.75299770301),.PIECEWISE_BEZIER_KNOTS.);
#10006 = CARTESIAN_POINT('',(1.570796326795,11.509904819684));
#10007 = CARTESIAN_POINT('',(1.412451004548,11.509904819685));
#10008 = CARTESIAN_POINT('',(1.252097694419,11.173725914258));
#10009 = CARTESIAN_POINT('',(1.090420108706,10.486176414189));
#10010 = CARTESIAN_POINT('',(0.928713134031,9.454466707338));
#10011 = CARTESIAN_POINT('',(0.768454253127,8.122376411895));
#10012 = CARTESIAN_POINT('',(0.61062523925,6.575082510223));
#10013 = CARTESIAN_POINT('',(0.456065789504,4.890173133897));
#10014 = CARTESIAN_POINT('',(0.304113217818,3.1190554034));
#10015 = CARTESIAN_POINT('',(0.152848439877,1.295193445127));
#10016 = CARTESIAN_POINT('',(-7.307346002894E-17,-0.547808839716));
#10017 = ( GEOMETRIC_REPRESENTATION_CONTEXT(2) 
PARAMETRIC_REPRESENTATION_CONTEXT() REPRESENTATION_CONTEXT('2D SPACE',''
  ) );
#10018 = PCURVE('',#7942,#10019);
#10019 = DEFINITIONAL_REPRESENTATION('',(#10020),#10024);
#10020 = LINE('',#10021,#10022);
#10021 = CARTESIAN_POINT('',(91.895474075015,0.));
#10022 = VECTOR('',#10023,1.);
#10023 = DIRECTION('',(0.,1.));
#10024 = ( GEOMETRIC_REPRESENTATION_CONTEXT(2) 
PARAMETRIC_REPRESENTATION_CONTEXT() REPRESENTATION_CONTEXT('2D SPACE',''
  ) );
#10025 = ORIENTED_EDGE('',*,*,#8395,.T.);
#10026 = ORIENTED_EDGE('',*,*,#10027,.F.);
#10027 = EDGE_CURVE('',#6553,#8373,#10028,.T.);
#10028 = SURFACE_CURVE('',#10029,(#10034,#10041),.PCURVE_S1.);
#10029 = CIRCLE('',#10030,60.);
#10030 = AXIS2_PLACEMENT_3D('',#10031,#10032,#10033);
#10031 = CARTESIAN_POINT('',(39.,-64.,105.));
#10032 = DIRECTION('',(-1.,0.,0.));
#10033 = DIRECTION('',(0.,-1.,0.));
#10034 = PCURVE('',#6596,#10035);
#10035 = DEFINITIONAL_REPRESENTATION('',(#10036),#10040);
#10036 = LINE('',#10037,#10038);
#10037 = CARTESIAN_POINT('',(0.,30.185842870421));
#10038 = VECTOR('',#10039,1.);
#10039 = DIRECTION('',(1.,0.));
#10040 = ( GEOMETRIC_REPRESENTATION_CONTEXT(2) 
PARAMETRIC_REPRESENTATION_CONTEXT() REPRESENTATION_CONTEXT('2D SPACE',''
  ) );
#10041 = PCURVE('',#8546,#10042);
#10042 = DEFINITIONAL_REPRESENTATION('',(#10043),#10047);
#10043 = LINE('',#10044,#10045);
#10044 = CARTESIAN_POINT('',(-0.,6.28318530718));
#10045 = VECTOR('',#10046,1.);
#10046 = DIRECTION('',(-1.,0.));
#10047 = ( GEOMETRIC_REPRESENTATION_CONTEXT(2) 
PARAMETRIC_REPRESENTATION_CONTEXT() REPRESENTATION_CONTEXT('2D SPACE',''
  ) );
#10048 = ADVANCED_FACE('',(#10049),#5775,.T.);
#10049 = FACE_BOUND('',#10050,.T.);
#10050 = EDGE_LOOP('',(#10051,#10490,#10491));
#10051 = ORIENTED_EDGE('',*,*,#10052,.T.);
#10052 = EDGE_CURVE('',#5372,#8134,#10053,.T.);
#10053 = SURFACE_CURVE('',#10054,(#10252,#10259),.PCURVE_S1.);
#10054 = ( BOUNDED_CURVE() B_SPLINE_CURVE(14,(#10055,#10056,#10057,
    #10058,#10059,#10060,#10061,#10062,#10063,#10064,#10065,#10066,
    #10067,#10068,#10069,#10070,#10071,#10072,#10073,#10074,#10075,
    #10076,#10077,#10078,#10079,#10080,#10081,#10082,#10083,#10084,
    #10085,#10086,#10087,#10088,#10089,#10090,#10091,#10092,#10093,
    #10094,#10095,#10096,#10097,#10098,#10099,#10100,#10101,#10102,
    #10103,#10104,#10105,#10106,#10107,#10108,#10109,#10110,#10111,
    #10112,#10113,#10114,#10115,#10116,#10117,#10118,#10119,#10120,
    #10121,#10122,#10123,#10124,#10125,#10126,#10127,#10128,#10129,
    #10130,#10131,#10132,#10133,#10134,#10135,#10136,#10137,#10138,
    #10139,#10140,#10141,#10142,#10143,#10144,#10145,#10146,#10147,
    #10148,#10149,#10150,#10151,#10152,#10153,#10154,#10155,#10156,
    #10157,#10158,#10159,#10160,#10161,#10162,#10163,#10164,#10165,
    #10166,#10167,#10168,#10169,#10170,#10171,#10172,#10173,#10174,
    #10175,#10176,#10177,#10178,#10179,#10180,#10181,#10182,#10183,
    #10184,#10185,#10186,#10187,#10188,#10189,#10190,#10191,#10192,
    #10193,#10194,#10195,#10196,#10197,#10198,#10199,#10200,#10201,
    #10202,#10203,#10204,#10205,#10206,#10207,#10208,#10209,#10210,
    #10211,#10212,#10213,#10214,#10215,#10216,#10217,#10218,#10219,
    #10220,#10221,#10222,#10223,#10224,#10225,#10226,#10227,#10228,
    #10229,#10230,#10231,#10232,#10233,#10234,#10235,#10236,#10237,
    #10238,#10239,#10240,#10241,#10242,#10243,#10244,#10245,#10246,
    #10247,#10248,#10249,#10250,#10251),.UNSPECIFIED.,.F.,.F.) 
B_SPLINE_CURVE_WITH_KNOTS((15,13,13,13,13,13,13,13,13,13,13,13,13,13,13,
    15),(0.,1.285484383361E-02,2.570968766722E-02,5.141937533444E-02,
    0.102838750669,0.205677501338,0.411355002676,0.822710005351,
    1.645420010702,3.290840021404,6.581680042808,9.872520064213,
    13.163360085617,26.326720171234,52.134583305342,54.427243247242),
.UNSPECIFIED.) CURVE() GEOMETRIC_REPRESENTATION_ITEM() 
RATIONAL_B_SPLINE_CURVE((1.,1.,0.999999999999,1.000000000002,
    0.999999999997,1.000000000004,0.999999999996,1.000000000003,
    0.999999999997,1.000000000002,0.999999999999,1.000000000001,
    0.999999999999,1.,1.,1.000000000003,0.999999999991,1.000000000019,
    0.999999999969,1.000000000041,0.999999999956,1.000000000039,
    0.999999999972,1.000000000016,0.999999999993,1.000000000002,1.,1.,
    1.000000000002,0.999999999995,1.000000000012,0.99999999998,
    1.000000000026,0.999999999972,1.000000000024,0.999999999983,
    1.00000000001,0.999999999996,1.000000000001,1.,1.,1.000000000003,
    0.999999999992,1.000000000017,0.999999999971,1.000000000038,
    0.999999999959,1.000000000036,0.999999999974,1.000000000015,
    0.999999999993,1.000000000002,1.,1.,1.000000000003,0.999999999991,
    1.00000000002,0.999999999966,1.000000000045,0.999999999952,
    1.000000000042,0.999999999969,1.000000000018,0.999999999992,
    1.000000000002,1.,1.,1.000000000003,0.999999999991,1.00000000002,
    0.999999999966,1.000000000045,0.999999999951,1.000000000044,
    0.999999999968,1.000000000019,0.999999999992,1.000000000002,1.,1.,
    1.000000000003,0.999999999992,1.000000000019,0.999999999969,
    1.000000000041,0.999999999956,1.000000000038,0.999999999973,
    1.000000000016,0.999999999993,1.000000000002,1.,1.,1.000000000003,
    0.999999999991,1.00000000002,0.999999999966,1.000000000045,
    0.999999999951,1.000000000043,0.999999999968,1.000000000018,
    0.999999999992,1.000000000002,1.,1.,1.000000000002,0.999999999992,
    1.000000000018,0.99999999997,1.00000000004,0.999999999956,
    1.000000000039,0.999999999972,1.000000000016,0.999999999993,
    1.000000000002,1.,1.,1.000000000003,0.999999999991,1.000000000019,
    0.999999999968,1.000000000043,0.999999999954,1.000000000041,
    0.999999999971,1.000000000017,0.999999999992,1.000000000002,1.,1.,
    1.000000000001,0.999999999995,1.000000000013,0.999999999977,
    1.000000000032,0.999999999963,1.000000000034,0.999999999975,
    1.000000000015,0.999999999993,1.000000000002,1.,1.,1.000000000003,
    0.999999999992,1.000000000016,0.999999999974,1.000000000033,
    0.999999999966,1.000000000029,0.999999999979,1.000000000012,
    0.999999999995,1.000000000001,1.,1.,1.000000000003,0.999999999992,
    1.000000000018,0.99999999997,1.00000000004,0.999999999956,
    1.000000000039,0.999999999972,1.000000000017,0.999999999992,
    1.000000000003,1.,1.000000000001,0.999999999997,1.000000000007,
    0.999999999985,1.000000000025,0.999999999967,1.000000000036,
    0.999999999967,1.000000000025,0.999999999985,1.000000000007,
    0.999999999998,1.000000000001,1.,1.,0.999999999999,1.000000000002,
    0.999999999996,1.000000000007,0.999999999992,1.000000000007,
    0.999999999994,1.000000000003,0.999999999998,1.000000000001,1.,1.)) 
REPRESENTATION_ITEM('') );
#10055 = CARTESIAN_POINT('',(-76.96827990577,-124.,78.));
#10056 = CARTESIAN_POINT('',(-76.96907282963,-123.9999999999,
    77.999465341725));
#10057 = CARTESIAN_POINT('',(-76.96918512494,-123.9999999834,
    77.998388719481));
#10058 = CARTESIAN_POINT('',(-76.97222339237,-123.9999999505,
    77.999642749188));
#10059 = CARTESIAN_POINT('',(-76.96684801057,-123.9999999009,
    77.994194933701));
#10060 = CARTESIAN_POINT('',(-76.97916678862,-123.9999998351,
    78.002841268275));
#10061 = CARTESIAN_POINT('',(-76.96314015895,-123.9999997523,
    77.988909252886));
#10062 = CARTESIAN_POINT('',(-76.98240363982,-123.9999996537,
    78.003087320697));
#10063 = CARTESIAN_POINT('',(-76.96725101736,-123.9999995378,
    77.989851467957));
#10064 = CARTESIAN_POINT('',(-76.97834541775,-123.9999994061,
    77.997522489132));
#10065 = CARTESIAN_POINT('',(-76.97396700196,-123.9999992575,
    77.992868734622));
#10066 = CARTESIAN_POINT('',(-76.97646502314,-123.9999990925,
    77.993692347428));
#10067 = CARTESIAN_POINT('',(-76.97676752749,-123.999998911,
    77.992767125694));
#10068 = CARTESIAN_POINT('',(-76.97752572846,-123.9999987131,
    77.992204874985));
#10069 = CARTESIAN_POINT('',(-76.97894817933,-123.9999982841,
    77.99100551577));
#10070 = CARTESIAN_POINT('',(-76.97965940729,-123.9999980531,
    77.990405827234));
#10071 = CARTESIAN_POINT('',(-76.98037063767,-123.9999978057,
    77.989806129897));
#10072 = CARTESIAN_POINT('',(-76.98108187071,-123.9999975417,
    77.989206423409));
#10073 = CARTESIAN_POINT('',(-76.98179310591,-123.9999972612,
    77.988606708533));
#10074 = CARTESIAN_POINT('',(-76.98250434413,-123.9999969642,
    77.988006983961));
#10075 = CARTESIAN_POINT('',(-76.98321558413,-123.9999966508,
    77.987407251558));
#10076 = CARTESIAN_POINT('',(-76.9839268274,-123.9999963208,
    77.986807509117));
#10077 = CARTESIAN_POINT('',(-76.98463807242,-123.9999959744,
    77.986207758847));
#10078 = CARTESIAN_POINT('',(-76.98534932048,-123.9999956114,
    77.9856079989));
#10079 = CARTESIAN_POINT('',(-76.98606057066,-123.999995232,
    77.985008230578));
#10080 = CARTESIAN_POINT('',(-76.98677182349,-123.999994836,
    77.984408453132));
#10081 = CARTESIAN_POINT('',(-76.98748307873,-123.9999944235,
    77.983808666913));
#10082 = CARTESIAN_POINT('',(-76.9896168519,-123.9999931367,
    77.982009281588));
#10083 = CARTESIAN_POINT('',(-76.99103937717,-123.9999922128,
    77.980809655926));
#10084 = CARTESIAN_POINT('',(-76.99246191247,-123.9999912229,
    77.979609994766));
#10085 = CARTESIAN_POINT('',(-76.99388445719,-123.999990167,
    77.978410298318));
#10086 = CARTESIAN_POINT('',(-76.99530701251,-123.9999890451,
    77.97721056624));
#10087 = CARTESIAN_POINT('',(-76.9967295764,-123.9999878573,
    77.976010799156));
#10088 = CARTESIAN_POINT('',(-76.99815215166,-123.9999866033,
    77.974810996257));
#10089 = CARTESIAN_POINT('',(-76.99957473495,-123.9999852835,
    77.973611158554));
#10090 = CARTESIAN_POINT('',(-77.00099732954,-123.9999838976,
    77.97241128507));
#10091 = CARTESIAN_POINT('',(-77.00241993266,-123.9999824458,
    77.971211376693));
#10092 = CARTESIAN_POINT('',(-77.00384254622,-123.9999809279,
    77.970011432819));
#10093 = CARTESIAN_POINT('',(-77.00526516909,-123.9999793441,
    77.968811453847));
#10094 = CARTESIAN_POINT('',(-77.00668780175,-123.9999776943,
    77.967611439626));
#10095 = CARTESIAN_POINT('',(-77.01095572855,-123.9999725468,
    77.964011291459));
#10096 = CARTESIAN_POINT('',(-77.01380105165,-123.9999688512,
    77.961611051977));
#10097 = CARTESIAN_POINT('',(-77.01664641317,-123.9999648915,
    77.959210671949));
#10098 = CARTESIAN_POINT('',(-77.01949181281,-123.9999606679,
    77.956810151664));
#10099 = CARTESIAN_POINT('',(-77.02233725076,-123.9999561804,
    77.954409491108));
#10100 = CARTESIAN_POINT('',(-77.02518272621,-123.9999514288,
    77.952008690781));
#10101 = CARTESIAN_POINT('',(-77.02802823997,-123.9999464133,
    77.949607750507));
#10102 = CARTESIAN_POINT('',(-77.03087379065,-123.9999411337,
    77.947206670808));
#10103 = CARTESIAN_POINT('',(-77.03371937938,-123.9999355902,
    77.944805451646));
#10104 = CARTESIAN_POINT('',(-77.03656500487,-123.9999297827,
    77.942404093321));
#10105 = CARTESIAN_POINT('',(-77.03941066778,-123.9999237112,
    77.940002595993));
#10106 = CARTESIAN_POINT('',(-77.04225636744,-123.9999173758,
    77.937600959848));
#10107 = CARTESIAN_POINT('',(-77.04510210394,-123.9999107763,
    77.935199185082));
#10108 = CARTESIAN_POINT('',(-77.05363942321,-123.9998901859,
    77.927993445488));
#10109 = CARTESIAN_POINT('',(-77.0593311159,-123.9998754031,
    77.923189065378));
#10110 = CARTESIAN_POINT('',(-77.0650229536,-123.9998595642,
    77.918384133123));
#10111 = CARTESIAN_POINT('',(-77.0707149353,-123.9998426694,
    77.913578649969));
#10112 = CARTESIAN_POINT('',(-77.07640705886,-123.9998247186,
    77.9087726179));
#10113 = CARTESIAN_POINT('',(-77.08209932419,-123.9998057118,
    77.903966037567));
#10114 = CARTESIAN_POINT('',(-77.08779172817,-123.9997856491,
    77.899158911595));
#10115 = CARTESIAN_POINT('',(-77.09348427138,-123.9997645301,
    77.894351240168));
#10116 = CARTESIAN_POINT('',(-77.09917695062,-123.9997423554,
    77.889543026017));
#10117 = CARTESIAN_POINT('',(-77.10486976595,-123.9997191245,
    77.88473426962));
#10118 = CARTESIAN_POINT('',(-77.11056271506,-123.9996948377,
    77.879924973144));
#10119 = CARTESIAN_POINT('',(-77.11625579707,-123.9996694947,
    77.875115137689));
#10120 = CARTESIAN_POINT('',(-77.12194901039,-123.9996430958,
    77.870304764913));
#10121 = CARTESIAN_POINT('',(-77.13902904041,-123.9995607308,
    77.855872038903));
#10122 = CARTESIAN_POINT('',(-77.1504162479,-123.9995015965,
    77.84624807869));
#10123 = CARTESIAN_POINT('',(-77.16180396427,-123.9994382379,
    77.836621986837));
#10124 = CARTESIAN_POINT('',(-77.17319217748,-123.9993706549,
    77.826993774733));
#10125 = CARTESIAN_POINT('',(-77.18458087571,-123.9992988478,
    77.817363453423));
#10126 = CARTESIAN_POINT('',(-77.19597004678,-123.9992228161,
    77.80773103458));
#10127 = CARTESIAN_POINT('',(-77.207359679,-123.9991425603,
    77.798096528915));
#10128 = CARTESIAN_POINT('',(-77.21874976012,-123.9990580799,
    77.78845994838));
#10129 = CARTESIAN_POINT('',(-77.23014027841,-123.9989693753,
    77.778821303577));
#10130 = CARTESIAN_POINT('',(-77.24153122177,-123.9988764462,
    77.769180606348));
#10131 = CARTESIAN_POINT('',(-77.25292257828,-123.9987792927,
    77.759537867575));
#10132 = CARTESIAN_POINT('',(-77.26431433598,-123.9986779148,
    77.74989309876));
#10133 = CARTESIAN_POINT('',(-77.27570648289,-123.9985723125,
    77.74024631108));
#10134 = CARTESIAN_POINT('',(-77.3098840554,-123.9982428322,
    77.711299925367));
#10135 = CARTESIAN_POINT('',(-77.33267061962,-123.9980062784,
    77.69199431599));
#10136 = CARTESIAN_POINT('',(-77.35545859359,-123.997752826,
    77.672680767069));
#10137 = CARTESIAN_POINT('',(-77.37824787112,-123.9974824766,
    77.653359358107));
#10138 = CARTESIAN_POINT('',(-77.40103834622,-123.9971952318,
    77.634030168238));
#10139 = CARTESIAN_POINT('',(-77.42382991248,-123.9968910934,
    77.614693277334));
#10140 = CARTESIAN_POINT('',(-77.44662246414,-123.9965700627,
    77.595348764051));
#10141 = CARTESIAN_POINT('',(-77.46941589464,-123.9962321416,
    77.575996708734));
#10142 = CARTESIAN_POINT('',(-77.49221009824,-123.9958773316,
    77.55663718973));
#10143 = CARTESIAN_POINT('',(-77.51500496848,-123.9955056344,
    77.5372702874));
#10144 = CARTESIAN_POINT('',(-77.53780039945,-123.9951170515,
    77.517896080387));
#10145 = CARTESIAN_POINT('',(-77.56059628488,-123.9947115846,
    77.498514648558));
#10146 = CARTESIAN_POINT('',(-77.58339251868,-123.9942892353,
    77.479126071065));
#10147 = CARTESIAN_POINT('',(-77.65178194678,-123.9929715452,
    77.42093914005));
#10148 = CARTESIAN_POINT('',(-77.69737584759,-123.9920254988,
    77.382119732397));
#10149 = CARTESIAN_POINT('',(-77.74296979515,-123.9910119288,
    77.343272674831));
#10150 = CARTESIAN_POINT('',(-77.78856288741,-123.9899308981,
    77.304398437184));
#10151 = CARTESIAN_POINT('',(-77.83415422249,-123.9887824693,
    77.265497490549));
#10152 = CARTESIAN_POINT('',(-77.87974289813,-123.9875667053,
    77.226570303741));
#10153 = CARTESIAN_POINT('',(-77.92532801272,-123.9862836687,
    77.187617348992));
#10154 = CARTESIAN_POINT('',(-77.97090866378,-123.9849334224,
    77.148639094211));
#10155 = CARTESIAN_POINT('',(-78.01648394976,-123.9835160291,
    77.109636011952));
#10156 = CARTESIAN_POINT('',(-78.06205296828,-123.9820315516,
    77.070608570528));
#10157 = CARTESIAN_POINT('',(-78.10761481761,-123.9804800526,
    77.031557241526));
#10158 = CARTESIAN_POINT('',(-78.15316859558,-123.9788615948,
    76.992482494421));
#10159 = CARTESIAN_POINT('',(-78.19871340025,-123.9771762412,
    76.953384799801));
#10160 = CARTESIAN_POINT('',(-78.33531818831,-123.9719196806,
    76.836024283787));
#10161 = CARTESIAN_POINT('',(-78.42634899876,-123.9681482641,
    76.757693597498));
#10162 = CARTESIAN_POINT('',(-78.51733328832,-123.96411067,76.6792753141
    ));
#10163 = CARTESIAN_POINT('',(-78.60826387937,-123.959807888,
    76.600772114189));
#10164 = CARTESIAN_POINT('',(-78.69913388812,-123.9552410329,
    76.5221866144));
#10165 = CARTESIAN_POINT('',(-78.7899367269,-123.950411344,
    76.443521366105));
#10166 = CARTESIAN_POINT('',(-78.88066610056,-123.9453201854,
    76.364778857611));
#10167 = CARTESIAN_POINT('',(-78.97131601118,-123.939969046,
    76.285961511098));
#10168 = CARTESIAN_POINT('',(-79.06188075285,-123.9343595395,
    76.207071686198));
#10169 = CARTESIAN_POINT('',(-79.15235491661,-123.9284934041,
    76.128111676461));
#10170 = CARTESIAN_POINT('',(-79.24273338646,-123.922372503,
    76.049083712302));
#10171 = CARTESIAN_POINT('',(-79.33301134209,-123.9159988242,
    75.969989958941));
#10172 = CARTESIAN_POINT('',(-79.42318425732,-123.9093744801,
    75.890832517591));
#10173 = CARTESIAN_POINT('',(-79.69337518785,-123.8887561644,
    75.653175239548));
#10174 = CARTESIAN_POINT('',(-79.8730707039,-123.8740167425,
    75.494493698111));
#10175 = CARTESIAN_POINT('',(-80.05229789737,-123.8583003887,
    75.335584350459));
#10176 = CARTESIAN_POINT('',(-80.23103173836,-123.8416259149,
    75.176465877235));
#10177 = CARTESIAN_POINT('',(-80.40925829015,-123.8240131214,
    75.017160094648));
#10178 = CARTESIAN_POINT('',(-80.58697428349,-123.8054819178,
    74.85769195555));
#10179 = CARTESIAN_POINT('',(-80.76418668607,-123.7860514458,
    74.698089556789));
#10180 = CARTESIAN_POINT('',(-80.94091227881,-123.7657392,74.53838413771
    ));
#10181 = CARTESIAN_POINT('',(-81.11717722398,-123.7445601508,
    74.378610089218));
#10182 = CARTESIAN_POINT('',(-81.29301664167,-123.7225258655,
    74.218804952094));
#10183 = CARTESIAN_POINT('',(-81.46847417898,-123.6996436303,
    74.059009424669));
#10184 = CARTESIAN_POINT('',(-81.64360158459,-123.6759155726,
    73.899267363529));
#10185 = CARTESIAN_POINT('',(-81.81845828002,-123.6513377819,
    73.739625788633));
#10186 = CARTESIAN_POINT('',(-82.167763585,-123.6004610837,
    73.420643983541));
#10187 = CARTESIAN_POINT('',(-82.34220690703,-123.5741623495,
    73.261300613055));
#10188 = CARTESIAN_POINT('',(-82.51649923472,-123.5469961369,
    73.102149319455));
#10189 = CARTESIAN_POINT('',(-82.6907004846,-123.5189478727,
    72.943234659712));
#10190 = CARTESIAN_POINT('',(-82.86486557711,-123.4899987119,
    72.784596403529));
#10191 = CARTESIAN_POINT('',(-83.03903919961,-123.4601285408,
    72.626265705381));
#10192 = CARTESIAN_POINT('',(-83.2132519079,-123.4293187775,
    72.468262250152));
#10193 = CARTESIAN_POINT('',(-83.38751756736,-123.3975549664,
    72.310592368804));
#10194 = CARTESIAN_POINT('',(-83.5618321328,-123.3648291706,
    72.153248129095));
#10195 = CARTESIAN_POINT('',(-83.73617376741,-123.3311421584,
    71.996207395293));
#10196 = CARTESIAN_POINT('',(-83.91050430107,-123.2965053866,
    71.839434863182));
#10197 = CARTESIAN_POINT('',(-84.08477202727,-123.2609427797,
    71.682884064705));
#10198 = CARTESIAN_POINT('',(-84.25891583952,-123.2244923042,
    71.526500346621));
#10199 = CARTESIAN_POINT('',(-84.60682557367,-123.1499223757,
    71.213949293924));
#10200 = CARTESIAN_POINT('',(-84.78057495513,-123.1118137436,
    71.057767608958));
#10201 = CARTESIAN_POINT('',(-84.95412350728,-123.0728888506,
    70.901679500423));
#10202 = CARTESIAN_POINT('',(-85.12747502203,-123.0331561024,
    70.745684922015));
#10203 = CARTESIAN_POINT('',(-85.30063242719,-122.992624903,
    70.589784045039));
#10204 = CARTESIAN_POINT('',(-85.47359778575,-122.9513056551,
    70.433977260553));
#10205 = CARTESIAN_POINT('',(-85.64637229722,-122.9092097595,
    70.278265175724));
#10206 = CARTESIAN_POINT('',(-85.8189562956,-122.866349616,
    70.122648619021));
#10207 = CARTESIAN_POINT('',(-85.99134925192,-122.8227386224,
    69.967128633947));
#10208 = CARTESIAN_POINT('',(-86.16354977161,-122.7783911754,
    69.811706485477));
#10209 = CARTESIAN_POINT('',(-86.33555559678,-122.7333226698,
    69.656383654431));
#10210 = CARTESIAN_POINT('',(-86.50736360455,-122.6875494993,
    69.501161841636));
#10211 = CARTESIAN_POINT('',(-86.67896980806,-122.6410890556,
    69.346042965354));
#10212 = CARTESIAN_POINT('',(-87.53596754772,-122.4054424242,
    68.570973951477));
#10213 = CARTESIAN_POINT('',(-88.21828238869,-122.2062377464,
    67.952588656819));
#10214 = CARTESIAN_POINT('',(-88.89709806796,-121.9975137059,
    67.336008339291));
#10215 = CARTESIAN_POINT('',(-89.57217289792,-121.7807534083,
    66.721283367818));
#10216 = CARTESIAN_POINT('',(-90.24342481249,-121.55771773,
    66.108446081524));
#10217 = CARTESIAN_POINT('',(-90.91126447544,-121.3301917152,
    65.497419221929));
#10218 = CARTESIAN_POINT('',(-91.57677175541,-121.0997452965,
    64.887977752628));
#10219 = CARTESIAN_POINT('',(-92.24156247516,-120.867647418,
    64.279871833864));
#10220 = CARTESIAN_POINT('',(-92.90734348923,-120.6349811108,
    63.673114880777));
#10221 = CARTESIAN_POINT('',(-93.57530529,-120.4029155469,
    63.068336787661));
#10222 = CARTESIAN_POINT('',(-94.24565249566,-120.1729995675,
    62.466998555844));
#10223 = CARTESIAN_POINT('',(-94.91772371324,-119.9472496604,
    61.871160722909));
#10224 = CARTESIAN_POINT('',(-95.59130342655,-119.7277138296,
    61.282394141733));
#10225 = CARTESIAN_POINT('',(-97.60028496509,-119.0982566714,
    59.556148154784));
#10226 = CARTESIAN_POINT('',(-98.97972748126,-118.6901999478,
    58.415350694313));
#10227 = CARTESIAN_POINT('',(-100.3542340215,-118.3274540759,
    57.332339352169));
#10228 = CARTESIAN_POINT('',(-101.763317339,-117.9984801544,
    56.292230177707));
#10229 = CARTESIAN_POINT('',(-103.2350068464,-117.6893698095,
    55.283609385035));
#10230 = CARTESIAN_POINT('',(-104.7704544668,-117.4178714432,
    54.325548645707));
#10231 = CARTESIAN_POINT('',(-106.3516825194,-117.1825522112,
    53.456388378439));
#10232 = CARTESIAN_POINT('',(-107.9625095893,-116.973817724,
    52.680047698666));
#10233 = CARTESIAN_POINT('',(-109.6157226822,-116.7880669383,
    51.983340844369));
#10234 = CARTESIAN_POINT('',(-111.3368516454,-116.6213254511,
    51.376406910832));
#10235 = CARTESIAN_POINT('',(-113.1165347384,-116.4729863503,
    50.877140890866));
#10236 = CARTESIAN_POINT('',(-114.9182458891,-116.3422289208,
    50.498649506776));
#10237 = CARTESIAN_POINT('',(-116.7147907008,-116.226598417,
    50.234199912426));
#10238 = CARTESIAN_POINT('',(-118.7240740194,-116.1124199894,
    50.077267417458));
#10239 = CARTESIAN_POINT('',(-118.8886383955,-116.1031499196,
    50.065395090258));
#10240 = CARTESIAN_POINT('',(-119.0533836171,-116.0939747321,
    50.054498495341));
#10241 = CARTESIAN_POINT('',(-119.2181232753,-116.0849130265,
    50.044593406645));
#10242 = CARTESIAN_POINT('',(-119.382812048,-116.075967071,
    50.035681598995));
#10243 = CARTESIAN_POINT('',(-119.5474640189,-116.0671323705,
    50.027760111261));
#10244 = CARTESIAN_POINT('',(-119.7121046829,-116.0584032583,
    50.020826299939));
#10245 = CARTESIAN_POINT('',(-119.8767490055,-116.0497754175,
    50.014879706944));
#10246 = CARTESIAN_POINT('',(-120.04139787,-116.0412462422,
    50.00992178268));
#10247 = CARTESIAN_POINT('',(-120.2060452898,-116.0328139435,
    50.005954484942));
#10248 = CARTESIAN_POINT('',(-120.3706887143,-116.0244763118,
    50.002978795135));
#10249 = CARTESIAN_POINT('',(-120.5353348041,-116.0162300398,
    50.000994174869));
#10250 = CARTESIAN_POINT('',(-120.6999930116,-116.0080715166,
    50.000000000001));
#10251 = CARTESIAN_POINT('',(-120.8646493323,-116.,50.));
#10252 = PCURVE('',#5775,#10253);
#10253 = DEFINITIONAL_REPRESENTATION('',(#10254),#10258);
#10254 = LINE('',#10255,#10256);
#10255 = CARTESIAN_POINT('',(54.427243247242,0.));
#10256 = VECTOR('',#10257,1.);
#10257 = DIRECTION('',(0.,1.));
#10258 = ( GEOMETRIC_REPRESENTATION_CONTEXT(2) 
PARAMETRIC_REPRESENTATION_CONTEXT() REPRESENTATION_CONTEXT('2D SPACE',''
  ) );
#10259 = PCURVE('',#8210,#10260);
#10260 = DEFINITIONAL_REPRESENTATION('',(#10261),#10489);
#10261 = B_SPLINE_CURVE_WITH_KNOTS('',10,(#10262,#10263,#10264,#10265,
    #10266,#10267,#10268,#10269,#10270,#10271,#10272,#10273,#10274,
    #10275,#10276,#10277,#10278,#10279,#10280,#10281,#10282,#10283,
    #10284,#10285,#10286,#10287,#10288,#10289,#10290,#10291,#10292,
    #10293,#10294,#10295,#10296,#10297,#10298,#10299,#10300,#10301,
    #10302,#10303,#10304,#10305,#10306,#10307,#10308,#10309,#10310,
    #10311,#10312,#10313,#10314,#10315,#10316,#10317,#10318,#10319,
    #10320,#10321,#10322,#10323,#10324,#10325,#10326,#10327,#10328,
    #10329,#10330,#10331,#10332,#10333,#10334,#10335,#10336,#10337,
    #10338,#10339,#10340,#10341,#10342,#10343,#10344,#10345,#10346,
    #10347,#10348,#10349,#10350,#10351,#10352,#10353,#10354,#10355,
    #10356,#10357,#10358,#10359,#10360,#10361,#10362,#10363,#10364,
    #10365,#10366,#10367,#10368,#10369,#10370,#10371,#10372,#10373,
    #10374,#10375,#10376,#10377,#10378,#10379,#10380,#10381,#10382,
    #10383,#10384,#10385,#10386,#10387,#10388,#10389,#10390,#10391,
    #10392,#10393,#10394,#10395,#10396,#10397,#10398,#10399,#10400,
    #10401,#10402,#10403,#10404,#10405,#10406,#10407,#10408,#10409,
    #10410,#10411,#10412,#10413,#10414,#10415,#10416,#10417,#10418,
    #10419,#10420,#10421,#10422,#10423,#10424,#10425,#10426,#10427,
    #10428,#10429,#10430,#10431,#10432,#10433,#10434,#10435,#10436,
    #10437,#10438,#10439,#10440,#10441,#10442,#10443,#10444,#10445,
    #10446,#10447,#10448,#10449,#10450,#10451,#10452,#10453,#10454,
    #10455,#10456,#10457,#10458,#10459,#10460,#10461,#10462,#10463,
    #10464,#10465,#10466,#10467,#10468,#10469,#10470,#10471,#10472,
    #10473,#10474,#10475,#10476,#10477,#10478,#10479,#10480,#10481,
    #10482,#10483,#10484,#10485,#10486,#10487,#10488),.UNSPECIFIED.,.F.,
  .F.,(11,9,9,9,9,9,9,9,9,9,9,9,9,9,9,9,9,9,9,9,9,9,9,9,9,11),(0.,
    6.643950591704E-03,1.328790118341E-02,2.657580236682E-02,
    5.315160473363E-02,0.106303209467,0.212606418935,0.425212837869,
    0.850425675738,1.700851351476,3.401702702953,6.803405405905,
    10.205108108858,13.606810811811,20.410216217716,23.811918920668,
    25.512770272145,26.363195947883,27.213621623621,40.820432435432,
    47.623837841337,51.025540544289,51.875966220028,52.301179057897,
    52.726391895766,54.427243247242),.UNSPECIFIED.);
#10262 = CARTESIAN_POINT('',(29.983502691508,271.96283615586));
#10263 = CARTESIAN_POINT('',(29.983393266994,271.9625304219));
#10264 = CARTESIAN_POINT('',(29.982962408856,271.96241025013));
#10265 = CARTESIAN_POINT('',(29.983433346605,271.96176940831));
#10266 = CARTESIAN_POINT('',(29.982333127884,271.96203565699));
#10267 = CARTESIAN_POINT('',(29.983081923329,271.96123435841));
#10268 = CARTESIAN_POINT('',(29.982320119389,271.96130518771));
#10269 = CARTESIAN_POINT('',(29.982419020738,271.96087907055));
#10270 = CARTESIAN_POINT('',(29.982177855761,271.96064927317));
#10271 = CARTESIAN_POINT('',(29.982027233441,271.96036718323));
#10272 = CARTESIAN_POINT('',(29.981699913627,271.95981802239));
#10273 = CARTESIAN_POINT('',(29.981538650592,271.95954204049));
#10274 = CARTESIAN_POINT('',(29.981351211166,271.95928115355));
#10275 = CARTESIAN_POINT('',(29.981232970649,271.95898029735));
#10276 = CARTESIAN_POINT('',(29.981041013,271.95872198342));
#10277 = CARTESIAN_POINT('',(29.980854614548,271.95846044263));
#10278 = CARTESIAN_POINT('',(29.980739783926,271.95815756401));
#10279 = CARTESIAN_POINT('',(29.980542387802,271.95790233723));
#10280 = CARTESIAN_POINT('',(29.980387263057,271.95762268688));
#10281 = CARTESIAN_POINT('',(29.979895313403,271.95679902654));
#10282 = CARTESIAN_POINT('',(29.979567342216,271.9562498513));
#10283 = CARTESIAN_POINT('',(29.979239366228,271.95570060741));
#10284 = CARTESIAN_POINT('',(29.978911385522,271.95515129546));
#10285 = CARTESIAN_POINT('',(29.978583399935,271.95460191444));
#10286 = CARTESIAN_POINT('',(29.978255409638,271.95405246544));
#10287 = CARTESIAN_POINT('',(29.977927414455,271.95350294746));
#10288 = CARTESIAN_POINT('',(29.97759941449,271.95295336109));
#10289 = CARTESIAN_POINT('',(29.977271409673,271.95240370602));
#10290 = CARTESIAN_POINT('',(29.976287380695,271.95075453481));
#10291 = CARTESIAN_POINT('',(29.975631341972,271.94965481249));
#10292 = CARTESIAN_POINT('',(29.974975283714,271.94855481468));
#10293 = CARTESIAN_POINT('',(29.974319205902,271.94745454174));
#10294 = CARTESIAN_POINT('',(29.97366310831,271.94635399221));
#10295 = CARTESIAN_POINT('',(29.973006990992,271.94525316705));
#10296 = CARTESIAN_POINT('',(29.972350853712,271.94415206474));
#10297 = CARTESIAN_POINT('',(29.971694696468,271.94305068575));
#10298 = CARTESIAN_POINT('',(29.971038519112,271.94194902932));
#10299 = CARTESIAN_POINT('',(29.969069926464,271.93864322708));
#10300 = CARTESIAN_POINT('',(29.967757450568,271.9364382481));
#10301 = CARTESIAN_POINT('',(29.966444893026,271.93423215507));
#10302 = CARTESIAN_POINT('',(29.965132253115,271.93202494594));
#10303 = CARTESIAN_POINT('',(29.963819529889,271.92981661651));
#10304 = CARTESIAN_POINT('',(29.962506722698,271.9276071655));
#10305 = CARTESIAN_POINT('',(29.961193830588,271.92539658857));
#10306 = CARTESIAN_POINT('',(29.959880852848,271.92318488389));
#10307 = CARTESIAN_POINT('',(29.958567788617,271.92097204803));
#10308 = CARTESIAN_POINT('',(29.954628334077,271.91433013888));
#10309 = CARTESIAN_POINT('',(29.952001666739,271.90989763815));
#10310 = CARTESIAN_POINT('',(29.949374636289,271.90546056606));
#10311 = CARTESIAN_POINT('',(29.946747244016,271.90101891317));
#10312 = CARTESIAN_POINT('',(29.944119491051,271.89657266899));
#10313 = CARTESIAN_POINT('',(29.941491378731,271.89212182432));
#10314 = CARTESIAN_POINT('',(29.938862908187,271.88766636879));
#10315 = CARTESIAN_POINT('',(29.936234080707,271.8832062928));
#10316 = CARTESIAN_POINT('',(29.933604897491,271.8787415864));
#10317 = CARTESIAN_POINT('',(29.925716284335,271.86533354638));
#10318 = CARTESIAN_POINT('',(29.920455873816,271.85637643158));
#10319 = CARTESIAN_POINT('',(29.915194166083,271.84740087243));
#10320 = CARTESIAN_POINT('',(29.909931199139,271.83840684727));
#10321 = CARTESIAN_POINT('',(29.904667010743,271.82939433231));
#10322 = CARTESIAN_POINT('',(29.899401638983,271.82036330654));
#10323 = CARTESIAN_POINT('',(29.894135121603,271.81131374613));
#10324 = CARTESIAN_POINT('',(29.888867496628,271.80224562947));
#10325 = CARTESIAN_POINT('',(29.883598801907,271.79315893362));
#10326 = CARTESIAN_POINT('',(29.867789622294,271.76584304143));
#10327 = CARTESIAN_POINT('',(29.857245911221,271.74755781073));
#10328 = CARTESIAN_POINT('',(29.846698140671,271.72919771337));
#10329 = CARTESIAN_POINT('',(29.836146509281,271.71076251973));
#10330 = CARTESIAN_POINT('',(29.825591215476,271.69225199813));
#10331 = CARTESIAN_POINT('',(29.815032457968,271.67366591964));
#10332 = CARTESIAN_POINT('',(29.80447043517,271.65500405251));
#10333 = CARTESIAN_POINT('',(29.793905345737,271.63626616723));
#10334 = CARTESIAN_POINT('',(29.783337388173,271.61745203294));
#10335 = CARTESIAN_POINT('',(29.751625506809,271.5607801922));
#10336 = CARTESIAN_POINT('',(29.730473823744,271.52269280059));
#10337 = CARTESIAN_POINT('',(29.709312324467,271.4842978932));
#10338 = CARTESIAN_POINT('',(29.688141621704,271.44559411945));
#10339 = CARTESIAN_POINT('',(29.666962327971,271.40658012742));
#10340 = CARTESIAN_POINT('',(29.645775056065,271.36725456694));
#10341 = CARTESIAN_POINT('',(29.624580418492,271.32761608611));
#10342 = CARTESIAN_POINT('',(29.603379027995,271.28766333432));
#10343 = CARTESIAN_POINT('',(29.582171497167,271.24739496026));
#10344 = CARTESIAN_POINT('',(29.518532321679,271.12563891807));
#10345 = CARTESIAN_POINT('',(29.476080990599,271.043201576));
#10346 = CARTESIAN_POINT('',(29.433604306024,270.95949006701));
#10347 = CARTESIAN_POINT('',(29.391099796525,270.87449765006));
#10348 = CARTESIAN_POINT('',(29.348562658393,270.78821835857));
#10349 = CARTESIAN_POINT('',(29.305985756029,270.70064700669));
#10350 = CARTESIAN_POINT('',(29.263359621498,270.61177918188));
#10351 = CARTESIAN_POINT('',(29.220672454923,270.52161125184));
#10352 = CARTESIAN_POINT('',(29.177910124215,270.43014035943));
#10353 = CARTESIAN_POINT('',(29.049348247211,270.15181255771));
#10354 = CARTESIAN_POINT('',(28.963278066904,269.96103776489));
#10355 = CARTESIAN_POINT('',(28.876705372267,269.76502673252));
#10356 = CARTESIAN_POINT('',(28.78948306344,269.56375739693));
#10357 = CARTESIAN_POINT('',(28.7014386346,269.35720223246));
#10358 = CARTESIAN_POINT('',(28.612391702068,269.1453344182));
#10359 = CARTESIAN_POINT('',(28.522189169847,268.92814037129));
#10360 = CARTESIAN_POINT('',(28.430739588095,268.70564218261));
#10361 = CARTESIAN_POINT('',(28.338028255549,268.47793343878));
#10362 = CARTESIAN_POINT('',(28.150160985912,268.01253048079));
#10363 = CARTESIAN_POINT('',(28.055008156142,267.77483618533));
#10364 = CARTESIAN_POINT('',(27.958620179421,267.53239058297));
#10365 = CARTESIAN_POINT('',(27.861292131131,267.28542856115));
#10366 = CARTESIAN_POINT('',(27.762579879523,267.03470106759));
#10367 = CARTESIAN_POINT('',(27.663541931943,266.78036578412));
#10368 = CARTESIAN_POINT('',(27.562843521527,266.52378164208));
#10369 = CARTESIAN_POINT('',(27.461690572467,266.26482008695));
#10370 = CARTESIAN_POINT('',(27.358816932061,266.00451568768));
#10371 = CARTESIAN_POINT('',(27.150103674032,265.48070456208));
#10372 = CARTESIAN_POINT('',(27.044236700214,265.21722712408));
#10373 = CARTESIAN_POINT('',(26.936795258673,264.952224384));
#10374 = CARTESIAN_POINT('',(26.827716024222,264.68575026489));
#10375 = CARTESIAN_POINT('',(26.716936049908,264.41787148814));
#10376 = CARTESIAN_POINT('',(26.604392651141,264.14867084001));
#10377 = CARTESIAN_POINT('',(26.490023592866,263.8782482417));
#10378 = CARTESIAN_POINT('',(26.373767580404,263.60671963968));
#10379 = CARTESIAN_POINT('',(26.255565053418,263.33421370058));
#10380 = CARTESIAN_POINT('',(25.894947743355,262.51417156705));
#10381 = CARTESIAN_POINT('',(25.64653309359,261.96410651306));
#10382 = CARTESIAN_POINT('',(25.389678800363,261.41174250576));
#10383 = CARTESIAN_POINT('',(25.12394219203,260.85839168239));
#10384 = CARTESIAN_POINT('',(24.84894959036,260.30544832521));
#10385 = CARTESIAN_POINT('',(24.564415090546,259.7542963111));
#10386 = CARTESIAN_POINT('',(24.270131680086,259.20627312019));
#10387 = CARTESIAN_POINT('',(23.965963384108,258.66268085452));
#10388 = CARTESIAN_POINT('',(23.651867127604,258.12483472933));
#10389 = CARTESIAN_POINT('',(23.16602593973,257.32879186961));
#10390 = CARTESIAN_POINT('',(23.001630236804,257.06523331964));
#10391 = CARTESIAN_POINT('',(22.834797878876,256.80363424828));
#10392 = CARTESIAN_POINT('',(22.665553558602,256.54417410189));
#10393 = CARTESIAN_POINT('',(22.493933388975,256.2870392155));
#10394 = CARTESIAN_POINT('',(22.319983617007,256.03242067003));
#10395 = CARTESIAN_POINT('',(22.143759336484,255.7805121413));
#10396 = CARTESIAN_POINT('',(21.965323201696,255.53150775771));
#10397 = CARTESIAN_POINT('',(21.78474414034,255.28559995052));
#10398 = CARTESIAN_POINT('',(21.510772030314,254.92166598859));
#10399 = CARTESIAN_POINT('',(21.418930378246,254.80117548836));
#10400 = CARTESIAN_POINT('',(21.326579675307,254.68152855805));
#10401 = CARTESIAN_POINT('',(21.233728612536,254.5627474527));
#10402 = CARTESIAN_POINT('',(21.140385673686,254.44485352752));
#10403 = CARTESIAN_POINT('',(21.046558801264,254.32786683036));
#10404 = CARTESIAN_POINT('',(20.952255062794,254.2118056973));
#10405 = CARTESIAN_POINT('',(20.857480316831,254.09668634465));
#10406 = CARTESIAN_POINT('',(20.762238879195,253.98252246426));
#10407 = CARTESIAN_POINT('',(20.618680343983,253.81272599246));
#10408 = CARTESIAN_POINT('',(20.570709517698,253.75636512768));
#10409 = CARTESIAN_POINT('',(20.5226371599,253.70027397723));
#10410 = CARTESIAN_POINT('',(20.474397815265,253.64433017702));
#10411 = CARTESIAN_POINT('',(20.426159350273,253.5888504843));
#10412 = CARTESIAN_POINT('',(20.377621222296,253.53327053862));
#10413 = CARTESIAN_POINT('',(20.329177999967,253.4783332719));
#10414 = CARTESIAN_POINT('',(20.280438676487,253.42330502242));
#10415 = CARTESIAN_POINT('',(20.231695511485,253.36873587724));
#10416 = CARTESIAN_POINT('',(20.133866329251,253.25988981406));
#10417 = CARTESIAN_POINT('',(20.08479733264,253.20564461727));
#10418 = CARTESIAN_POINT('',(20.035578784303,253.15158559855));
#10419 = CARTESIAN_POINT('',(19.986215293723,253.09772052971));
#10420 = CARTESIAN_POINT('',(19.936711226242,253.04405661346));
#10421 = CARTESIAN_POINT('',(19.887070702852,252.99060047981));
#10422 = CARTESIAN_POINT('',(19.837297600434,252.93735819035));
#10423 = CARTESIAN_POINT('',(19.78739555154,252.88433523419));
#10424 = CARTESIAN_POINT('',(19.737367944551,252.83153653104));
#10425 = CARTESIAN_POINT('',(18.884817588173,251.93784480277));
#10426 = CARTESIAN_POINT('',(18.051087180667,251.1552646835));
#10427 = CARTESIAN_POINT('',(17.19906675767,250.44972896857));
#10428 = CARTESIAN_POINT('',(16.327831711928,249.80903435503));
#10429 = CARTESIAN_POINT('',(15.432811604783,249.22668165504));
#10430 = CARTESIAN_POINT('',(14.516751689694,248.70259559631));
#10431 = CARTESIAN_POINT('',(13.583583593198,248.23129634488));
#10432 = CARTESIAN_POINT('',(12.635249939542,247.80806411355));
#10433 = CARTESIAN_POINT('',(11.67150465106,247.42714208316));
#10434 = CARTESIAN_POINT('',(10.200979979178,246.91172800242));
#10435 = CARTESIAN_POINT('',(9.70665431663,246.74924986818));
#10436 = CARTESIAN_POINT('',(9.2080272205,246.59546789436));
#10437 = CARTESIAN_POINT('',(8.704893184458,246.44977975431));
#10438 = CARTESIAN_POINT('',(8.197021028959,246.31163573343));
#10439 = CARTESIAN_POINT('',(7.684218067031,246.1805502122));
#10440 = CARTESIAN_POINT('',(7.166393378932,246.05610123227));
#10441 = CARTESIAN_POINT('',(6.643584311852,245.93791932212));
#10442 = CARTESIAN_POINT('',(6.115910319102,245.82566672001));
#10443 = CARTESIAN_POINT('',(5.317172222554,245.66567888893));
#10444 = CARTESIAN_POINT('',(5.049724152422,245.61374815471));
#10445 = CARTESIAN_POINT('',(4.781073719734,245.56317414557));
#10446 = CARTESIAN_POINT('',(4.511223307457,245.51391531572));
#10447 = CARTESIAN_POINT('',(4.24016752939,245.46592955079));
#10448 = CARTESIAN_POINT('',(3.967882753411,245.41917332566));
#10449 = CARTESIAN_POINT('',(3.694316624742,245.37360086445));
#10450 = CARTESIAN_POINT('',(3.419377589194,245.32916329816));
#10451 = CARTESIAN_POINT('',(3.142924416431,245.28580782439));
#10452 = CARTESIAN_POINT('',(2.795213549913,245.23289412587));
#10453 = CARTESIAN_POINT('',(2.725563936492,245.22237541612));
#10454 = CARTESIAN_POINT('',(2.655803707699,245.21191984044));
#10455 = CARTESIAN_POINT('',(2.585929366337,245.20152648178));
#10456 = CARTESIAN_POINT('',(2.515937093251,245.19119440084));
#10457 = CARTESIAN_POINT('',(2.44582274735,245.18092263777));
#10458 = CARTESIAN_POINT('',(2.375581865583,245.17071021013));
#10459 = CARTESIAN_POINT('',(2.305209662959,245.16055611485));
#10460 = CARTESIAN_POINT('',(2.234701032534,245.15045932671));
#10461 = CARTESIAN_POINT('',(2.128725301861,245.13539853552));
#10462 = CARTESIAN_POINT('',(2.093370386136,245.13039347617));
#10463 = CARTESIAN_POINT('',(2.057936005113,245.12539387486));
#10464 = CARTESIAN_POINT('',(2.022616231594,245.12043761735));
#10465 = CARTESIAN_POINT('',(1.98693860976,245.11543289157));
#10466 = CARTESIAN_POINT('',(1.951654771233,245.11052492894));
#10467 = CARTESIAN_POINT('',(1.915978541971,245.10556315763));
#10468 = CARTESIAN_POINT('',(1.880402028401,245.10064061072));
#10469 = CARTESIAN_POINT('',(1.844750693819,245.09572446412));
#10470 = CARTESIAN_POINT('',(1.773383932544,245.08592059564));
#10471 = CARTESIAN_POINT('',(1.737664988098,245.08103223166));
#10472 = CARTESIAN_POINT('',(1.701914209046,245.07615802162));
#10473 = CARTESIAN_POINT('',(1.666134819724,245.07129846017));
#10474 = CARTESIAN_POINT('',(1.630329539606,245.06645395281));
#10475 = CARTESIAN_POINT('',(1.594500583302,245.06162481613));
#10476 = CARTESIAN_POINT('',(1.558649660559,245.05681127744));
#10477 = CARTESIAN_POINT('',(1.52277797626,245.05201347521));
#10478 = CARTESIAN_POINT('',(1.486886230425,245.04723145866));
#10479 = CARTESIAN_POINT('',(1.307328169345,245.02340010568));
#10480 = CARTESIAN_POINT('',(1.163373701409,245.00458880313));
#10481 = CARTESIAN_POINT('',(1.0191282524,244.98602940377));
#10482 = CARTESIAN_POINT('',(0.874581238632,244.96771608026));
#10483 = CARTESIAN_POINT('',(0.729711504904,244.94964161655));
#10484 = CARTESIAN_POINT('',(0.584498708378,244.9317991145));
#10485 = CARTESIAN_POINT('',(0.438929036189,244.91418285457));
#10486 = CARTESIAN_POINT('',(0.292995256746,244.89678830007));
#10487 = CARTESIAN_POINT('',(0.146691104763,244.8796112545));
#10488 = CARTESIAN_POINT('',(2.759170248109E-16,244.86264616493));
#10489 = ( GEOMETRIC_REPRESENTATION_CONTEXT(2) 
PARAMETRIC_REPRESENTATION_CONTEXT() REPRESENTATION_CONTEXT('2D SPACE',''
  ) );
#10490 = ORIENTED_EDGE('',*,*,#9953,.F.);
#10491 = ORIENTED_EDGE('',*,*,#5371,.F.);
#10492 = ADVANCED_FACE('',(#10493),#6568,.T.);
#10493 = FACE_BOUND('',#10494,.T.);
#10494 = EDGE_LOOP('',(#10495,#10515,#10516,#10536));
#10495 = ORIENTED_EDGE('',*,*,#10496,.T.);
#10496 = EDGE_CURVE('',#8478,#6520,#10497,.T.);
#10497 = SURFACE_CURVE('',#10498,(#10503,#10509),.PCURVE_S1.);
#10498 = CIRCLE('',#10499,6.);
#10499 = AXIS2_PLACEMENT_3D('',#10500,#10501,#10502);
#10500 = CARTESIAN_POINT('',(39.,-118.,53.));
#10501 = DIRECTION('',(6.123233995737E-17,0.,1.));
#10502 = DIRECTION('',(1.,0.,-6.123233995737E-17));
#10503 = PCURVE('',#6568,#10504);
#10504 = DEFINITIONAL_REPRESENTATION('',(#10505),#10508);
#10505 = B_SPLINE_CURVE_WITH_KNOTS('',1,(#10506,#10507),.UNSPECIFIED.,
  .F.,.F.,(2,2),(3.14159265359,4.712388980385),
  .PIECEWISE_BEZIER_KNOTS.);
#10506 = CARTESIAN_POINT('',(0.,-1.7763568394E-15));
#10507 = CARTESIAN_POINT('',(1.570796326795,-1.7763568394E-15));
#10508 = ( GEOMETRIC_REPRESENTATION_CONTEXT(2) 
PARAMETRIC_REPRESENTATION_CONTEXT() REPRESENTATION_CONTEXT('2D SPACE',''
  ) );
#10509 = PCURVE('',#6540,#10510);
#10510 = DEFINITIONAL_REPRESENTATION('',(#10511),#10514);
#10511 = B_SPLINE_CURVE_WITH_KNOTS('',1,(#10512,#10513),.UNSPECIFIED.,
  .F.,.F.,(2,2),(3.14159265359,4.712388980385),
  .PIECEWISE_BEZIER_KNOTS.);
#10512 = CARTESIAN_POINT('',(-1.570796326795,3.14159265359));
#10513 = CARTESIAN_POINT('',(-1.570796326795,4.712388980385));
#10514 = ( GEOMETRIC_REPRESENTATION_CONTEXT(2) 
PARAMETRIC_REPRESENTATION_CONTEXT() REPRESENTATION_CONTEXT('2D SPACE',''
  ) );
#10515 = ORIENTED_EDGE('',*,*,#6552,.T.);
#10516 = ORIENTED_EDGE('',*,*,#10517,.F.);
#10517 = EDGE_CURVE('',#8526,#6553,#10518,.T.);
#10518 = SURFACE_CURVE('',#10519,(#10524,#10530),.PCURVE_S1.);
#10519 = CIRCLE('',#10520,6.);
#10520 = AXIS2_PLACEMENT_3D('',#10521,#10522,#10523);
#10521 = CARTESIAN_POINT('',(39.,-118.,105.));
#10522 = DIRECTION('',(0.,0.,1.));
#10523 = DIRECTION('',(-1.,0.,0.));
#10524 = PCURVE('',#6568,#10525);
#10525 = DEFINITIONAL_REPRESENTATION('',(#10526),#10529);
#10526 = B_SPLINE_CURVE_WITH_KNOTS('',1,(#10527,#10528),.UNSPECIFIED.,
  .F.,.F.,(2,2),(0.,1.570796326795),.PIECEWISE_BEZIER_KNOTS.);
#10527 = CARTESIAN_POINT('',(0.,52.));
#10528 = CARTESIAN_POINT('',(1.570796326795,52.));
#10529 = ( GEOMETRIC_REPRESENTATION_CONTEXT(2) 
PARAMETRIC_REPRESENTATION_CONTEXT() REPRESENTATION_CONTEXT('2D SPACE',''
  ) );
#10530 = PCURVE('',#8546,#10531);
#10531 = DEFINITIONAL_REPRESENTATION('',(#10532),#10535);
#10532 = B_SPLINE_CURVE_WITH_KNOTS('',1,(#10533,#10534),.UNSPECIFIED.,
  .F.,.F.,(2,2),(0.,1.570796326795),.PIECEWISE_BEZIER_KNOTS.);
#10533 = CARTESIAN_POINT('',(0.,4.712388980385));
#10534 = CARTESIAN_POINT('',(0.,6.28318530718));
#10535 = ( GEOMETRIC_REPRESENTATION_CONTEXT(2) 
PARAMETRIC_REPRESENTATION_CONTEXT() REPRESENTATION_CONTEXT('2D SPACE',''
  ) );
#10536 = ORIENTED_EDGE('',*,*,#8558,.F.);
#10537 = ADVANCED_FACE('',(#10538),#6390,.T.);
#10538 = FACE_BOUND('',#10539,.T.);
#10539 = EDGE_LOOP('',(#10540,#10541,#10615,#10616));
#10540 = ORIENTED_EDGE('',*,*,#8606,.F.);
#10541 = ORIENTED_EDGE('',*,*,#10542,.T.);
#10542 = EDGE_CURVE('',#8584,#5372,#10543,.T.);
#10543 = SURFACE_CURVE('',#10544,(#10567,#10608),.PCURVE_S1.);
#10544 = ( BOUNDED_CURVE() B_SPLINE_CURVE(11,(#10545,#10546,#10547,
    #10548,#10549,#10550,#10551,#10552,#10553,#10554,#10555,#10556,
    #10557,#10558,#10559,#10560,#10561,#10562,#10563,#10564,#10565,
#10566),.UNSPECIFIED.,.F.,.F.) B_SPLINE_CURVE_WITH_KNOTS((12,10,12),(
    241.97933342636,265.95866685272,271.96283619654),.UNSPECIFIED.) 
CURVE() GEOMETRIC_REPRESENTATION_ITEM() RATIONAL_B_SPLINE_CURVE((1.,1.,
    1.,1.,1.000000000001,0.999999999999,1.000000000001,0.999999999999,1.
    ,1.,1.,1.,1.,0.999999999999,1.000000000002,0.999999999998,
    1.000000000002,0.999999999999,1.000000000001,1.,1.,1.)) 
REPRESENTATION_ITEM('') );
#10545 = CARTESIAN_POINT('',(-94.43923252731,-109.,70.753066737129));
#10546 = CARTESIAN_POINT('',(-94.43923252731,-110.3199012515,
    70.75306673713));
#10547 = CARTESIAN_POINT('',(-94.29689809408,-111.6398172224,
    70.790799808566));
#10548 = CARTESIAN_POINT('',(-94.01188043656,-112.9675781482,
    70.866570853322));
#10549 = CARTESIAN_POINT('',(-93.57356493505,-114.3108687318,
    70.988871509254));
#10550 = CARTESIAN_POINT('',(-92.95735058892,-115.6702814663,
    71.177667595444));
#10551 = CARTESIAN_POINT('',(-92.13493619349,-117.0289364037,
    71.45593139197));
#10552 = CARTESIAN_POINT('',(-91.08523906159,-118.3549924133,
    71.841545583745));
#10553 = CARTESIAN_POINT('',(-89.79798551255,-119.6119799918,
    72.34521169144));
#10554 = CARTESIAN_POINT('',(-88.26875935036,-120.7641944272,
    72.97395616168));
#10555 = CARTESIAN_POINT('',(-86.49237514267,-121.7704006129,
    73.734241989483));
#10556 = CARTESIAN_POINT('',(-83.96469078454,-122.7812358721,
    74.846239249287));
#10557 = CARTESIAN_POINT('',(-83.44313893261,-122.9712546535,
    75.077033510903));
#10558 = CARTESIAN_POINT('',(-82.90629625207,-123.1480579695,
    75.315760486013));
#10559 = CARTESIAN_POINT('',(-82.34813698108,-123.3128412293,
    75.567637718624));
#10560 = CARTESIAN_POINT('',(-81.76085514606,-123.466624765,
    75.836499855421));
#10561 = CARTESIAN_POINT('',(-81.1286075278,-123.6105468059,
    76.135804745879));
#10562 = CARTESIAN_POINT('',(-80.44623819505,-123.7403556309,
    76.462810791774));
#10563 = CARTESIAN_POINT('',(-79.70764021079,-123.8533126838,
    76.807900294556));
#10564 = CARTESIAN_POINT('',(-78.89675866091,-123.9435328886,
    77.174508972509));
#10565 = CARTESIAN_POINT('',(-77.99265066429,-124.,77.567390733845));
#10566 = CARTESIAN_POINT('',(-76.96827990577,-124.,78.));
#10567 = PCURVE('',#6390,#10568);
#10568 = DEFINITIONAL_REPRESENTATION('',(#10569),#10607);
#10569 = B_SPLINE_CURVE_WITH_KNOTS('',8,(#10570,#10571,#10572,#10573,
    #10574,#10575,#10576,#10577,#10578,#10579,#10580,#10581,#10582,
    #10583,#10584,#10585,#10586,#10587,#10588,#10589,#10590,#10591,
    #10592,#10593,#10594,#10595,#10596,#10597,#10598,#10599,#10600,
    #10601,#10602,#10603,#10604,#10605,#10606),.UNSPECIFIED.,.F.,.F.,(9,
    7,7,7,7,9),(241.97933342636,256.97108481145,264.46696050399,
    266.34092942713,268.21489835027,271.96283619654),.UNSPECIFIED.);
#10570 = CARTESIAN_POINT('',(1.961380045359E-15,21.485155663411));
#10571 = CARTESIAN_POINT('',(7.56428955238E-02,21.48515566341));
#10572 = CARTESIAN_POINT('',(0.151286733175,21.541422616551));
#10573 = CARTESIAN_POINT('',(0.227964905463,21.65423663201));
#10574 = CARTESIAN_POINT('',(0.306715963882,21.831477114264));
#10575 = CARTESIAN_POINT('',(0.388340345601,22.09190589322));
#10576 = CARTESIAN_POINT('',(0.473155820608,22.453656963233));
#10577 = CARTESIAN_POINT('',(0.561334413298,22.931314696083));
#10578 = CARTESIAN_POINT('',(0.698924063561,23.837784763484));
#10579 = CARTESIAN_POINT('',(0.745674556562,24.171610412779));
#10580 = CARTESIAN_POINT('',(0.793334908796,24.538435442429));
#10581 = CARTESIAN_POINT('',(0.841930484358,24.939362693033));
#10582 = CARTESIAN_POINT('',(0.891494467164,25.375264701713));
#10583 = CARTESIAN_POINT('',(0.94207289966,25.846780978307));
#10584 = CARTESIAN_POINT('',(0.993729721539,26.354315281474));
#10585 = CARTESIAN_POINT('',(1.059757330176,27.03396229822));
#10586 = CARTESIAN_POINT('',(1.07303531886,27.172146751078));
#10587 = CARTESIAN_POINT('',(1.086389095846,27.312621092292));
#10588 = CARTESIAN_POINT('',(1.099815452485,27.455308125902));
#10589 = CARTESIAN_POINT('',(1.113320745141,27.600290020337));
#10590 = CARTESIAN_POINT('',(1.126907379946,27.747575808864));
#10591 = CARTESIAN_POINT('',(1.140567129308,27.896990798259));
#10592 = CARTESIAN_POINT('',(1.16806831511,28.200636587629));
#10593 = CARTESIAN_POINT('',(1.181909498033,28.354868141084));
#10594 = CARTESIAN_POINT('',(1.195856463247,28.511730015217));
#10595 = CARTESIAN_POINT('',(1.209936121348,28.671668405311));
#10596 = CARTESIAN_POINT('',(1.224184602414,28.835274601506));
#10597 = CARTESIAN_POINT('',(1.238644757164,29.003205550358));
#10598 = CARTESIAN_POINT('',(1.253363658106,29.176104416296));
#10599 = CARTESIAN_POINT('',(1.29844298589,29.71135459692));
#10600 = CARTESIAN_POINT('',(1.329727009518,30.09027899723));
#10601 = CARTESIAN_POINT('',(1.362633066424,30.495465357169));
#10602 = CARTESIAN_POINT('',(1.397614977075,30.930644652383));
#10603 = CARTESIAN_POINT('',(1.435100068127,31.39372897175));
#10604 = CARTESIAN_POINT('',(1.475777028023,31.887697135772));
#10605 = CARTESIAN_POINT('',(1.520585503137,32.420752128577));
#10606 = CARTESIAN_POINT('',(1.570796326795,33.006970937949));
#10607 = ( GEOMETRIC_REPRESENTATION_CONTEXT(2) 
PARAMETRIC_REPRESENTATION_CONTEXT() REPRESENTATION_CONTEXT('2D SPACE',''
  ) );
#10608 = PCURVE('',#8210,#10609);
#10609 = DEFINITIONAL_REPRESENTATION('',(#10610),#10614);
#10610 = LINE('',#10611,#10612);
#10611 = CARTESIAN_POINT('',(29.98350277018,0.));
#10612 = VECTOR('',#10613,1.);
#10613 = DIRECTION('',(0.,1.));
#10614 = ( GEOMETRIC_REPRESENTATION_CONTEXT(2) 
PARAMETRIC_REPRESENTATION_CONTEXT() REPRESENTATION_CONTEXT('2D SPACE',''
  ) );
#10615 = ORIENTED_EDGE('',*,*,#6374,.T.);
#10616 = ORIENTED_EDGE('',*,*,#10617,.F.);
#10617 = EDGE_CURVE('',#8607,#6375,#10618,.T.);
#10618 = SURFACE_CURVE('',#10619,(#10624,#10630),.PCURVE_S1.);
#10619 = CIRCLE('',#10620,15.);
#10620 = AXIS2_PLACEMENT_3D('',#10621,#10622,#10623);
#10621 = CARTESIAN_POINT('',(-69.73365171013,-109.,105.));
#10622 = DIRECTION('',(0.258819045103,0.,0.965925826289));
#10623 = DIRECTION('',(-0.965925826289,0.,0.258819045103));
#10624 = PCURVE('',#6390,#10625);
#10625 = DEFINITIONAL_REPRESENTATION('',(#10626),#10629);
#10626 = B_SPLINE_CURVE_WITH_KNOTS('',1,(#10627,#10628),.UNSPECIFIED.,
  .F.,.F.,(2,2),(0.,1.570796326795),.PIECEWISE_BEZIER_KNOTS.);
#10627 = CARTESIAN_POINT('',(0.,60.959427809021));
#10628 = CARTESIAN_POINT('',(1.570796326795,60.959427809021));
#10629 = ( GEOMETRIC_REPRESENTATION_CONTEXT(2) 
PARAMETRIC_REPRESENTATION_CONTEXT() REPRESENTATION_CONTEXT('2D SPACE',''
  ) );
#10630 = PCURVE('',#8661,#10631);
#10631 = DEFINITIONAL_REPRESENTATION('',(#10632),#10639);
#10632 = B_SPLINE_CURVE_WITH_KNOTS('',5,(#10633,#10634,#10635,#10636,
    #10637,#10638),.UNSPECIFIED.,.F.,.F.,(6,6),(0.,1.570796326795),
  .PIECEWISE_BEZIER_KNOTS.);
#10633 = CARTESIAN_POINT('',(1.42108547152E-14,60.962049552989));
#10634 = CARTESIAN_POINT('',(20.414041693093,60.962049552988));
#10635 = CARTESIAN_POINT('',(37.52045561566,60.96204955299));
#10636 = CARTESIAN_POINT('',(54.374974401981,60.962049552988));
#10637 = CARTESIAN_POINT('',(71.481432381922,60.962049552989));
#10638 = CARTESIAN_POINT('',(91.895474075015,60.962049552989));
#10639 = ( GEOMETRIC_REPRESENTATION_CONTEXT(2) 
PARAMETRIC_REPRESENTATION_CONTEXT() REPRESENTATION_CONTEXT('2D SPACE',''
  ) );
#10640 = ADVANCED_FACE('',(#10641),#6540,.T.);
#10641 = FACE_BOUND('',#10642,.F.);
#10642 = EDGE_LOOP('',(#10643,#10663,#10664,#10665));
#10643 = ORIENTED_EDGE('',*,*,#10644,.F.);
#10644 = EDGE_CURVE('',#8854,#6492,#10645,.T.);
#10645 = SURFACE_CURVE('',#10646,(#10651,#10657),.PCURVE_S1.);
#10646 = CIRCLE('',#10647,6.);
#10647 = AXIS2_PLACEMENT_3D('',#10648,#10649,#10650);
#10648 = CARTESIAN_POINT('',(25.,-118.,39.));
#10649 = DIRECTION('',(1.,0.,-0.));
#10650 = DIRECTION('',(0.,0.,1.));
#10651 = PCURVE('',#6540,#10652);
#10652 = DEFINITIONAL_REPRESENTATION('',(#10653),#10656);
#10653 = B_SPLINE_CURVE_WITH_KNOTS('',1,(#10654,#10655),.UNSPECIFIED.,
  .F.,.F.,(2,2),(0.,1.570796326795),.PIECEWISE_BEZIER_KNOTS.);
#10654 = CARTESIAN_POINT('',(0.,3.14159265359));
#10655 = CARTESIAN_POINT('',(0.,4.712388980385));
#10656 = ( GEOMETRIC_REPRESENTATION_CONTEXT(2) 
PARAMETRIC_REPRESENTATION_CONTEXT() REPRESENTATION_CONTEXT('2D SPACE',''
  ) );
#10657 = PCURVE('',#6507,#10658);
#10658 = DEFINITIONAL_REPRESENTATION('',(#10659),#10662);
#10659 = B_SPLINE_CURVE_WITH_KNOTS('',1,(#10660,#10661),.UNSPECIFIED.,
  .F.,.F.,(2,2),(0.,1.570796326795),.PIECEWISE_BEZIER_KNOTS.);
#10660 = CARTESIAN_POINT('',(0.,50.));
#10661 = CARTESIAN_POINT('',(1.570796326795,50.));
#10662 = ( GEOMETRIC_REPRESENTATION_CONTEXT(2) 
PARAMETRIC_REPRESENTATION_CONTEXT() REPRESENTATION_CONTEXT('2D SPACE',''
  ) );
#10663 = ORIENTED_EDGE('',*,*,#8853,.T.);
#10664 = ORIENTED_EDGE('',*,*,#10496,.T.);
#10665 = ORIENTED_EDGE('',*,*,#6519,.F.);
#10666 = ADVANCED_FACE('',(#10667),#6418,.T.);
#10667 = FACE_BOUND('',#10668,.T.);
#10668 = EDGE_LOOP('',(#10669,#10670,#10692,#10693));
#10669 = ORIENTED_EDGE('',*,*,#6402,.F.);
#10670 = ORIENTED_EDGE('',*,*,#10671,.F.);
#10671 = EDGE_CURVE('',#8957,#6403,#10672,.T.);
#10672 = SURFACE_CURVE('',#10673,(#10678,#10685),.PCURVE_S1.);
#10673 = CIRCLE('',#10674,60.);
#10674 = AXIS2_PLACEMENT_3D('',#10675,#10676,#10677);
#10675 = CARTESIAN_POINT('',(-39.,-64.,105.));
#10676 = DIRECTION('',(1.,0.,0.));
#10677 = DIRECTION('',(0.,-2.368475785867E-16,1.));
#10678 = PCURVE('',#6418,#10679);
#10679 = DEFINITIONAL_REPRESENTATION('',(#10680),#10684);
#10680 = LINE('',#10681,#10682);
#10681 = CARTESIAN_POINT('',(1.570796326795,6.));
#10682 = VECTOR('',#10683,1.);
#10683 = DIRECTION('',(-1.,-0.));
#10684 = ( GEOMETRIC_REPRESENTATION_CONTEXT(2) 
PARAMETRIC_REPRESENTATION_CONTEXT() REPRESENTATION_CONTEXT('2D SPACE',''
  ) );
#10685 = PCURVE('',#9141,#10686);
#10686 = DEFINITIONAL_REPRESENTATION('',(#10687),#10691);
#10687 = LINE('',#10688,#10689);
#10688 = CARTESIAN_POINT('',(-0.,6.28318530718));
#10689 = VECTOR('',#10690,1.);
#10690 = DIRECTION('',(-1.,0.));
#10691 = ( GEOMETRIC_REPRESENTATION_CONTEXT(2) 
PARAMETRIC_REPRESENTATION_CONTEXT() REPRESENTATION_CONTEXT('2D SPACE',''
  ) );
#10692 = ORIENTED_EDGE('',*,*,#8956,.T.);
#10693 = ORIENTED_EDGE('',*,*,#10694,.F.);
#10694 = EDGE_CURVE('',#6375,#8959,#10695,.T.);
#10695 = SURFACE_CURVE('',#10696,(#10708,#10723),.PCURVE_S1.);
#10696 = ( BOUNDED_CURVE() B_SPLINE_CURVE(10,(#10697,#10698,#10699,
    #10700,#10701,#10702,#10703,#10704,#10705,#10706,#10707),
.UNSPECIFIED.,.F.,.F.) B_SPLINE_CURVE_WITH_KNOTS((11,11),(
60.962049552989,152.857523628),.PIECEWISE_BEZIER_KNOTS.) CURVE() 
GEOMETRIC_REPRESENTATION_ITEM() RATIONAL_B_SPLINE_CURVE((1.,1.,1.,1.,1.,
1.,1.,1.,1.,1.,1.)) REPRESENTATION_ITEM('') );
#10697 = CARTESIAN_POINT('',(-69.73365171013,-124.,105.));
#10698 = CARTESIAN_POINT('',(-67.89064942529,-124.,114.17090639264));
#10699 = CARTESIAN_POINT('',(-66.06678914135,-122.4425559806,
    123.24679243531));
#10700 = CARTESIAN_POINT('',(-64.29566280869,-119.3815342711,
    132.06636788519));
#10701 = CARTESIAN_POINT('',(-62.61077370521,-114.8192817867,
    140.4709602664));
#10702 = CARTESIAN_POINT('',(-61.06345166035,-108.7142713563,
    148.19047819015));
#10703 = CARTESIAN_POINT('',(-59.73138594886,-101.1684010714,
    154.79412525642));
#10704 = CARTESIAN_POINT('',(-58.69966283363,-92.49199437106,
    159.91416734438));
#10705 = CARTESIAN_POINT('',(-58.01211753812,-83.12187296437,
    163.32839409732));
#10706 = CARTESIAN_POINT('',(-57.67593805073,-73.5007193348,165.));
#10707 = CARTESIAN_POINT('',(-57.67593805073,-64.,165.));
#10708 = PCURVE('',#6418,#10709);
#10709 = DEFINITIONAL_REPRESENTATION('',(#10710),#10722);
#10710 = B_SPLINE_CURVE_WITH_KNOTS('',10,(#10711,#10712,#10713,#10714,
    #10715,#10716,#10717,#10718,#10719,#10720,#10721),.UNSPECIFIED.,.F.,
  .F.,(11,11),(60.962049552989,152.857523628),.PIECEWISE_BEZIER_KNOTS.);
#10711 = CARTESIAN_POINT('',(-1.110223024625E-16,36.733651710137));
#10712 = CARTESIAN_POINT('',(0.152848439877,34.890649425295));
#10713 = CARTESIAN_POINT('',(0.304113217818,33.066787467017));
#10714 = CARTESIAN_POINT('',(0.456065789504,31.295669736534));
#10715 = CARTESIAN_POINT('',(0.610625239251,29.610760360182));
#10716 = CARTESIAN_POINT('',(0.768454253126,28.063466458544));
#10717 = CARTESIAN_POINT('',(0.928713134032,26.731376163068));
#10718 = CARTESIAN_POINT('',(1.090420108705,25.699666456241));
#10719 = CARTESIAN_POINT('',(1.252097694419,25.012116956159));
#10720 = CARTESIAN_POINT('',(1.412451004548,24.675938050737));
#10721 = CARTESIAN_POINT('',(1.570796326795,24.675938050736));
#10722 = ( GEOMETRIC_REPRESENTATION_CONTEXT(2) 
PARAMETRIC_REPRESENTATION_CONTEXT() REPRESENTATION_CONTEXT('2D SPACE',''
  ) );
#10723 = PCURVE('',#8661,#10724);
#10724 = DEFINITIONAL_REPRESENTATION('',(#10725),#10729);
#10725 = LINE('',#10726,#10727);
#10726 = CARTESIAN_POINT('',(91.895474075015,0.));
#10727 = VECTOR('',#10728,1.);
#10728 = DIRECTION('',(0.,1.));
#10729 = ( GEOMETRIC_REPRESENTATION_CONTEXT(2) 
PARAMETRIC_REPRESENTATION_CONTEXT() REPRESENTATION_CONTEXT('2D SPACE',''
  ) );
#10730 = ADVANCED_FACE('',(#10731),#6507,.T.);
#10731 = FACE_BOUND('',#10732,.T.);
#10732 = EDGE_LOOP('',(#10733,#10753,#10754,#10755));
#10733 = ORIENTED_EDGE('',*,*,#10734,.T.);
#10734 = EDGE_CURVE('',#9030,#6459,#10735,.T.);
#10735 = SURFACE_CURVE('',#10736,(#10741,#10747),.PCURVE_S1.);
#10736 = CIRCLE('',#10737,6.);
#10737 = AXIS2_PLACEMENT_3D('',#10738,#10739,#10740);
#10738 = CARTESIAN_POINT('',(-25.,-118.,39.));
#10739 = DIRECTION('',(1.,0.,-6.123233995737E-17));
#10740 = DIRECTION('',(-6.123233995737E-17,-0.,-1.));
#10741 = PCURVE('',#6507,#10742);
#10742 = DEFINITIONAL_REPRESENTATION('',(#10743),#10746);
#10743 = B_SPLINE_CURVE_WITH_KNOTS('',1,(#10744,#10745),.UNSPECIFIED.,
  .F.,.F.,(2,2),(3.14159265359,4.712388980385),
  .PIECEWISE_BEZIER_KNOTS.);
#10744 = CARTESIAN_POINT('',(0.,0.));
#10745 = CARTESIAN_POINT('',(1.570796326795,0.));
#10746 = ( GEOMETRIC_REPRESENTATION_CONTEXT(2) 
PARAMETRIC_REPRESENTATION_CONTEXT() REPRESENTATION_CONTEXT('2D SPACE',''
  ) );
#10747 = PCURVE('',#6479,#10748);
#10748 = DEFINITIONAL_REPRESENTATION('',(#10749),#10752);
#10749 = B_SPLINE_CURVE_WITH_KNOTS('',1,(#10750,#10751),.UNSPECIFIED.,
  .F.,.F.,(2,2),(3.14159265359,4.712388980385),
  .PIECEWISE_BEZIER_KNOTS.);
#10750 = CARTESIAN_POINT('',(-1.570796326795,3.14159265359));
#10751 = CARTESIAN_POINT('',(-1.570796326795,4.712388980385));
#10752 = ( GEOMETRIC_REPRESENTATION_CONTEXT(2) 
PARAMETRIC_REPRESENTATION_CONTEXT() REPRESENTATION_CONTEXT('2D SPACE',''
  ) );
#10753 = ORIENTED_EDGE('',*,*,#6491,.T.);
#10754 = ORIENTED_EDGE('',*,*,#10644,.F.);
#10755 = ORIENTED_EDGE('',*,*,#9052,.F.);
#10756 = ADVANCED_FACE('',(#10757),#6446,.T.);
#10757 = FACE_BOUND('',#10758,.T.);
#10758 = EDGE_LOOP('',(#10759,#10779,#10780,#10800));
#10759 = ORIENTED_EDGE('',*,*,#10760,.T.);
#10760 = EDGE_CURVE('',#9125,#6403,#10761,.T.);
#10761 = SURFACE_CURVE('',#10762,(#10767,#10773),.PCURVE_S1.);
#10762 = CIRCLE('',#10763,6.);
#10763 = AXIS2_PLACEMENT_3D('',#10764,#10765,#10766);
#10764 = CARTESIAN_POINT('',(-39.,-118.,105.));
#10765 = DIRECTION('',(0.,-4.64293662957E-17,-1.));
#10766 = DIRECTION('',(0.,-1.,4.64293662957E-17));
#10767 = PCURVE('',#6446,#10768);
#10768 = DEFINITIONAL_REPRESENTATION('',(#10769),#10772);
#10769 = B_SPLINE_CURVE_WITH_KNOTS('',1,(#10770,#10771),.UNSPECIFIED.,
  .F.,.F.,(2,2),(4.712388980385,6.28318530718),
  .PIECEWISE_BEZIER_KNOTS.);
#10770 = CARTESIAN_POINT('',(0.,0.));
#10771 = CARTESIAN_POINT('',(1.570796326795,0.));
#10772 = ( GEOMETRIC_REPRESENTATION_CONTEXT(2) 
PARAMETRIC_REPRESENTATION_CONTEXT() REPRESENTATION_CONTEXT('2D SPACE',''
  ) );
#10773 = PCURVE('',#9141,#10774);
#10774 = DEFINITIONAL_REPRESENTATION('',(#10775),#10778);
#10775 = B_SPLINE_CURVE_WITH_KNOTS('',1,(#10776,#10777),.UNSPECIFIED.,
  .F.,.F.,(2,2),(4.712388980385,6.28318530718),
  .PIECEWISE_BEZIER_KNOTS.);
#10776 = CARTESIAN_POINT('',(-1.570796326795,4.712388980385));
#10777 = CARTESIAN_POINT('',(-1.570796326795,6.28318530718));
#10778 = ( GEOMETRIC_REPRESENTATION_CONTEXT(2) 
PARAMETRIC_REPRESENTATION_CONTEXT() REPRESENTATION_CONTEXT('2D SPACE',''
  ) );
#10779 = ORIENTED_EDGE('',*,*,#6430,.T.);
#10780 = ORIENTED_EDGE('',*,*,#10781,.F.);
#10781 = EDGE_CURVE('',#9077,#6431,#10782,.T.);
#10782 = SURFACE_CURVE('',#10783,(#10788,#10794),.PCURVE_S1.);
#10783 = CIRCLE('',#10784,6.);
#10784 = AXIS2_PLACEMENT_3D('',#10785,#10786,#10787);
#10785 = CARTESIAN_POINT('',(-39.,-118.,53.));
#10786 = DIRECTION('',(-0.,0.,-1.));
#10787 = DIRECTION('',(1.,0.,-0.));
#10788 = PCURVE('',#6446,#10789);
#10789 = DEFINITIONAL_REPRESENTATION('',(#10790),#10793);
#10790 = B_SPLINE_CURVE_WITH_KNOTS('',1,(#10791,#10792),.UNSPECIFIED.,
  .F.,.F.,(2,2),(0.,1.570796326795),.PIECEWISE_BEZIER_KNOTS.);
#10791 = CARTESIAN_POINT('',(0.,52.));
#10792 = CARTESIAN_POINT('',(1.570796326795,52.));
#10793 = ( GEOMETRIC_REPRESENTATION_CONTEXT(2) 
PARAMETRIC_REPRESENTATION_CONTEXT() REPRESENTATION_CONTEXT('2D SPACE',''
  ) );
#10794 = PCURVE('',#6479,#10795);
#10795 = DEFINITIONAL_REPRESENTATION('',(#10796),#10799);
#10796 = B_SPLINE_CURVE_WITH_KNOTS('',1,(#10797,#10798),.UNSPECIFIED.,
  .F.,.F.,(2,2),(0.,1.570796326795),.PIECEWISE_BEZIER_KNOTS.);
#10797 = CARTESIAN_POINT('',(0.,3.14159265359));
#10798 = CARTESIAN_POINT('',(0.,4.712388980385));
#10799 = ( GEOMETRIC_REPRESENTATION_CONTEXT(2) 
PARAMETRIC_REPRESENTATION_CONTEXT() REPRESENTATION_CONTEXT('2D SPACE',''
  ) );
#10800 = ORIENTED_EDGE('',*,*,#9153,.F.);
#10801 = ADVANCED_FACE('',(#10802),#6479,.T.);
#10802 = FACE_BOUND('',#10803,.F.);
#10803 = EDGE_LOOP('',(#10804,#10805,#10806,#10807));
#10804 = ORIENTED_EDGE('',*,*,#10781,.F.);
#10805 = ORIENTED_EDGE('',*,*,#9178,.T.);
#10806 = ORIENTED_EDGE('',*,*,#10734,.T.);
#10807 = ORIENTED_EDGE('',*,*,#6458,.F.);
#10808 = ADVANCED_FACE('',(#10809),#7942,.T.);
#10809 = FACE_BOUND('',#10810,.T.);
#10810 = EDGE_LOOP('',(#10811,#10887,#10888,#10889));
#10811 = ORIENTED_EDGE('',*,*,#10812,.T.);
#10812 = EDGE_CURVE('',#7885,#8396,#10813,.T.);
#10813 = SURFACE_CURVE('',#10814,(#10819,#10881),.PCURVE_S1.);
#10814 = CIRCLE('',#10815,15.);
#10815 = AXIS2_PLACEMENT_3D('',#10816,#10817,#10818);
#10816 = CARTESIAN_POINT('',(57.675938050736,-64.,150.));
#10817 = DIRECTION('',(0.,-1.,0.));
#10818 = DIRECTION('',(0.965925826289,0.,0.258819045103));
#10819 = PCURVE('',#7942,#10820);
#10820 = DEFINITIONAL_REPRESENTATION('',(#10821),#10880);
#10821 = B_SPLINE_CURVE_WITH_KNOTS('',8,(#10822,#10823,#10824,#10825,
    #10826,#10827,#10828,#10829,#10830,#10831,#10832,#10833,#10834,
    #10835,#10836,#10837,#10838,#10839,#10840,#10841,#10842,#10843,
    #10844,#10845,#10846,#10847,#10848,#10849,#10850,#10851,#10852,
    #10853,#10854,#10855,#10856,#10857,#10858,#10859,#10860,#10861,
    #10862,#10863,#10864,#10865,#10866,#10867,#10868,#10869,#10870,
    #10871,#10872,#10873,#10874,#10875,#10876,#10877,#10878,#10879),
  .UNSPECIFIED.,.F.,.F.,(9,7,7,7,7,7,7,7,9),(0.,0.163624617374,
    0.327249234749,0.490873852123,0.654498469498,0.818123086872,
    0.981747704247,1.145372321621,1.308996938996),.UNSPECIFIED.);
#10822 = CARTESIAN_POINT('',(0.,280.857523628));
#10823 = CARTESIAN_POINT('',(1.543745327342,280.857523628));
#10824 = CARTESIAN_POINT('',(3.075241518084,280.857523628));
#10825 = CARTESIAN_POINT('',(4.595150510763,280.857523628));
#10826 = CARTESIAN_POINT('',(6.104108929572,280.857523628));
#10827 = CARTESIAN_POINT('',(7.602730276885,280.857523628));
#10828 = CARTESIAN_POINT('',(9.091607125801,280.857523628));
#10829 = CARTESIAN_POINT('',(10.571313312672,280.857523628));
#10830 = CARTESIAN_POINT('',(13.513498946603,280.857523628));
#10831 = CARTESIAN_POINT('',(14.975978566859,280.857523628));
#10832 = CARTESIAN_POINT('',(16.430399331425,280.857523628));
#10833 = CARTESIAN_POINT('',(17.877312740369,280.857523628));
#10834 = CARTESIAN_POINT('',(19.317223700168,280.857523628));
#10835 = CARTESIAN_POINT('',(20.750661935908,280.857523628));
#10836 = CARTESIAN_POINT('',(22.178123137318,280.857523628));
#10837 = CARTESIAN_POINT('',(25.022067913629,280.857523628));
#10838 = CARTESIAN_POINT('',(26.438551358707,280.85752362801));
#10839 = CARTESIAN_POINT('',(27.850039118378,280.85752362799));
#10840 = CARTESIAN_POINT('',(29.257012754789,280.85752362802));
#10841 = CARTESIAN_POINT('',(30.659932025423,280.85752362798));
#10842 = CARTESIAN_POINT('',(32.059275808273,280.85752362801));
#10843 = CARTESIAN_POINT('',(33.455493513451,280.857523628));
#10844 = CARTESIAN_POINT('',(36.242587486009,280.857523628));
#10845 = CARTESIAN_POINT('',(37.633463557067,280.857523628));
#10846 = CARTESIAN_POINT('',(39.022121813931,280.857523628));
#10847 = CARTESIAN_POINT('',(40.409010576683,280.857523628));
#10848 = CARTESIAN_POINT('',(41.794574585945,280.857523628));
#10849 = CARTESIAN_POINT('',(43.179256204308,280.857523628));
#10850 = CARTESIAN_POINT('',(44.563496617839,280.857523628));
#10851 = CARTESIAN_POINT('',(47.331977457176,280.857523628));
#10852 = CARTESIAN_POINT('',(48.716217870708,280.85752362801));
#10853 = CARTESIAN_POINT('',(50.100899489068,280.85752362799));
#10854 = CARTESIAN_POINT('',(51.486463498335,280.85752362801));
#10855 = CARTESIAN_POINT('',(52.873352261082,280.85752362799));
#10856 = CARTESIAN_POINT('',(54.262010517949,280.857523628));
#10857 = CARTESIAN_POINT('',(55.652886589006,280.857523628));
#10858 = CARTESIAN_POINT('',(58.439980561564,280.857523628));
#10859 = CARTESIAN_POINT('',(59.836198266743,280.857523628));
#10860 = CARTESIAN_POINT('',(61.23554204959,280.85752362799));
#10861 = CARTESIAN_POINT('',(62.638461320229,280.85752362801));
#10862 = CARTESIAN_POINT('',(64.045434956634,280.85752362799));
#10863 = CARTESIAN_POINT('',(65.456922716309,280.857523628));
#10864 = CARTESIAN_POINT('',(66.873406161386,280.857523628));
#10865 = CARTESIAN_POINT('',(69.717350937697,280.857523628));
#10866 = CARTESIAN_POINT('',(71.144812139109,280.85752362799));
#10867 = CARTESIAN_POINT('',(72.578250374843,280.85752362801));
#10868 = CARTESIAN_POINT('',(74.018161334648,280.85752362799));
#10869 = CARTESIAN_POINT('',(75.465074743588,280.85752362801));
#10870 = CARTESIAN_POINT('',(76.919495508157,280.857523628));
#10871 = CARTESIAN_POINT('',(78.381975128412,280.857523628));
#10872 = CARTESIAN_POINT('',(81.324160762344,280.857523628));
#10873 = CARTESIAN_POINT('',(82.803866949213,280.85752362799));
#10874 = CARTESIAN_POINT('',(84.292743798132,280.85752362801));
#10875 = CARTESIAN_POINT('',(85.791365145441,280.85752362799));
#10876 = CARTESIAN_POINT('',(87.300323564254,280.85752362801));
#10877 = CARTESIAN_POINT('',(88.820232556931,280.857523628));
#10878 = CARTESIAN_POINT('',(90.351728747673,280.857523628));
#10879 = CARTESIAN_POINT('',(91.895474075015,280.857523628));
#10880 = ( GEOMETRIC_REPRESENTATION_CONTEXT(2) 
PARAMETRIC_REPRESENTATION_CONTEXT() REPRESENTATION_CONTEXT('2D SPACE',''
  ) );
#10881 = PCURVE('',#7900,#10882);
#10882 = DEFINITIONAL_REPRESENTATION('',(#10883),#10886);
#10883 = B_SPLINE_CURVE_WITH_KNOTS('',1,(#10884,#10885),.UNSPECIFIED.,
  .F.,.F.,(2,2),(0.,1.308996938996),.PIECEWISE_BEZIER_KNOTS.);
#10884 = CARTESIAN_POINT('',(0.,128.));
#10885 = CARTESIAN_POINT('',(1.308996938996,128.));
#10886 = ( GEOMETRIC_REPRESENTATION_CONTEXT(2) 
PARAMETRIC_REPRESENTATION_CONTEXT() REPRESENTATION_CONTEXT('2D SPACE',''
  ) );
#10887 = ORIENTED_EDGE('',*,*,#9989,.T.);
#10888 = ORIENTED_EDGE('',*,*,#9927,.F.);
#10889 = ORIENTED_EDGE('',*,*,#7912,.F.);
#10890 = ADVANCED_FACE('',(#10891),#7900,.T.);
#10891 = FACE_BOUND('',#10892,.T.);
#10892 = EDGE_LOOP('',(#10893,#10894,#10895,#10896));
#10893 = ORIENTED_EDGE('',*,*,#7988,.T.);
#10894 = ORIENTED_EDGE('',*,*,#8418,.T.);
#10895 = ORIENTED_EDGE('',*,*,#10812,.F.);
#10896 = ORIENTED_EDGE('',*,*,#7884,.F.);
#10897 = ADVANCED_FACE('',(#10898),#8298,.F.);
#10898 = FACE_BOUND('',#10899,.F.);
#10899 = EDGE_LOOP('',(#10900,#10901,#10902,#10950));
#10900 = ORIENTED_EDGE('',*,*,#8445,.T.);
#10901 = ORIENTED_EDGE('',*,*,#8583,.T.);
#10902 = ORIENTED_EDGE('',*,*,#10903,.F.);
#10903 = EDGE_CURVE('',#8157,#8584,#10904,.T.);
#10904 = SURFACE_CURVE('',#10905,(#10910,#10916),.PCURVE_S1.);
#10905 = CIRCLE('',#10906,28.);
#10906 = AXIS2_PLACEMENT_3D('',#10907,#10908,#10909);
#10907 = CARTESIAN_POINT('',(-121.4851556634,-109.,78.));
#10908 = DIRECTION('',(0.,-1.,0.));
#10909 = DIRECTION('',(-0.,-0.,-1.));
#10910 = PCURVE('',#8298,#10911);
#10911 = DEFINITIONAL_REPRESENTATION('',(#10912),#10915);
#10912 = B_SPLINE_CURVE_WITH_KNOTS('',1,(#10913,#10914),.UNSPECIFIED.,
  .F.,.F.,(2,2),(0.,1.308996938996),.PIECEWISE_BEZIER_KNOTS.);
#10913 = CARTESIAN_POINT('',(0.,218.));
#10914 = CARTESIAN_POINT('',(1.308996938996,218.));
#10915 = ( GEOMETRIC_REPRESENTATION_CONTEXT(2) 
PARAMETRIC_REPRESENTATION_CONTEXT() REPRESENTATION_CONTEXT('2D SPACE',''
  ) );
#10916 = PCURVE('',#8210,#10917);
#10917 = DEFINITIONAL_REPRESENTATION('',(#10918),#10949);
#10918 = B_SPLINE_CURVE_WITH_KNOTS('',8,(#10919,#10920,#10921,#10922,
    #10923,#10924,#10925,#10926,#10927,#10928,#10929,#10930,#10931,
    #10932,#10933,#10934,#10935,#10936,#10937,#10938,#10939,#10940,
    #10941,#10942,#10943,#10944,#10945,#10946,#10947,#10948),
  .UNSPECIFIED.,.F.,.F.,(9,7,7,7,9),(0.,0.327249234749,0.654498469498,
    0.981747704247,1.308996938996),.UNSPECIFIED.);
#10919 = CARTESIAN_POINT('',(-4.440892098501E-16,241.97933342636));
#10920 = CARTESIAN_POINT('',(1.007381326767,241.97933342636));
#10921 = CARTESIAN_POINT('',(1.998776137903,241.97933342636));
#10922 = CARTESIAN_POINT('',(2.975912409383,241.97933342635));
#10923 = CARTESIAN_POINT('',(3.940385071264,241.97933342636));
#10924 = CARTESIAN_POINT('',(4.893681411667,241.97933342635));
#10925 = CARTESIAN_POINT('',(5.837202757583,241.97933342636));
#10926 = CARTESIAN_POINT('',(6.772282432495,241.97933342636));
#10927 = CARTESIAN_POINT('',(8.628117549162,241.97933342636));
#10928 = CARTESIAN_POINT('',(9.548873033501,241.97933342636));
#10929 = CARTESIAN_POINT('',(10.463747014071,241.97933342635));
#10930 = CARTESIAN_POINT('',(11.373962469562,241.97933342637));
#10931 = CARTESIAN_POINT('',(12.280714438499,241.97933342635));
#10932 = CARTESIAN_POINT('',(13.185160550968,241.97933342636));
#10933 = CARTESIAN_POINT('',(14.088456050149,241.97933342636));
#10934 = CARTESIAN_POINT('',(15.895046720032,241.97933342636));
#10935 = CARTESIAN_POINT('',(16.798342219212,241.97933342636));
#10936 = CARTESIAN_POINT('',(17.702788331681,241.97933342636));
#10937 = CARTESIAN_POINT('',(18.609540300618,241.97933342636));
#10938 = CARTESIAN_POINT('',(19.519755756109,241.97933342635));
#10939 = CARTESIAN_POINT('',(20.434629736679,241.97933342636));
#10940 = CARTESIAN_POINT('',(21.355385221018,241.97933342636));
#10941 = CARTESIAN_POINT('',(23.211220337686,241.97933342636));
#10942 = CARTESIAN_POINT('',(24.146300012598,241.97933342636));
#10943 = CARTESIAN_POINT('',(25.089821358514,241.97933342636));
#10944 = CARTESIAN_POINT('',(26.043117698917,241.97933342636));
#10945 = CARTESIAN_POINT('',(27.007590360798,241.97933342636));
#10946 = CARTESIAN_POINT('',(27.984726632277,241.97933342636));
#10947 = CARTESIAN_POINT('',(28.976121443413,241.97933342636));
#10948 = CARTESIAN_POINT('',(29.98350277018,241.97933342636));
#10949 = ( GEOMETRIC_REPRESENTATION_CONTEXT(2) 
PARAMETRIC_REPRESENTATION_CONTEXT() REPRESENTATION_CONTEXT('2D SPACE',''
  ) );
#10950 = ORIENTED_EDGE('',*,*,#8284,.F.);
#10951 = ADVANCED_FACE('',(#10952),#8210,.F.);
#10952 = FACE_BOUND('',#10953,.F.);
#10953 = EDGE_LOOP('',(#10954,#10955,#10956,#10957));
#10954 = ORIENTED_EDGE('',*,*,#8156,.F.);
#10955 = ORIENTED_EDGE('',*,*,#10903,.T.);
#10956 = ORIENTED_EDGE('',*,*,#10542,.T.);
#10957 = ORIENTED_EDGE('',*,*,#10052,.T.);
#10958 = ADVANCED_FACE('',(#10959),#8329,.T.);
#10959 = FACE_BOUND('',#10960,.T.);
#10960 = EDGE_LOOP('',(#10961,#10981,#10982,#10983));
#10961 = ORIENTED_EDGE('',*,*,#10962,.T.);
#10962 = EDGE_CURVE('',#8503,#8373,#10963,.T.);
#10963 = SURFACE_CURVE('',#10964,(#10969,#10975),.PCURVE_S1.);
#10964 = CIRCLE('',#10965,6.);
#10965 = AXIS2_PLACEMENT_3D('',#10966,#10967,#10968);
#10966 = CARTESIAN_POINT('',(39.,-64.,159.));
#10967 = DIRECTION('',(-0.,1.,0.));
#10968 = DIRECTION('',(-1.,-0.,0.));
#10969 = PCURVE('',#8329,#10970);
#10970 = DEFINITIONAL_REPRESENTATION('',(#10971),#10974);
#10971 = B_SPLINE_CURVE_WITH_KNOTS('',1,(#10972,#10973),.UNSPECIFIED.,
  .F.,.F.,(2,2),(0.,1.570796326795),.PIECEWISE_BEZIER_KNOTS.);
#10972 = CARTESIAN_POINT('',(0.,0.));
#10973 = CARTESIAN_POINT('',(1.570796326795,0.));
#10974 = ( GEOMETRIC_REPRESENTATION_CONTEXT(2) 
PARAMETRIC_REPRESENTATION_CONTEXT() REPRESENTATION_CONTEXT('2D SPACE',''
  ) );
#10975 = PCURVE('',#8546,#10976);
#10976 = DEFINITIONAL_REPRESENTATION('',(#10977),#10980);
#10977 = B_SPLINE_CURVE_WITH_KNOTS('',1,(#10978,#10979),.UNSPECIFIED.,
  .F.,.F.,(2,2),(0.,1.570796326795),.PIECEWISE_BEZIER_KNOTS.);
#10978 = CARTESIAN_POINT('',(-1.570796326795,4.712388980385));
#10979 = CARTESIAN_POINT('',(-1.570796326795,6.28318530718));
#10980 = ( GEOMETRIC_REPRESENTATION_CONTEXT(2) 
PARAMETRIC_REPRESENTATION_CONTEXT() REPRESENTATION_CONTEXT('2D SPACE',''
  ) );
#10981 = ORIENTED_EDGE('',*,*,#8372,.T.);
#10982 = ORIENTED_EDGE('',*,*,#8313,.F.);
#10983 = ORIENTED_EDGE('',*,*,#8502,.F.);
#10984 = ADVANCED_FACE('',(#10985),#8546,.T.);
#10985 = FACE_BOUND('',#10986,.F.);
#10986 = EDGE_LOOP('',(#10987,#10988,#10989,#10990));
#10987 = ORIENTED_EDGE('',*,*,#10517,.F.);
#10988 = ORIENTED_EDGE('',*,*,#8525,.T.);
#10989 = ORIENTED_EDGE('',*,*,#10962,.T.);
#10990 = ORIENTED_EDGE('',*,*,#10027,.F.);
#10991 = ADVANCED_FACE('',(#10992),#8718,.T.);
#10992 = FACE_BOUND('',#10993,.T.);
#10993 = EDGE_LOOP('',(#10994,#11021,#11022,#11023));
#10994 = ORIENTED_EDGE('',*,*,#10995,.T.);
#10995 = EDGE_CURVE('',#8630,#8959,#10996,.T.);
#10996 = SURFACE_CURVE('',#10997,(#11001,#11015),.PCURVE_S1.);
#10997 = ( BOUNDED_CURVE() B_SPLINE_CURVE(2,(#10998,#10999,#11000),
.UNSPECIFIED.,.F.,.F.) B_SPLINE_CURVE_WITH_KNOTS((3,3),(0.,
91.895474075015),.PIECEWISE_BEZIER_KNOTS.) CURVE() 
GEOMETRIC_REPRESENTATION_ITEM() RATIONAL_B_SPLINE_CURVE((1.,
0.793353340291,1.)) REPRESENTATION_ITEM('') );
#10998 = CARTESIAN_POINT('',(-72.16482544507,-64.,153.88228567653));
#10999 = CARTESIAN_POINT('',(-69.18584287042,-64.,165.));
#11000 = CARTESIAN_POINT('',(-57.67593805073,-64.,165.));
#11001 = PCURVE('',#8718,#11002);
#11002 = DEFINITIONAL_REPRESENTATION('',(#11003),#11014);
#11003 = B_SPLINE_CURVE_WITH_KNOTS('',9,(#11004,#11005,#11006,#11007,
    #11008,#11009,#11010,#11011,#11012,#11013),.UNSPECIFIED.,.F.,.F.,(10
    ,10),(0.,91.895474075015),.PIECEWISE_BEZIER_KNOTS.);
#11004 = CARTESIAN_POINT('',(6.661338147751E-16,0.));
#11005 = CARTESIAN_POINT('',(0.135280317557,0.));
#11006 = CARTESIAN_POINT('',(0.277549342265,0.));
#11007 = CARTESIAN_POINT('',(0.425636543433,0.));
#11008 = CARTESIAN_POINT('',(0.577710383754,0.));
#11009 = CARTESIAN_POINT('',(0.731286555242,0.));
#11010 = CARTESIAN_POINT('',(0.883360395563,0.));
#11011 = CARTESIAN_POINT('',(1.031447596731,0.));
#11012 = CARTESIAN_POINT('',(1.173716621438,0.));
#11013 = CARTESIAN_POINT('',(1.308996938996,0.));
#11014 = ( GEOMETRIC_REPRESENTATION_CONTEXT(2) 
PARAMETRIC_REPRESENTATION_CONTEXT() REPRESENTATION_CONTEXT('2D SPACE',''
  ) );
#11015 = PCURVE('',#8661,#11016);
#11016 = DEFINITIONAL_REPRESENTATION('',(#11017),#11020);
#11017 = B_SPLINE_CURVE_WITH_KNOTS('',1,(#11018,#11019),.UNSPECIFIED.,
  .F.,.F.,(2,2),(0.,91.895474075015),.PIECEWISE_BEZIER_KNOTS.);
#11018 = CARTESIAN_POINT('',(0.,152.857523628));
#11019 = CARTESIAN_POINT('',(91.895474075015,152.857523628));
#11020 = ( GEOMETRIC_REPRESENTATION_CONTEXT(2) 
PARAMETRIC_REPRESENTATION_CONTEXT() REPRESENTATION_CONTEXT('2D SPACE',''
  ) );
#11021 = ORIENTED_EDGE('',*,*,#9003,.T.);
#11022 = ORIENTED_EDGE('',*,*,#8770,.F.);
#11023 = ORIENTED_EDGE('',*,*,#8702,.F.);
#11024 = ADVANCED_FACE('',(#11025),#8661,.T.);
#11025 = FACE_BOUND('',#11026,.T.);
#11026 = EDGE_LOOP('',(#11027,#11028,#11029,#11030));
#11027 = ORIENTED_EDGE('',*,*,#10617,.T.);
#11028 = ORIENTED_EDGE('',*,*,#10694,.T.);
#11029 = ORIENTED_EDGE('',*,*,#10995,.F.);
#11030 = ORIENTED_EDGE('',*,*,#8629,.F.);
#11031 = ADVANCED_FACE('',(#11032),#8941,.T.);
#11032 = FACE_BOUND('',#11033,.T.);
#11033 = EDGE_LOOP('',(#11034,#11035,#11036,#11056));
#11034 = ORIENTED_EDGE('',*,*,#8927,.T.);
#11035 = ORIENTED_EDGE('',*,*,#8981,.T.);
#11036 = ORIENTED_EDGE('',*,*,#11037,.F.);
#11037 = EDGE_CURVE('',#9102,#8957,#11038,.T.);
#11038 = SURFACE_CURVE('',#11039,(#11044,#11050),.PCURVE_S1.);
#11039 = CIRCLE('',#11040,6.);
#11040 = AXIS2_PLACEMENT_3D('',#11041,#11042,#11043);
#11041 = CARTESIAN_POINT('',(-39.,-64.,159.));
#11042 = DIRECTION('',(0.,-1.,-0.));
#11043 = DIRECTION('',(1.,0.,0.));
#11044 = PCURVE('',#8941,#11045);
#11045 = DEFINITIONAL_REPRESENTATION('',(#11046),#11049);
#11046 = B_SPLINE_CURVE_WITH_KNOTS('',1,(#11047,#11048),.UNSPECIFIED.,
  .F.,.F.,(2,2),(0.,1.570796326795),.PIECEWISE_BEZIER_KNOTS.);
#11047 = CARTESIAN_POINT('',(0.,128.));
#11048 = CARTESIAN_POINT('',(1.570796326795,128.));
#11049 = ( GEOMETRIC_REPRESENTATION_CONTEXT(2) 
PARAMETRIC_REPRESENTATION_CONTEXT() REPRESENTATION_CONTEXT('2D SPACE',''
  ) );
#11050 = PCURVE('',#9141,#11051);
#11051 = DEFINITIONAL_REPRESENTATION('',(#11052),#11055);
#11052 = B_SPLINE_CURVE_WITH_KNOTS('',1,(#11053,#11054),.UNSPECIFIED.,
  .F.,.F.,(2,2),(0.,1.570796326795),.PIECEWISE_BEZIER_KNOTS.);
#11053 = CARTESIAN_POINT('',(2.22044604925E-16,4.712388980385));
#11054 = CARTESIAN_POINT('',(2.22044604925E-16,6.28318530718));
#11055 = ( GEOMETRIC_REPRESENTATION_CONTEXT(2) 
PARAMETRIC_REPRESENTATION_CONTEXT() REPRESENTATION_CONTEXT('2D SPACE',''
  ) );
#11056 = ORIENTED_EDGE('',*,*,#9101,.F.);
#11057 = ADVANCED_FACE('',(#11058),#9141,.T.);
#11058 = FACE_BOUND('',#11059,.F.);
#11059 = EDGE_LOOP('',(#11060,#11061,#11062,#11063));
#11060 = ORIENTED_EDGE('',*,*,#11037,.F.);
#11061 = ORIENTED_EDGE('',*,*,#9124,.T.);
#11062 = ORIENTED_EDGE('',*,*,#10760,.T.);
#11063 = ORIENTED_EDGE('',*,*,#10671,.F.);
#11064 = ( GEOMETRIC_REPRESENTATION_CONTEXT(3) 
GLOBAL_UNCERTAINTY_ASSIGNED_CONTEXT((#11068)) 
GLOBAL_UNIT_ASSIGNED_CONTEXT((#11065,#11066,#11067)) 
REPRESENTATION_CONTEXT('Context #1',
  '3D Context with UNIT and UNCERTAINTY') );
#11065 = ( LENGTH_UNIT() NAMED_UNIT(*) SI_UNIT(.MILLI.,.METRE.) );
#11066 = ( NAMED_UNIT(*) PLANE_ANGLE_UNIT() SI_UNIT($,.RADIAN.) );
#11067 = ( NAMED_UNIT(*) SI_UNIT($,.STERADIAN.) SOLID_ANGLE_UNIT() );
#11068 = UNCERTAINTY_MEASURE_WITH_UNIT(LENGTH_MEASURE(1.E-03),#11065,
  'distance_accuracy_value','confusion accuracy');
#11069 = PRODUCT_RELATED_PRODUCT_CATEGORY('part',$,(#7));
ENDSEC;
END-ISO-10303-21;
